ID,Levy,Manufacturer,Model,Prod. year,Category,Leather interior,Fuel type,Engine volume,Mileage,Cylinders,Gear box type,Drive wheels,Doors,Wheel,Color,Airbags,Price,PredictedPrice
24367759,0,MERCEDES-BENZ,Sprinter 516,2013,Microbus,Yes,Diesel,2.2 T,225000,6,Manual,Rear,2-3,Left wheel,White,4,85702.0,123066.51882337523
26248496,0,MERCEDES-BENZ,Sprinter,2022,Microbus,Yes,Diesel,3.2 T,666000,6,Manual,Rear,4-5,Left wheel,Silver,2,150.0,-24216.658577695598
26556126,0,ROLLS-ROYCE,Phantom,2022,Cabriolet,Yes,Petrol,5,586200,8,Automatic,Rear,4-5,Left wheel,Silver,0,157.0,-3441.58542803982
29267633,0,MERCEDES-BENZ,E 320,2022,Sedan,Yes,Petrol,3.2,629400,6,Tiptronic,Rear,4-5,Left wheel,Black,8,120.0,2302.6108409395965
30601481,0,MERCEDES-BENZ,S 55 5.5,2022,Sedan,Yes,Petrol,5.5,113401,8,Tiptronic,4x4,4-5,Left wheel,Black,12,150.0,27871.607447547383
32495123,0,TOYOTA,Prius C,2008,Hatchback,No,Hybrid,1.5,328800,4,Automatic,Front,4-5,Left wheel,Orange,10,16621.0,25436.210636827083
33606010,0,MITSUBISHI,Pajero IO,2022,Jeep,No,Petrol,2,638300,4,Automatic,4x4,4-5,Left wheel,White,0,80.0,-2248.0772093924497
36987589,1268,TOYOTA,Aqua,2014,Hatchback,No,Petrol,1.5,553200,4,Automatic,Front,4-5,Right-hand drive,Black,6,9408.0,-4729.784013135286
37784235,0,HYUNDAI,IX35,1997,Jeep,No,Petrol,2,97100,4,Tiptronic,4x4,4-5,Left wheel,Silver,12,31047.0,31253.87576475973
38606596,0,CHRYSLER,300,1998,Limousine,Yes,Petrol,3.5,159300,6,Automatic,Front,4-5,Left wheel,Pink,2,29793.0,73819.88862401785
39981079,0,MERCEDES-BENZ,Sprinter,1985,Microbus,No,Diesel,2.2 T,0,4,Tiptronic,Rear,4-5,Left wheel,Silver,2,45473.0,38913.80578218333
40379701,0,BMW,530 GT,1995,Hatchback,Yes,Diesel,3,137100,6,Automatic,Rear,4-5,Left wheel,Silver,10,30800.0,50671.036364357955
40533401,0,MERCEDES-BENZ,C 200,2014,Sedan,Yes,Diesel,1.6 T,205000,4,Tiptronic,Rear,4-5,Left wheel,Blue,6,53314.0,46263.740650993146
40585671,0,HYUNDAI,Sonata,2022,Sedan,No,Petrol,2.4,653700,4,Tiptronic,Front,4-5,Left wheel,Silver,8,80.0,5668.373342530282
40648715,0,PORSCHE,macan S,2015,Jeep,Yes,Petrol,3.0 T,82500,6,Tiptronic,4x4,4-5,Left wheel,Grey,12,103178.0,57723.97048988282
40663470,0,BMW,640,2012,Coupe,Yes,Petrol,3.0 T,73600,6,Automatic,Rear,2-3,Left wheel,Black,12,50178.0,58085.90716189916
40771720,0,TOYOTA,Sienna,2022,Minivan,No,Petrol,3.3,754900,4,Automatic,Front,4-5,Left wheel,Brown,4,80.0,13863.965266483723
41228647,0,MERCEDES-BENZ,ML 300,2015,Jeep,Yes,Petrol,3.0 T,66000,12,Tiptronic,4x4,4-5,Left wheel,Black,10,89379.0,28274.920221079847
41249712,0,HYUNDAI,Elantra,2022,Sedan,Yes,Petrol,1.8,659500,4,Automatic,Front,4-5,Left wheel,Carnelian red,8,70.0,5110.4306401783
41378450,1185,FORD,Escape,2007,Jeep,No,Hybrid,2.5,347600,4,Automatic,4x4,4-5,Left wheel,Black,12,17562.0,13470.087241146815
41911644,1111,HONDA,FIT,2014,Hatchback,Yes,Hybrid,1.3,625600,4,Variator,Front,4-5,Right-hand drive,Black,4,7840.0,-8334.481765632365
41962293,0,BMW,M6,1991,Coupe,Yes,Petrol,5,0,10,Tiptronic,Rear,2-3,Left wheel,Black,12,37633.0,177048.38337223325
42032006,0,BMW,318,2022,Coupe,No,Petrol,1.8,682600,4,Tiptronic,Rear,2-3,Right-hand drive,Silver,8,50.0,15490.627375282993
42199195,642,FORD,C-MAX SE,2009,Hatchback,No,Hybrid,2,437800,4,Automatic,Front,4-5,Left wheel,Green,8,14269.0,10538.185204756937
42204519,0,PORSCHE,911 meqanika,1992,Coupe,Yes,Petrol,3.4,75400,6,Manual,Rear,2-3,Left wheel,Silver,8,37354.0,37688.987835623084
42249585,0,MERCEDES-BENZ,G 55 AMG,2003,Jeep,Yes,Petrol,5.5 T,137500,8,Automatic,4x4,4-5,Left wheel,Silver,8,87811.0,23955.688260495786
42265660,0,MERCEDES-BENZ,E 220 W210...CDI,2006,Sedan,No,Diesel,2.0 T,476100,4,Tiptronic,Rear,4-5,Left wheel,Black,6,16725.0,15964.861241776774
42285726,0,MERCEDES-BENZ,ML 550 4.7,2012,Jeep,Yes,Petrol,4.7 T,167000,8,Tiptronic,4x4,4-5,Left wheel,Black,10,75266.0,55058.8909829295
42328444,0,TOYOTA,Prius,2022,Sedan,No,Hybrid,1.5,709500,4,Automatic,Front,4-5,Left wheel,Black,4,70.0,-3015.3891065314165
42342644,0,MITSUBISHI,Pajero IO,2022,Jeep,No,Petrol,2,558100,4,Automatic,4x4,4-5,Left wheel,Silver,6,65.0,5932.501640933166
42413033,586,TOYOTA,Prius,2009,Hatchback,No,Hybrid,1.8,373500,4,Automatic,Front,4-5,Left wheel,Silver,8,14269.0,13724.096194528665
42447185,0,CHEVROLET,Sonic,2011,Hatchback,No,Petrol,1.8,515600,4,Manual,Front,4-5,Left wheel,Blue,6,12544.0,39849.35707933777
42465691,0,TOYOTA,Aqua,2009,Hatchback,No,Hybrid,1.5,510400,4,Variator,Front,4-5,Right-hand drive,Silver,2,14740.0,12492.521351584466
42525873,0,TOYOTA,Corolla,2002,Sedan,No,Petrol,1.3,199100,4,Manual,Front,4-5,Left wheel,Silver,8,22000.0,31003.48679549814
42733908,0,TOYOTA,Land Cruiser Prado,2022,Jeep,Yes,Diesel,3.0 T,582500,6,Automatic,4x4,4-5,Left wheel,Black,12,199.0,39482.984231716895
42786153,878,TOYOTA,Prius,2010,Hatchback,No,Hybrid,1.8,415300,4,Automatic,Front,4-5,Left wheel,Red,8,14897.0,581.2535182062566
42809584,0,BMW,320,2007,Sedan,No,Petrol,2.2,484300,4,Automatic,Front,4-5,Right-hand drive,Black,4,12544.0,19221.107154124275
42822781,1268,TOYOTA,Aqua,2014,Hatchback,Yes,Hybrid,1.5,425000,4,Automatic,Front,4-5,Right-hand drive,Orange,2,10036.0,8158.665086599187
42836676,0,BMW,640,2012,Sedan,Yes,Petrol,3.0 T,190000,6,Tiptronic,Rear,4-5,Left wheel,Grey,12,51746.0,31034.27371989965
42855705,0,NISSAN,March,2019,Hatchback,No,LPG,1.3,535700,4,Automatic,Front,4-5,Right-hand drive,Orange,4,5331.0,24564.1976904024
42941896,761,TOYOTA,Prius,2008,Sedan,No,Hybrid,1.8,432600,4,Automatic,Front,4-5,Left wheel,Blue,12,14426.0,31861.684202975564
42942747,0,LEXUS,RX 400,1993,Jeep,Yes,Hybrid,3.3,134900,6,Automatic,4x4,4-5,Left wheel,White,12,32929.0,49863.93529391853
42987409,0,NISSAN,Serena,2012,Minivan,No,Petrol,2,465600,4,Variator,Front,4-5,Right-hand drive,Black,2,8781.0,16105.700605569275
42993777,0,CHEVROLET,Impala,2010,Limousine,Yes,Petrol,5.7,425500,8,Automatic,Rear,4-5,Left wheel,Brown,0,15681.0,25451.544666267444
43056591,738,CHEVROLET,Cruze LT,2010,Sedan,No,Petrol,1.4 T,421700,4,Automatic,Front,4-5,Left wheel,Black,8,16308.0,19793.52331030109
43077049,0,MITSUBISHI,Pajero,2002,Jeep,No,Diesel,3.2 T,0,4,Tiptronic,4x4,2-3,Left wheel,Silver,4,3763.0,81247.61134924149
43123893,0,CHEVROLET,Volt,2001,Sedan,Yes,Plug-in Hybrid,1.4,311700,4,Automatic,Front,4-5,Left wheel,White,10,26030.0,19124.236481317785
43153632,0,TOYOTA,Highlander,2017,Jeep,Yes,Hybrid,3.5,17202,4,Tiptronic,4x4,4-5,Left wheel,White,12,116036.0,47037.44722392777
43156754,642,FORD,C-MAX PREMIUM,2010,Hatchback,Yes,Plug-in Hybrid,2,446000,4,Automatic,Front,4-5,Left wheel,Green,8,13956.0,11536.709622087463
43178998,1266,TOYOTA,Aqua,2010,Hatchback,No,Hybrid,1.5,531700,4,Automatic,Front,4-5,Right-hand drive,White,6,8000.0,-6609.885268685957
43317520,0,MERCEDES-BENZ,Vaneo,2022,Minivan,Yes,Diesel,1.7,705000,4,Manual,Front,4-5,Left wheel,Silver,6,80.0,297648.4020654704
43334113,0,TOYOTA,Hilux,1989,Pickup,No,Petrol,2.4,23700,4,Manual,4x4,4-5,Left wheel,White,12,45473.0,43816.76909528376
43395790,0,MERCEDES-BENZ,SLK 350 300,1990,Cabriolet,Yes,Petrol,3,16459,6,Tiptronic,Rear,2-3,Left wheel,Silver,8,39201.0,62698.97990995337
43398221,0,TOYOTA,Avalon,1989,Sedan,Yes,Hybrid,2.5,0,4,Automatic,Front,4-5,Left wheel,Black,12,43592.0,51812.21766613993
43400117,0,MITSUBISHI,Chariot,2019,Goods wagon,No,Petrol,2.4,728400,6,Automatic,Front,4-5,Right-hand drive,Silver,4,1650.0,50194.18550139565
43485975,0,TOYOTA,Tacoma TRD Off Road,2013,Pickup,No,LPG,4,71000,6,Automatic,4x4,4-5,Left wheel,Black,8,68681.0,29704.80931933949
43526115,0,TOYOTA,Land Cruiser Prado,2019,Jeep,No,Diesel,3.0 T,0,6,Automatic,4x4,4-5,Left wheel,White,12,250.0,60927.62981463368
43547179,639,FORD,Fusion,2013,Sedan,Yes,Petrol,2.0 T,519400,4,Automatic,Front,4-5,Left wheel,Black,12,11917.0,3816.649834441834
43611096,640,FORD,Fusion SE,2008,Sedan,No,Hybrid,2,269600,4,Automatic,Front,4-5,Left wheel,Silver,8,19444.0,35409.93491262224
43614346,0,NISSAN,Note,2014,Hatchback,No,Petrol,1.5,462600,4,Automatic,Front,4-5,Right-hand drive,Golden,4,8154.0,13384.396541170616
43642589,784,MINI,Cooper,2001,Coupe,Yes,Petrol,1.5,328700,3,Automatic,Front,2-3,Left wheel,Green,8,21482.0,30055.00368040403
43652825,0,MERCEDES-BENZ,G 300,2008,Jeep,No,Diesel,2.9 T,565000,4,Manual,4x4,2-3,Left wheel,Black,2,15681.0,61853.87317528524
43687842,0,HONDA,Step Wagon,2011,Minivan,No,LPG,2,461500,4,Automatic,4x4,4-5,Right-hand drive,Silver,2,10000.0,27307.144193445452
43694102,0,HYUNDAI,Sonata,2022,Sedan,No,Petrol,2.4,763400,4,Automatic,Front,4-5,Left wheel,Silver,6,80.0,-1981.483311682212
43701822,0,PEUGEOT,407,2012,Sedan,No,Petrol,2,503400,4,Manual,Front,4-5,Left wheel,Grey,0,10976.0,18359.171623993163
43725113,1268,HONDA,Fred,2014,Minivan,No,Petrol,1.5,565600,4,Automatic,Front,4-5,Right-hand drive,Silver,4,10000.0,4999.024253596714
43734075,0,VOLKSWAGEN,Passat,2017,Sedan,Yes,Petrol,1.8 T,727500,4,Manual,Front,4-5,Left wheel,Black,4,2509.0,-5920.515895548218
43743643,2188,TOYOTA,Prius,2002,Hatchback,No,Hybrid,1.8,290100,4,Automatic,Front,4-5,Right-hand drive,White,8,22000.0,68.6429542500664
43744930,640,FORD,Fusion,2007,Sedan,Yes,Hybrid,2,417100,4,Automatic,Front,4-5,Left wheel,Black,6,17562.0,21015.455264216034
43786389,0,MITSUBISHI,Pajero IO,2022,Jeep,No,Petrol,2,597000,4,Automatic,4x4,4-5,Left wheel,White,4,50.0,-401.6396063209395
43802267,880,NISSAN,Kicks SR,2000,Jeep,Yes,Petrol,1.6,201500,4,Automatic,Front,4-5,Left wheel,Red,9,29950.0,112.0133888012133
43844862,0,NISSAN,Altima,2016,Sedan,No,Petrol,2.5,541500,6,Automatic,Front,4-5,Left wheel,Black,6,8467.0,12825.902961088232
43906005,585,TOYOTA,Corolla 04,2007,Sedan,No,Petrol,1.8,477400,4,Automatic,Front,4-5,Left wheel,White,10,15681.0,-5305.827193273741
43908533,934,TOYOTA,Camry,1993,Sedan,Yes,Petrol,2.5,14400,4,Automatic,Front,4-5,Left wheel,Grey,12,34497.0,42316.63604195244
43916818,528,FORD,Fiesta,2016,Sedan,No,Petrol,1.6,488200,4,Tiptronic,Front,4-5,Left wheel,Black,8,8781.0,1792.8042985794964
43933905,1110,HONDA,FIT,2011,Hatchback,No,Hybrid,1.3,444300,4,Automatic,Front,4-5,Right-hand drive,Silver,4,10036.0,-1371.8970109627298
43935484,333,FORD,C-MAX,2007,Hatchback,No,Hybrid,2,390700,4,Variator,Front,4-5,Left wheel,Silver,12,14500.0,14842.673591481533
43938774,781,CHEVROLET,Cruze,1998,Hatchback,Yes,Petrol,1.4,231800,4,Tiptronic,Front,4-5,Left wheel,White,10,28100.0,8293.378885745537
43940907,0,FIAT,500 sport,2013,Coupe,Yes,Petrol,1.4,471878,4,Manual,Front,2-3,Left wheel,Red,8,12541.0,-33990.374454127974
43951626,1111,HONDA,FIT,2019,Hatchback,No,Petrol,1.3,518100,4,Automatic,Front,4-5,Right-hand drive,White,4,7150.0,-13739.873143558307
43968112,0,HONDA,FIT,2022,Hatchback,No,Petrol,1.5,687700,4,Tiptronic,Front,4-5,Right-hand drive,Silver,5,35.0,-1353.981069268193
43993576,0,VOLKSWAGEN,Phaeton,2006,Sedan,Yes,Petrol,3.2,307100,6,Tiptronic,4x4,4-5,Left wheel,Black,12,18817.0,16651.43595147689
44045305,1505,MITSUBISHI,RVR,2012,Hatchback,No,Petrol,1.8,357600,4,Automatic,Front,4-5,Right-hand drive,White,6,13000.0,-14605.676509843943
44061393,1268,TOYOTA,Aqua G klas,2014,Hatchback,Yes,Hybrid,1.5,600800,4,Automatic,Front,4-5,Right-hand drive,Sky blue,6,9000.0,-14600.271534282176
44061557,1552,HONDA,Shuttle,2009,Hatchback,No,Hybrid,1.5,585300,4,Automatic,Front,4-5,Right-hand drive,White,6,15000.0,-16434.521705046594
44062586,1845,TOYOTA,Prius V ALPINA,2013,Hatchback,No,Hybrid,1.8,581540,4,Automatic,Front,4-5,Right-hand drive,White,6,11000.0,-25629.337800923444
44070835,0,SUZUKI,Grand Vitara,2014,Jeep,No,Petrol,2.7 T,447400,6,Manual,Rear,4-5,Left wheel,Grey,8,13172.0,-16188.98150994393
44075364,769,MERCEDES-BENZ,Sprinter 313CDI,1999,Goods wagon,No,Diesel,2.2 T,189700,4,Manual,Rear,4-5,Left wheel,White,2,25089.0,61826.16749850777
44080587,0,LEXUS,GX 460,2014,Jeep,Yes,Petrol,4.6,92800,8,Tiptronic,4x4,4-5,Left wheel,Black,10,111332.0,57900.65271811551
44091580,874,VOLKSWAGEN,UP,2017,Hatchback,No,Petrol,1,531800,3,Tiptronic,Front,4-5,Right-hand drive,White,2,7000.0,-18454.804215556942
44092602,1346,MINI,Countryman,2011,Jeep,No,Petrol,1.6,583100,4,Automatic,4x4,4-5,Right-hand drive,White,6,13000.0,-22114.382204205016
44096642,0,FORD,Escape,2004,Jeep,Yes,Petrol,1.6,149916,4,Tiptronic,Front,4-5,Left wheel,Green,10,23521.0,11690.023378240789
44107036,562,FIAT,500,2010,Coupe,No,Petrol,1.4,472600,4,Manual,Front,4-5,Left wheel,Grey,10,15367.0,-30057.797860712606
44109015,1266,TOYOTA,Aqua,2013,Hatchback,No,Hybrid,1.5,429300,4,Variator,Front,4-5,Right-hand drive,Silver,0,10506.0,619.5669121822866
44135220,0,HONDA,FIT,2022,Hatchback,No,Petrol,1.3,683900,4,Variator,Front,4-5,Right-hand drive,Silver,2,40.0,-7934.473497038394
44143440,0,MERCEDES-BENZ,C 280,2016,Sedan,Yes,Petrol,2.8,538800,6,Automatic,Rear,4-5,Left wheel,Black,10,5331.0,6857.726507688021
44144353,0,MERCEDES-BENZ,ML 320,1997,Jeep,Yes,Diesel,3.0 T,98300,8,Automatic,4x4,4-5,Left wheel,Black,0,32929.0,50369.3659522124
44144465,1141,TOYOTA,Camry,2015,Sedan,No,Hybrid,2.4,625400,4,Automatic,Front,4-5,Left wheel,Silver,12,7213.0,-4790.035083825736
44149646,1325,TOYOTA,Camry se,1996,Sedan,Yes,Petrol,2.5,47200,4,Automatic,Front,4-5,Left wheel,Silver,12,34497.0,28943.05109253175
44155688,308,TOYOTA,Prius V,2004,Sedan,No,Hybrid,1.8,50970,4,Automatic,Front,4-5,Left wheel,White,12,19444.0,33287.328551386774
44157372,0,FIAT,500X,1999,Jeep,Yes,Petrol,2.4,350216,4,Tiptronic,4x4,4-5,Left wheel,Orange,6,24148.0,47291.339566625975
44164759,690,CHEVROLET,Malibu LT,2009,Sedan,No,Petrol,1.5 T,368300,4,Automatic,Front,4-5,Left wheel,Silver,8,15681.0,15878.353420670257
44183054,0,MINI,Cooper,2002,Universal,Yes,Petrol,1.6,365600,4,Manual,Front,4-5,Left wheel,Red,6,21012.0,-3193.0268728132323
44200570,1017,FORD,EcoSport SE,2001,Jeep,No,Petrol,2.0 T,242800,4,Automatic,4x4,4-5,Left wheel,White,9,24932.0,5608.681168217632
44200818,1017,MITSUBISHI,Outlander SE,2004,Jeep,No,Petrol,2,332900,4,Automatic,Front,4-5,Left wheel,Blue,8,21169.0,44054.05048255493
44208094,1503,MERCEDES-BENZ,C 180,2009,Sedan,No,Petrol,1.8,350900,4,Tiptronic,Rear,4-5,Right-hand drive,White,6,17500.0,-3344.229661082223
44236195,1482,MERCEDES-BENZ,GL 450,1992,Jeep,Yes,Petrol,4.5 T,180900,8,Tiptronic,4x4,4-5,Left wheel,Beige,12,31988.0,29645.110299019812
44238792,1104,LAND ROVER,Discovery,2015,Jeep,Yes,Diesel,3.0 T,88000,6,Tiptronic,4x4,4-5,Left wheel,Black,12,76835.0,47459.07416510326
44239273,0,JAGUAR,XE,2017,Sedan,Yes,Diesel,2.0 T,21000,4,Tiptronic,4x4,4-5,Left wheel,Silver,6,72130.0,62586.49828413873
44255014,0,FORD,Transit,2011,Goods wagon,No,Diesel,2.0 T,439000,4,Manual,Front,4-5,Left wheel,Silver,1,13485.0,19530.914718403637
44281349,1659,NISSAN,X-Trail,2005,Jeep,Yes,Petrol,2,335300,4,Tiptronic,4x4,4-5,Right-hand drive,Grey,6,18000.0,16013.429231367167
44295790,1141,FORD,Transit,2001,Microbus,No,Diesel,2.4 T,347400,4,Manual,4x4,4-5,Left wheel,White,2,21950.0,1129.2333690480082
44298058,1017,HYUNDAI,Elantra SE,2006,Sedan,No,Petrol,2,436400,4,Automatic,Front,4-5,Left wheel,Grey,8,16465.0,22619.300296471938
44309251,0,MERCEDES-BENZ,B 200 Turbo,2011,Hatchback,Yes,Petrol,2.0 T,580400,4,Variator,Front,4-5,Left wheel,Silver,8,13172.0,4342.9773664983095
44312220,1268,HONDA,Fred,2013,Minivan,No,Petrol,1.5,554700,4,Automatic,Front,4-5,Right-hand drive,Black,2,8500.0,6825.148868823579
44316413,777,TOYOTA,Camry,2001,Sedan,Yes,Petrol,2.5,335000,4,Tiptronic,Front,4-5,Left wheel,Black,10,24462.0,26013.56860808851
44325047,779,TOYOTA,RAV 4,1990,Jeep,No,Petrol,2.5,77500,6,Tiptronic,4x4,4-5,Left wheel,Black,10,34497.0,34495.80431570219
44372593,0,AUDI,Allroad,1989,Universal,Yes,Petrol,2.0 T,0,4,Tiptronic,4x4,4-5,Left wheel,Black,12,42024.0,63722.36927361714
44387511,0,SUBARU,Forester,1996,Jeep,No,Petrol,2.5,240900,4,Variator,4x4,4-5,Left wheel,Brown,6,28225.0,36382.52694069703
44387531,0,RENAULT,Clio,2010,Universal,No,Diesel,1.5 T,437900,4,Manual,Front,4-5,Left wheel,Black,6,14113.0,5396.037773189073
44395215,0,BMW,X6,2000,Jeep,Yes,Petrol,4.4,183100,8,Tiptronic,4x4,4-5,Left wheel,Black,8,28600.0,49832.54402532963
44399340,1079,TOYOTA,RAV 4,2022,Jeep,No,Petrol,2,696600,4,Tiptronic,4x4,4-5,Left wheel,White,12,160.0,-16281.41007255001
44415285,1195,FORD,Transit,2011,Universal,No,Diesel,2.2 T,441300,4,Manual,Front,4-5,Left wheel,White,2,11917.0,-43722.425982631015
44433591,0,HONDA,FIT,2022,Hatchback,No,Petrol,1.3,769100,4,Automatic,Front,4-5,Right-hand drive,White,4,30.0,-15535.335750886086
44450438,0,SUBARU,Forester,2003,Jeep,No,LPG,2.5,375600,4,Tiptronic,4x4,4-5,Left wheel,Carnelian red,8,19444.0,22882.157295326677
44457443,0,HONDA,FIT,2010,Hatchback,No,Hybrid,1.3,549692,4,Automatic,Front,4-5,Right-hand drive,Black,8,12388.0,6583.646303235886
44489566,1488,NISSAN,Note,2016,Hatchback,Yes,Hybrid,1.2 T,0,3,Variator,Front,4-5,Right-hand drive,White,2,17000.0,28547.155565213478
44490723,1267,TOYOTA,Aqua,2011,Sedan,No,Hybrid,1.5,572600,4,Tiptronic,Front,4-5,Right-hand drive,Brown,4,12388.0,-1387.8977280145555
44491338,0,MERCEDES-BENZ,Vito,2015,Goods wagon,No,Diesel,2.2 T,637100,4,Manual,Rear,4-5,Left wheel,Red,2,10032.0,14640.734678025818
44514703,0,BMW,535,1991,Sedan,Yes,Petrol,3.0 T,118980,6,Tiptronic,Rear,4-5,Left wheel,Silver,14,37633.0,40319.679240928934
44516759,0,TOYOTA,Prius C,2003,Hatchback,No,Hybrid,1.5,364200,4,Automatic,Front,4-5,Left wheel,White,6,19444.0,19602.72372081155
44525342,0,TOYOTA,Sienna,1993,Minivan,Yes,Petrol,3.5,77800,6,Tiptronic,Front,4-5,Left wheel,Green,10,37633.0,62666.48894960016
44526921,0,LEXUS,RX 400 HYBRID,2002,Jeep,Yes,Hybrid,3.3,105600,6,Automatic,4x4,4-5,Left wheel,Blue,10,28225.0,54483.30053532877
44527390,1266,TOYOTA,Aqua,2017,Sedan,No,Hybrid,1.5,550800,4,Automatic,Front,4-5,Right-hand drive,Silver,2,10820.0,-6846.425606063076
44532992,0,VOLVO,XC90,2005,Jeep,Yes,Petrol,3.2,379100,6,Tiptronic,Front,4-5,Left wheel,White,10,21012.0,37005.62156341548
44536371,1185,SUBARU,Forester,2013,Jeep,No,Petrol,2.5,473000,4,Automatic,4x4,4-5,Left wheel,Silver,8,13172.0,2703.1341781048286
44570331,779,TOYOTA,Camry XLE,2006,Sedan,No,Hybrid,2.5,300300,4,Automatic,Front,4-5,Left wheel,Grey,8,20385.0,12324.627435252034
44571028,0,DODGE,Caliber,2008,Hatchback,No,Petrol,2.4,0,4,Automatic,Front,4-5,Left wheel,Blue,4,8781.0,64252.114299408364
44571717,0,BMW,535,1999,Sedan,Yes,Petrol,3.0 T,65970,6,Tiptronic,Rear,4-5,Left wheel,Grey,6,29793.0,40401.264415706966
44578446,2469,HONDA,Elysion,2004,Minivan,Yes,Petrol,3,0,4,Automatic,4x4,4-5,Left wheel,Black,1,20385.0,18666.351965660357
44587422,0,BMW,320,2011,Sedan,No,Diesel,1.9,421592,1,Automatic,Rear,4-5,Left wheel,Black,0,17249.0,-567.4020108362529
44618712,0,LINCOLN,Town Car,2022,Limousine,Yes,Petrol,4.6,612200,8,Automatic,Rear,4-5,Left wheel,White,2,150.0,1787.7133462296879
44630354,0,NISSAN,X-Terra,2010,Jeep,Yes,CNG,3.3,607200,6,Automatic,4x4,4-5,Left wheel,Grey,2,13799.0,-6939.066042113616
44633171,0,TOYOTA,CHR,1985,Jeep,No,Petrol,2,0,4,Tiptronic,Front,4-5,Left wheel,Grey,8,47669.0,63167.558582864425
44650638,1575,LAND ROVER,Range Rover Velar,2018,Jeep,Yes,Petrol,3.0 T,22000,6,Tiptronic,4x4,4-5,Left wheel,White,12,150533.0,31177.486740451393
44654408,0,BMW,335,2006,Sedan,Yes,Petrol,3.5,434800,8,Tiptronic,Rear,4-5,Left wheel,Green,0,17562.0,-249.35383712845942
44655192,0,BMW,X5,2014,Jeep,Yes,Petrol,3.0 T,72000,6,Tiptronic,4x4,4-5,Left wheel,Brown,12,89379.0,38452.49142440932
44670645,0,TOYOTA,Prius,2008,Hatchback,Yes,Hybrid,1.8,361700,4,Variator,Front,4-5,Left wheel,White,8,18189.0,19912.54678415334
44677324,0,DODGE,Dart Limited,2009,Sedan,Yes,Petrol,1.4 T,494600,4,Manual,Front,4-5,Left wheel,Black,12,16308.0,3054.890067524946
44703182,781,TOYOTA,Camry XLE,1999,Sedan,Yes,Hybrid,2.5,266400,4,Automatic,Front,4-5,Left wheel,Grey,8,21796.0,21850.716748039245
44704597,0,BMW,X5,2006,Jeep,Yes,Petrol,3,402400,6,Tiptronic,4x4,4-5,Left wheel,Black,12,21953.0,17870.24078835861
44708148,0,TOYOTA,Prius C,2008,Hatchback,No,Petrol,1.5,479800,4,Automatic,Front,4-5,Left wheel,White,4,17562.0,11224.999009099252
44708655,0,OPEL,Astra GTC 1.9 turbo dies,2008,Hatchback,Yes,Diesel,1.9 T,340700,4,Manual,Front,2-3,Left wheel,Sky blue,8,15367.0,127061.72494363663
44719048,706,MITSUBISHI,I,2019,Hatchback,No,Petrol,0.7,498400,3,Automatic,Front,4-5,Right-hand drive,Brown,2,5645.0,19748.042020885143
44719295,1268,TOYOTA,Aqua,2011,Hatchback,Yes,Hybrid,1.5,533300,4,Variator,Front,4-5,Right-hand drive,Red,2,10663.0,-6704.9249654239175
44727019,0,FORD,C-MAX HYBRID,2000,Hatchback,No,Hybrid,2,242200,4,Automatic,Front,4-5,Left wheel,Grey,4,21639.0,35397.2387647454
44731507,1018,CHEVROLET,Equinox,2008,Jeep,No,Petrol,3,561906,6,Tiptronic,4x4,4-5,Left wheel,Black,8,16621.0,5587.208290212187
44752649,639,MERCEDES-BENZ,CLA 250,1988,Sedan,Yes,Petrol,2.0 T,88500,4,Tiptronic,Front,4-5,Left wheel,White,12,40456.0,43541.86148843511
44753173,900,CHRYSLER,200,2005,Sedan,No,Petrol,2.4,58542,4,Automatic,Front,4-5,Left wheel,Brown,10,20385.0,37725.71725533821
44772520,0,HYUNDAI,Santa FE,1994,Jeep,No,Petrol,2.4,181500,4,Tiptronic,4x4,4-5,Left wheel,Black,8,35124.0,27641.269957886383
44782401,1624,MERCEDES-BENZ,E 350,1998,Coupe,Yes,Petrol,3.5,205600,6,Tiptronic,Rear,2-3,Left wheel,White,12,31361.0,27714.19069207473
44783767,730,KIA,RIO,2005,Sedan,No,Petrol,1.6,425100,4,Tiptronic,Front,4-5,Left wheel,Silver,10,18500.0,17594.775485072754
44786792,1051,HONDA,Cr-v,1996,Jeep,No,Petrol,2.4,94900,4,Variator,4x4,4-5,Left wheel,Black,0,29793.0,30950.692323773907
44788253,1327,TOYOTA,Camry SE,1991,Sedan,Yes,Petrol,2.5,0,4,Automatic,Front,4-5,Left wheel,Blue,10,42337.0,58535.99197428883
44806340,1058,MERCEDES-BENZ,E 350,2000,Sedan,Yes,Petrol,3.5,267900,6,Tiptronic,4x4,4-5,Left wheel,White,12,29793.0,17663.01177321773
44808778,1079,MITSUBISHI,Outlander sport,1996,Jeep,Yes,Petrol,2.0 T,122300,5,Automatic,Front,4-5,Left wheel,Red,12,31204.0,16489.912628802344
44809294,765,FORD,Focus,2009,Sedan,No,Petrol,2,482700,4,Automatic,Front,>5,Left wheel,Silver,12,13485.0,-2257.736422207723
44810053,738,CHEVROLET,Cruze,2005,Sedan,No,Petrol,1.4 T,374708,4,Tiptronic,Front,>5,Left wheel,Black,12,20385.0,7494.260985813276
44815380,0,MINI,Countryman S,1991,Hatchback,Yes,Petrol,1.6 T,0,4,Tiptronic,Front,4-5,Left wheel,Blue,12,43278.0,75371.61820164359
44815850,1528,FORD,Transit,2006,Microbus,No,Diesel,2.4,365500,4,Manual,Rear,4-5,Left wheel,Blue,2,17249.0,12227.218351881005
44815958,975,AUDI,Q5,1996,Jeep,Yes,Petrol,3.2,41099,1,Tiptronic,4x4,4-5,Left wheel,White,12,36400.0,45891.24637860834
44838425,779,SUBARU,Forester,2007,Jeep,No,Petrol,2.5,313100,4,Automatic,4x4,4-5,Left wheel,Black,8,18817.0,18949.296721725295
44851149,0,FORD,Transit S,2000,Microbus,No,Diesel,2,450600,4,Manual,Rear,4-5,Left wheel,White,4,21169.0,53457.750561850655
44855951,442,CHEVROLET,Malibu Hybrid,2003,Sedan,No,Hybrid,1.8,327800,4,Automatic,Front,4-5,Left wheel,Grey,8,23364.0,12487.424401768756
44868288,0,TOYOTA,Aqua,2022,Hatchback,No,Hybrid,1.5,755600,4,Automatic,Front,4-5,Right-hand drive,Silver,4,50.0,-5151.358201658546
44872468,585,TOYOTA,Prius,2001,Hatchback,Yes,Hybrid,1.8,426700,4,Automatic,Front,4-5,Left wheel,Blue,11,20385.0,42552.837466518875
44873119,0,NISSAN,Note,2021,Hatchback,No,Petrol,1.5,711400,4,Automatic,Front,4-5,Right-hand drive,White,4,30.0,-976.6416512786636
44873924,579,TOYOTA,RAV 4,2017,Jeep,No,Hybrid,2.5,35000,6,Automatic,4x4,4-5,Left wheel,Sky blue,6,52373.0,20463.8019446591
44889000,781,CHEVROLET,Cruze,2005,Sedan,No,Petrol,1.4 T,282600,4,Automatic,Front,4-5,Left wheel,Brown,8,21169.0,20828.366177908665
44895188,781,VOLKSWAGEN,Passat,2004,Sedan,Yes,Petrol,2.5,284800,4,Tiptronic,Front,4-5,Left wheel,Black,12,20450.0,29222.58785912606
44897120,528,FORD,Fiesta,2012,Sedan,No,Petrol,1.6,580900,4,Tiptronic,Front,4-5,Left wheel,Blue,12,8311.0,21544.809804021832
44903948,810,VOLKSWAGEN,Passat R-line,2000,Sedan,Yes,Petrol,1.8 T,305600,4,Automatic,Front,4-5,Left wheel,White,10,24462.0,13137.445361299382
44907067,784,CHEVROLET,Malibu LT,2006,Sedan,No,Petrol,1.5,41431,4,Automatic,Front,4-5,Left wheel,Blue,8,19601.0,55626.247066580465
44910787,0,NISSAN,Serena,2014,Minivan,No,Petrol,2,451400,4,Variator,Front,4-5,Right-hand drive,White,4,8624.0,10567.093853896557
44912187,0,MINI,Countryman,1997,Jeep,Yes,Petrol,1.6,232900,4,Tiptronic,4x4,4-5,Left wheel,Blue,6,25716.0,50973.11303195107
44923483,645,LEXUS,CT 200h,2006,Sedan,Yes,Hybrid,1.8,443900,4,Automatic,Front,4-5,Left wheel,Black,12,18817.0,16398.463927242512
44929665,0,TOYOTA,Aqua,2022,Sedan,Yes,Hybrid,1.5,688716,4,Automatic,Front,4-5,Right-hand drive,Silver,4,50.0,2065.0744442912037
44930827,0,OPEL,Combo,2016,Goods wagon,No,Petrol,1.4,545500,4,Manual,Front,2-3,Left wheel,White,1,8154.0,1068058.7572055901
44934688,1249,TOYOTA,RAV 4,1991,Jeep,Yes,Petrol,2.5,0,4,Automatic,4x4,4-5,Left wheel,White,12,42337.0,32739.585686804825
44936719,0,TOYOTA,Prius,2003,Hatchback,No,Hybrid,1.8,311600,4,Variator,Front,4-5,Left wheel,Black,12,22266.0,25456.467150191147
44937391,900,HYUNDAI,Sonata SPORT,2002,Sedan,Yes,Petrol,2.4,308400,4,Tiptronic,Front,4-5,Left wheel,White,12,24462.0,19103.551865840876
44940039,751,KIA,Optima,2004,Sedan,Yes,Hybrid,2.4,213201,4,Automatic,Front,4-5,Left wheel,Black,12,17876.0,24175.65888001731
44943782,831,HYUNDAI,Sonata,2011,Sedan,No,Hybrid,2.4,530400,4,Tiptronic,Front,4-5,Left wheel,Carnelian red,12,10349.0,6664.064967997943
44944833,0,KIA,Forte,2009,Sedan,No,Petrol,1.8,285600,4,Tiptronic,Front,4-5,Left wheel,Grey,10,16935.0,25763.738960397004
44953042,0,INFINITI,FX35,2012,Jeep,Yes,Petrol,3.5,537300,6,Tiptronic,Rear,4-5,Left wheel,Grey,8,11604.0,2794.0953048124793
44954265,1486,HONDA,FIT,2015,Hatchback,No,Petrol,1.3,419500,4,Variator,Front,4-5,Right-hand drive,Blue,2,7213.0,15700.787729047568
44957866,0,AUDI,TT,2008,Coupe,Yes,Petrol,1.8 T,436500,4,Manual,4x4,2-3,Left wheel,Silver,6,11604.0,42602.14412278988
44959769,503,HONDA,FIT,2011,Hatchback,No,Petrol,1.5,90863,4,Tiptronic,Front,4-5,Left wheel,Grey,12,10976.0,28114.979990456603
44960988,0,HONDA,Insight,2011,Hatchback,No,Hybrid,1.3,516400,4,Automatic,Front,4-5,Left wheel,Grey,6,13642.0,13765.201359165978
44961618,779,SUBARU,Forester,2002,Jeep,Yes,Petrol,2.5,214000,4,Automatic,4x4,4-5,Left wheel,White,10,22580.0,25539.585458841582
44962208,0,TOYOTA,RAV 4,2017,Jeep,No,Petrol,2.5,32000,6,Automatic,Front,4-5,Left wheel,White,10,59586.0,26883.729327798443
44962338,0,MERCEDES-BENZ,E 320,1999,Sedan,Yes,CNG,3.5,0,6,Automatic,4x4,4-5,Left wheel,Black,2,11000.0,26432.380208555627
44970768,259,CHEVROLET,Volt,1996,Hatchback,Yes,Plug-in Hybrid,1.4,101800,4,Automatic,Front,4-5,Left wheel,Brown,10,28852.0,35858.438175615986
44982509,707,DODGE,Caliber,2013,Hatchback,No,Petrol,2,612900,4,Variator,Front,4-5,Left wheel,Black,10,10976.0,-1759.394878803003
44984255,0,SUBARU,Forester,2007,Jeep,Yes,Petrol,2.0 T,436600,4,Manual,4x4,4-5,Right-hand drive,White,4,16621.0,14037.705290204383
44985145,0,HYUNDAI,Getz,2021,Sedan,No,Petrol,1.4,606300,4,Automatic,Front,4-5,Left wheel,Silver,0,3000.0,-10034.680224136348
44986618,0,KIA,Ceed,2019,Universal,No,Petrol,1.6,4000,4,Automatic,Front,4-5,Left wheel,White,5,51746.0,11885.809403922087
44987376,753,HYUNDAI,Sonata,2009,Sedan,No,Petrol,2.4,460200,4,Automatic,Front,4-5,Left wheel,Blue,8,13485.0,34639.52268828379
44991613,0,TOYOTA,Ractis,2014,Sedan,No,Petrol,1.5,503900,4,Tiptronic,Front,4-5,Right-hand drive,Brown,2,9722.0,15321.056419581044
44992466,586,LEXUS,CT 200h,2000,Hatchback,Yes,Hybrid,1.8,358000,4,Automatic,Front,4-5,Left wheel,White,6,21639.0,20128.09651096817
44993292,0,BMW,525,2018,Sedan,Yes,Petrol,2.5,633701,4,Automatic,Rear,4-5,Left wheel,Silver,6,4200.0,5471.712968763015
44993738,0,MERCEDES-BENZ,Viano Ambiente,1994,Minivan,Yes,Diesel,3.0 T,275900,6,Tiptronic,Rear,4-5,Left wheel,Black,7,30671.0,53232.39391742779
44994173,0,MITSUBISHI,Pajero IO,2015,Jeep,No,Petrol,2,466300,4,Manual,4x4,4-5,Left wheel,Golden,0,8781.0,7100.601346397383
44997899,586,TOYOTA,Prius,2010,Hatchback,No,Hybrid,1.8,372100,4,Automatic,Front,4-5,Left wheel,Silver,8,16151.0,13299.946594163415
45007640,1267,TOYOTA,Aqua,2014,Hatchback,No,Hybrid,1.5,530400,4,Automatic,Front,4-5,Right-hand drive,White,8,9722.0,-8656.839006664504
45008500,843,TOYOTA,Prius,2013,Hatchback,Yes,Hybrid,1.5,415200,4,Variator,Front,4-5,Left wheel,Carnelian red,12,14426.0,8017.202191331789
45010854,875,VOLKSWAGEN,UP,2014,Hatchback,No,Petrol,1,557100,4,Automatic,Front,2-3,Right-hand drive,White,6,6899.0,35176.73111065234
45015198,761,TOYOTA,Prius,2008,Sedan,Yes,Hybrid,1.8,577900,4,Automatic,Front,4-5,Left wheel,Golden,10,12388.0,-544.3112007262062
45018705,0,HONDA,Edix,2015,Hatchback,No,Petrol,1.7 T,602600,4,Automatic,Front,4-5,Right-hand drive,Blue,0,8154.0,-425181.7338234169
45019663,1325,TOYOTA,Camry,2019,Sedan,Yes,Petrol,2.5,39200,4,Tiptronic,Front,>5,Left wheel,White,12,50150.0,10407.229077307293
45019853,0,HONDA,Cr-v,2007,Jeep,No,Petrol,2.4,313500,4,Automatic,4x4,4-5,Left wheel,Silver,8,18503.0,26340.326430255875
45020059,0,NISSAN,Teana,2018,Sedan,No,Petrol,2.3,576200,6,Automatic,Front,4-5,Right-hand drive,Silver,6,7300.0,4562.413307225639
45030700,650,CHEVROLET,Malibu LT,2008,Sedan,No,Petrol,1.4 T,359300,4,Automatic,Front,4-5,Left wheel,Black,8,19287.0,18464.0009248562
45038933,0,FORD,C-MAX,2005,Hatchback,Yes,Hybrid,2,350100,4,Automatic,Front,4-5,Left wheel,White,10,19757.0,22922.03780987854
45040305,475,CHEVROLET,Volt,2006,Hatchback,Yes,Plug-in Hybrid,1.4,363400,4,Automatic,Front,4-5,Left wheel,Silver,10,20071.0,13759.77516467834
45040932,1017,NISSAN,Qashqai SPORT,1994,Jeep,No,Petrol,2,0,4,Tiptronic,Front,4-5,Left wheel,White,12,40456.0,46288.1911372143
45042623,586,TOYOTA,Prius,2003,Hatchback,No,Hybrid,1.8,399400,4,Variator,Front,4-5,Left wheel,Grey,12,18817.0,14693.778220022348
45049360,0,LEXUS,ES 300 hybrid,1987,Sedan,Yes,Hybrid,2.5,0,4,Automatic,Front,4-5,Left wheel,Black,10,46728.0,68986.25013650734
45049953,1493,MERCEDES-BENZ,GLE 350,2016,Jeep,Yes,Petrol,3.5,78400,6,Tiptronic,4x4,4-5,Left wheel,Grey,12,129521.0,45967.50057102401
45056980,501,FORD,Fusion,2010,Sedan,Yes,Petrol,1.5 T,415401,4,Automatic,Front,4-5,Left wheel,Silver,12,13485.0,-2363.8543929552543
45065386,738,BUICK,Encore,2005,Jeep,Yes,Petrol,1.4 T,354100,4,Automatic,Front,4-5,Left wheel,Black,8,23521.0,34387.956496350314
45065470,697,FORD,Transit,2004,Goods wagon,No,Diesel,2.2 T,358000,4,Manual,Front,4-5,Left wheel,White,2,20695.0,13125.650165499907
45066063,730,HYUNDAI,Accent SE,2009,Hatchback,No,Petrol,1.6,459300,4,Automatic,Front,4-5,Left wheel,Blue,6,13015.0,45169.93848225821
45066165,765,HYUNDAI,Elantra GT,2012,Hatchback,No,Petrol,2,455200,6,Automatic,Front,4-5,Left wheel,White,6,14426.0,13429.807208277181
45068478,777,MAZDA,CX-5,2002,Jeep,No,Petrol,2.5,190400,4,Automatic,Front,4-5,Left wheel,Black,10,26657.0,20818.704038041058
45074222,0,HONDA,Ridgeline,1997,Pickup,Yes,Petrol,3.5,261800,6,Automatic,4x4,4-5,Left wheel,White,6,30420.0,41093.19709084292
45085819,0,HYUNDAI,Veloster,2009,Sedan,Yes,Petrol,1.6,338200,4,Tiptronic,Front,2-3,Left wheel,Red,12,18189.0,39118.69565345856
45087536,761,TOYOTA,Prius,2006,Sedan,Yes,Hybrid,1.8,365000,4,Variator,Front,4-5,Left wheel,Grey,8,18503.0,17073.32510529966
45091412,831,MITSUBISHI,Eclipse ES,1997,Jeep,No,Petrol,1.5 T,193000,4,Automatic,4x4,4-5,Left wheel,Silver,8,27441.0,8846.363436195505
45092000,765,MAZDA,Mazda 3 SPORT,2008,Hatchback,No,Petrol,2,526500,4,Automatic,Front,4-5,Left wheel,Silver,8,13485.0,11019.9633957127
45092119,690,CHEVROLET,Malibu LT,2007,Sedan,No,Petrol,1.5 T,383200,4,Automatic,Front,4-5,Left wheel,Silver,8,18346.0,16114.41572255411
45092262,1249,MAZDA,Mazda 6 TOURING,2002,Sedan,Yes,Petrol,2.5,316600,4,Automatic,Front,4-5,Left wheel,Red,8,21012.0,10535.504322405839
45094349,1024,TOYOTA,RAV 4 SPORT,2004,Jeep,Yes,Petrol,2.5,372100,4,Tiptronic,4x4,4-5,Left wheel,White,10,23521.0,11754.685740197503
45099195,1017,HYUNDAI,Elantra,2004,Sedan,No,Petrol,2,312100,4,Tiptronic,Front,4-5,Left wheel,Black,12,23521.0,42596.656460711354
45103394,0,OPEL,Astra,2015,Goods wagon,No,Diesel,2.0 T,178120,4,Manual,Front,4-5,Left wheel,Silver,4,6115.0,129534.01131569214
45106067,0,MITSUBISHI,Pajero,2017,Jeep,Yes,Petrol,2.4,522600,4,Manual,4x4,4-5,Left wheel,Black,4,10349.0,-7010.497534830509
45112342,875,TOYOTA,Passo,2014,Hatchback,No,Petrol,1,516164,3,Variator,Front,4-5,Right-hand drive,Silver,2,7527.0,9976.667427660941
45113029,0,VOLKSWAGEN,Caddy,2012,Goods wagon,No,Diesel,1.9,558605,4,Manual,Front,2-3,Left wheel,White,0,8781.0,38402.60725260874
45113267,642,BMW,528,1990,Sedan,Yes,Petrol,2.0 T,8300,4,Tiptronic,4x4,4-5,Left wheel,Silver,14,37006.0,51544.25958163667
45114236,0,HYUNDAI,Santa FE,2007,Jeep,Yes,Diesel,2.2 T,386400,4,Tiptronic,Front,4-5,Left wheel,Black,6,20071.0,24996.575981694725
45115390,751,HYUNDAI,Sonata,2009,Sedan,Yes,Hybrid,2.4,399200,4,Automatic,Front,4-5,Left wheel,Carnelian red,8,17249.0,17575.244885746713
45115882,0,HYUNDAI,Elantra,2005,Sedan,No,Petrol,1.8,368400,4,Tiptronic,Front,4-5,Left wheel,Blue,12,19757.0,50580.27439838019
45125551,474,CHEVROLET,Volt,2003,Hatchback,Yes,Plug-in Hybrid,1.4,303600,4,Variator,Front,4-5,Left wheel,Grey,10,25716.0,17835.168110185652
45126766,0,BMW,128,2003,Coupe,Yes,Petrol,3,344200,6,Tiptronic,Rear,4-5,Left wheel,White,8,21012.0,-18302.650984817607
45127176,749,KIA,Optima,2008,Sedan,No,Petrol,2.4,97024,4,Tiptronic,Front,4-5,Left wheel,Carnelian red,12,16621.0,23762.943179293266
45127243,891,HYUNDAI,Elantra,2004,Sedan,No,Petrol,2,478200,4,Tiptronic,Front,4-5,Left wheel,Silver,12,18189.0,34939.450155925406
45128746,779,MAZDA,Mazda 6,2009,Sedan,Yes,Petrol,2.5,369500,4,Automatic,Front,4-5,Left wheel,Silver,12,14426.0,16578.902263870543
45133300,0,FORD,Transit,2011,Goods wagon,No,Diesel,2.5 T,572700,4,Manual,Rear,4-5,Left wheel,White,4,10500.0,-3792.453765056962
45154988,765,JEEP,Patriot,2004,Jeep,No,Petrol,2,354778,4,Tiptronic,Front,4-5,Left wheel,Black,7,20385.0,23633.419550971877
45155491,1111,TOYOTA,Vitz,2013,Hatchback,No,Petrol,1.3,441800,4,Variator,4x4,4-5,Right-hand drive,Yellow,2,8000.0,1857.5561600834862
45157592,0,PORSCHE,911,2002,Coupe,Yes,Petrol,3.6,74000,6,Manual,Rear,2-3,Left wheel,White,4,70562.0,163451.05083155585
45158060,1077,HYUNDAI,Veloster,1994,Hatchback,No,Petrol,2,205500,4,Tiptronic,Front,4-5,Left wheel,White,12,31047.0,16792.218809217247
45167460,0,HYUNDAI,Elantra,2007,Sedan,No,Petrol,1.8,501500,4,Tiptronic,Front,4-5,Left wheel,Silver,12,17876.0,19491.943570576404
45168746,0,TOYOTA,Prius,2006,Sedan,No,Hybrid,1.8,283800,4,Variator,Front,4-5,Left wheel,Grey,12,23207.0,25056.916127711876
45177230,0,BMW,535 i,1995,Sedan,Yes,Petrol,3.0 T,144900,6,Tiptronic,Rear,4-5,Left wheel,White,8,32929.0,33346.72977714352
45183450,642,BMW,320,1997,Sedan,Yes,Petrol,2.0 T,208400,4,Tiptronic,Rear,4-5,Left wheel,Sky blue,12,28852.0,13176.54268993039
45196673,0,HYUNDAI,Sonata,2021,Sedan,Yes,Petrol,2.4,656400,4,Tiptronic,Front,4-5,Left wheel,White,8,100.0,5907.447222638741
45198863,0,VOLKSWAGEN,Passat,1999,Sedan,Yes,Petrol,1.8 T,195564,4,Tiptronic,Front,4-5,Left wheel,Carnelian red,12,25089.0,30754.179706112438
45203976,0,FORD,Transit,2011,Goods wagon,No,Diesel,2.5 T,448300,4,Manual,Rear,4-5,Left wheel,White,6,14113.0,2380.3169584076095
45207807,761,FORD,Transit Connect,2010,Goods wagon,No,Diesel,1.8 T,490000,4,Manual,Front,4-5,Left wheel,Orange,2,12231.0,-378.8375109590597
45210294,0,LAND ROVER,Range Rover,2009,Jeep,Yes,Diesel,2.5 T,286300,4,Manual,4x4,4-5,Left wheel,Blue,0,14113.0,82673.52530660665
45211772,843,TOYOTA,Prius,2015,Hatchback,No,Hybrid,1.5,514200,4,Automatic,Front,4-5,Left wheel,Silver,12,11290.0,321.8478424617788
45211864,781,TOYOTA,Camry,2002,Sedan,Yes,Petrol,2.5,376500,4,Tiptronic,Front,4-5,Left wheel,White,6,19444.0,18471.92335790022
45212713,640,BMW,528,2004,Sedan,Yes,Petrol,2.0 T,386598,4,Automatic,4x4,4-5,Left wheel,White,12,22000.0,18908.83620209586
45218851,966,DODGE,Caliber,2015,Sedan,No,Petrol,2,646700,4,Automatic,Front,4-5,Left wheel,Black,8,8311.0,-6443.006442812613
45220321,5679,MERCEDES-BENZ,C 240,2017,Universal,Yes,Petrol,2.4,643645,6,Automatic,Rear,4-5,Right-hand drive,Blue,12,7840.0,-49665.4371512902
45221191,11714,MERCEDES-BENZ,E 500,2010,Sedan,Yes,Petrol,5,523800,12,Tiptronic,Rear,4-5,Right-hand drive,White,12,11917.0,-133767.52319048572
45223372,0,MERCEDES-BENZ,CLK 320,2015,Coupe,Yes,Petrol,3.2,137977,6,Tiptronic,Rear,2-3,Left wheel,Black,8,11917.0,19946.73671114431
45234323,0,BMW,X5,2001,Jeep,Yes,Diesel,3,336900,6,Tiptronic,4x4,4-5,Left wheel,Black,12,21639.0,41619.68510068383
45237191,0,BMW,X5,2014,Jeep,Yes,Petrol,4.4 T,0,8,Tiptronic,4x4,>5,Left wheel,Black,12,100355.0,48262.64575799727
45238206,0,MERCEDES-BENZ,CLS 55 AMG,2022,Sedan,Yes,Petrol,5.5,742500,8,Tiptronic,4x4,4-5,Left wheel,White,8,300.0,21297.864710697067
45239448,0,OPEL,Meriva,2017,Minivan,No,Petrol,1.6,649300,4,Automatic,Front,4-5,Left wheel,Silver,8,7840.0,-5620.157102268597
45262568,810,TOYOTA,Corolla IM,2002,Hatchback,No,Petrol,1.8,308300,4,Automatic,Front,4-5,Left wheel,White,10,23834.0,3752.074990876603
45263264,0,VOLKSWAGEN,Tiguan,1997,Jeep,No,Petrol,2.0 T,42776,4,Automatic,4x4,4-5,Left wheel,Black,12,30420.0,38836.1426648662
45263415,831,TOYOTA,Camry,2007,Sedan,No,Petrol,2.4,412400,4,Tiptronic,Rear,4-5,Left wheel,Silver,8,13485.0,2186.853302889227
45263433,584,HYUNDAI,Elantra,2006,Sedan,No,Petrol,1.8,425700,4,Automatic,Front,4-5,Left wheel,Blue,0,15681.0,39182.294650309595
45267760,777,TOYOTA,RAV 4,1994,Jeep,No,Petrol,2.5,177300,4,Tiptronic,Front,4-5,Left wheel,White,12,35124.0,27529.38890273963
45273740,0,FORD,Fiesta,2011,Hatchback,No,Petrol,1.6,568700,4,Automatic,Front,4-5,Left wheel,Purple,6,13172.0,7383.899877409367
45280588,308,TOYOTA,Prius C,2006,Sedan,Yes,Hybrid,1.8,375993,4,Tiptronic,Front,4-5,Left wheel,Orange,12,18189.0,26738.945364876243
45282558,0,MERCEDES-BENZ,GLC 250,2018,Jeep,Yes,Petrol,2.0 T,37554,8,Tiptronic,4x4,4-5,Left wheel,Black,12,141124.0,22384.21931776059
45283965,639,BMW,328,1989,Sedan,Yes,Petrol,2.0 T,0,4,Tiptronic,Rear,4-5,Left wheel,White,12,40142.0,30927.55368034275
45284672,0,FORD,Transit ford,2006,Goods wagon,No,Diesel,2.2,338600,4,Manual,Front,4-5,Left wheel,White,2,20385.0,82420.93232806245
45284887,781,TOYOTA,Camry,2004,Sedan,Yes,Petrol,2.5,347400,4,Tiptronic,Front,4-5,Left wheel,Black,12,21953.0,23734.952636716658
45290785,777,TOYOTA,Camry,2004,Sedan,No,Petrol,2.5,279700,4,Automatic,Front,4-5,Left wheel,Grey,12,22000.0,20830.725503547495
45290874,0,BMW,325 XI,2012,Sedan,Yes,Petrol,2.5,428600,6,Tiptronic,4x4,4-5,Left wheel,Black,8,10976.0,24988.284114488615
45290978,0,BMW,325,2013,Sedan,Yes,CNG,2.5,543100,6,Tiptronic,Rear,4-5,Right-hand drive,Black,6,9408.0,-21259.537778275844
45291247,1054,MERCEDES-BENZ,Vito,1999,Goods wagon,No,Diesel,2.2 T,265400,4,Manual,Rear,4-5,Left wheel,White,6,21500.0,32159.635142347768
45292649,843,TOYOTA,Prius,2011,Sedan,No,Hybrid,1.5,495700,4,Automatic,Front,4-5,Left wheel,Green,6,13485.0,835.0417959211154
45292831,638,DAIHATSU,Move,2015,Hatchback,No,Petrol,0.7,518500,3,Automatic,Front,4-5,Right-hand drive,Purple,4,5959.0,7088.164390852242
45293586,0,BMW,X5 X-Drive,1994,Jeep,Yes,Petrol,4.8,44800,8,Tiptronic,4x4,4-5,Left wheel,Black,0,32929.0,53965.94270895642
45303823,0,HONDA,FIT,2021,Hatchback,No,Petrol,1.3,623200,4,Automatic,Front,4-5,Right-hand drive,White,4,30.0,-7658.087373652281
45306131,0,MERCEDES-BENZ,B 170 Edition One,2010,Hatchback,Yes,Petrol,1.7,532300,4,Tiptronic,Front,4-5,Left wheel,White,12,12544.0,256997.226838818
45309715,751,HYUNDAI,Sonata LIMITED,2004,Sedan,Yes,Petrol,2.4,406493,4,Tiptronic,Front,4-5,Left wheel,Beige,8,19130.0,20680.65183717649
45312343,1018,MERCEDES-BENZ,GL 350,2011,Jeep,Yes,Diesel,3.0 T,122000,6,Tiptronic,4x4,4-5,Left wheel,Black,12,48610.0,37453.005008253574
45316133,308,TOYOTA,Prius,2008,Hatchback,No,Hybrid,1.8,256201,4,Automatic,Front,4-5,Left wheel,White,12,21012.0,18523.610425916573
45323823,777,TOYOTA,Camry,2001,Sedan,Yes,Petrol,2.5 T,391700,4,Tiptronic,Front,4-5,Left wheel,Grey,12,22266.0,18153.732828195785
45323998,0,BMW,X5,1990,Jeep,Yes,Petrol,4.4 T,21900,8,Tiptronic,4x4,4-5,Left wheel,Black,10,36065.0,69441.05872239875
45324361,0,TOYOTA,Prius,2019,Hatchback,Yes,Hybrid,1.8,601200,4,Automatic,Front,4-5,Left wheel,White,12,30.0,3425.4184297892716
45325339,308,TOYOTA,Prius,2005,Sedan,No,Hybrid,1.8,458900,4,Tiptronic,Front,4-5,Left wheel,Blue,8,15681.0,39531.80943945919
45328661,0,MITSUBISHI,L 200,2019,Pickup,No,Diesel,2.5 T,0,4,Manual,4x4,4-5,Left wheel,Grey,4,74639.0,27138.367536079764
45329787,0,TOYOTA,Vitz,2000,Hatchback,Yes,Petrol,1,0,4,Automatic,Front,4-5,Right-hand drive,Silver,2,5488.0,37588.45297117166
45333658,1598,MERCEDES-BENZ,ML 280,2001,Jeep,Yes,Diesel,3,149523,6,Automatic,4x4,4-5,Left wheel,Grey,8,27598.0,-1238.7089283674977
45334439,0,HYUNDAI,Sonata,2007,Sedan,Yes,Hybrid,2.4,356900,4,Automatic,Front,4-5,Left wheel,Black,12,17876.0,30848.027555516066
45336531,0,VOLKSWAGEN,Golf TDI,2003,Sedan,Yes,Diesel,2.0 T,221000,4,Automatic,Front,4-5,Left wheel,Grey,8,21639.0,-614.3809649259929
45341816,1834,MERCEDES-BENZ,E 220 ELEGANCE,2011,Sedan,No,Diesel,2.2 T,464600,4,Tiptronic,Rear,4-5,Left wheel,Silver,6,10976.0,-8686.042349506031
45342855,0,NISSAN,Teana,2014,Sedan,No,Petrol,2.5,525000,6,Variator,Front,4-5,Right-hand drive,White,6,11290.0,-2519.6061174021925
45349149,0,FORD,Transit,2014,Microbus,No,Diesel,2.4 T,677400,4,Manual,Rear,4-5,Right-hand drive,White,0,10976.0,-19521.56723971969
45349914,765,HYUNDAI,Elantra GT,2004,Hatchback,Yes,Petrol,2,299100,4,Automatic,Front,4-5,Left wheel,Grey,8,17249.0,38073.44169448263
45355506,0,FORD,Fusion,2000,Sedan,Yes,Plug-in Hybrid,2,235300,4,Automatic,Front,4-5,Left wheel,White,10,31361.0,36293.389833895235
45360889,777,TOYOTA,Camry,2002,Sedan,Yes,Petrol,2.5,213100,6,Automatic,Front,4-5,Left wheel,Grey,10,21953.0,26501.82928301921
45367170,843,HONDA,FIT,2014,Sedan,No,Petrol,1.5,516400,4,Automatic,Front,4-5,Left wheel,White,3,10976.0,-6262.713151609685
45369550,503,TOYOTA,Prius C,2017,Hatchback,No,Hybrid,1.5,642869,4,Automatic,Front,4-5,Left wheel,White,4,5645.0,-6914.9223010768765
45369640,0,TOYOTA,Prius s,2007,Sedan,No,Hybrid,1.8,390700,4,Variator,Front,4-5,Right-hand drive,Silver,8,19130.0,10304.304654161468
45370037,0,TOYOTA,Prius,2022,Hatchback,No,Hybrid,1.5,650209,7,Tiptronic,Front,4-5,Left wheel,White,12,30.0,-7658.357475207045
45373583,586,TOYOTA,Prius,2006,Hatchback,Yes,Hybrid,1.8,417700,4,Automatic,Front,4-5,Left wheel,Silver,12,19800.0,17097.566901704413
45378006,0,HYUNDAI,Sonata,2010,Sedan,No,Petrol,2.4,394200,4,Automatic,Front,4-5,Left wheel,Silver,12,13799.0,22274.279625510775
45384274,640,FORD,Fusion,2000,Sedan,Yes,Hybrid,2,135600,4,Variator,Front,4-5,Left wheel,Grey,4,28225.0,37740.885930589895
45388108,0,VOLKSWAGEN,Routan SEL,2003,Minivan,Yes,Petrol,4,248500,6,Automatic,Front,4-5,Left wheel,Black,4,20385.0,41456.61952825185
45393713,1268,TOYOTA,Aqua,2010,Hatchback,No,Hybrid,1.5,492300,4,Automatic,Front,4-5,Right-hand drive,Black,6,10663.0,506.8699773278058
45396242,0,HYUNDAI,Elantra,2007,Sedan,Yes,Petrol,1.8,323100,4,Tiptronic,Front,4-5,Left wheel,Grey,8,20385.0,34002.86431116033
45396586,0,MERCEDES-BENZ,GL 450,2003,Jeep,Yes,Petrol,4.5,255033,8,Tiptronic,4x4,4-5,Left wheel,Grey,12,25089.0,14699.091731200699
45396698,474,CHEVROLET,Cruze,2015,Sedan,Yes,Petrol,1.4 T,490400,4,Automatic,Front,4-5,Left wheel,Brown,12,11500.0,12912.753251057606
45397225,0,MERCEDES-BENZ,Sprinter,2018,Microbus,Yes,CNG,3.2 T,534600,6,Manual,Rear,4-5,Left wheel,White,2,10000.0,-62368.95492177032
45398739,0,HONDA,FIT,2014,Hatchback,No,Petrol,1.3,436300,4,Automatic,Front,4-5,Right-hand drive,Blue,8,7840.0,32871.5991182848
45401623,1058,LEXUS,RX 450,2012,Jeep,Yes,Hybrid,3.5,65000,6,Automatic,Front,4-5,Left wheel,Golden,8,53314.0,30793.039518376583
45407300,586,TOYOTA,Corolla,2005,Sedan,No,Petrol,1.8,466000,4,Automatic,Front,4-5,Left wheel,Grey,8,18189.0,15097.139220324467
45413707,0,TOYOTA,Aqua,2011,Sedan,No,Hybrid,1.5,503500,4,Automatic,Front,4-5,Right-hand drive,White,4,13172.0,8025.790260469414
45416277,649,HONDA,FIT,2008,Hatchback,No,Petrol,1.5,516100,4,Automatic,Front,4-5,Left wheel,Grey,12,15367.0,4234.723815424464
45416975,1202,HYUNDAI,Sonata,2002,Sedan,No,Petrol,2.4,285100,4,Tiptronic,Front,4-5,Left wheel,White,10,25089.0,16204.998860274189
45424050,0,HYUNDAI,Accent,2022,Sedan,No,Petrol,1.4,675700,4,Manual,Front,4-5,Left wheel,Silver,8,60.0,-21172.476336952233
45426429,1024,SUBARU,Forester,2008,Jeep,No,Petrol,2.5,414400,4,Tiptronic,4x4,4-5,Left wheel,Black,6,14113.0,12939.048633082522
45426755,777,FORD,Fusion,2007,Sedan,No,Petrol,2.5,414000,4,Tiptronic,Front,4-5,Left wheel,Green,12,18189.0,12245.52712791679
45429914,697,TOYOTA,Corolla IM,2004,Hatchback,No,Petrol,1.8,339900,4,Manual,Front,4-5,Left wheel,Silver,8,20385.0,5906.064530344916
45430739,0,TOYOTA,Cami,2011,Jeep,No,Petrol,1.3,624100,4,Automatic,Rear,4-5,Right-hand drive,Silver,2,9095.0,-20216.694621946866
45431701,761,TOYOTA,Prius,2006,Hatchback,No,Hybrid,1.8,399267,4,Automatic,Front,4-5,Left wheel,Black,8,14113.0,12611.722551425846
45434193,0,MITSUBISHI,Pajero IO,2022,Jeep,No,Petrol,2.5,481000,4,Automatic,4x4,4-5,Left wheel,White,6,40.0,3524.3481621443625
45434678,0,NISSAN,Vanette,2018,Minivan,No,Petrol,1.8,479800,4,Manual,4x4,4-5,Right-hand drive,Black,2,7213.0,-51453.112194797126
45435648,765,FORD,Focus,2015,Sedan,No,Petrol,2,595500,4,Automatic,Front,4-5,Left wheel,Blue,12,11290.0,22713.821573799196
45437474,0,HYUNDAI,IX35,2014,Jeep,Yes,Diesel,2.0 T,50000,4,Tiptronic,4x4,4-5,Left wheel,Carnelian red,8,51746.0,37917.596921912314
45440965,0,TOYOTA,Prius,2005,Hatchback,Yes,Hybrid,1.8,459200,4,Variator,Front,4-5,Left wheel,Silver,12,18189.0,20708.437453153932
45441243,0,SCION,tC,2004,Coupe,No,Petrol,2.5,348000,4,Tiptronic,Front,2-3,Left wheel,Blue,6,21950.0,35541.883699477155
45441578,753,KIA,Optima,2017,Sedan,No,Petrol,2.4,488600,4,Automatic,Front,4-5,Left wheel,Silver,8,8154.0,-1174.3531466636632
45449065,1202,OPEL,Zafira,2011,Minivan,No,CNG,1.6,604300,4,Manual,Front,4-5,Left wheel,Red,6,10820.0,-25759.91304727526
45451618,779,TOYOTA,Camry HYBRID,2000,Sedan,No,Hybrid,2.5,345900,4,Tiptronic,Front,4-5,Left wheel,Blue,12,24775.0,43991.464984139435
45451864,878,TOYOTA,Prius,2009,Sedan,No,Hybrid,1.8,382000,4,Variator,Front,4-5,Left wheel,Silver,0,14740.0,8669.008728939014
45453287,986,LEXUS,HS 250h,2011,Sedan,Yes,Hybrid,2.4,301300,4,Tiptronic,Front,4-5,Left wheel,Black,12,11760.0,16929.639876064604
45453355,0,KIA,Optima,2022,Sedan,Yes,Petrol,2.4,614700,8,Tiptronic,Front,4-5,Left wheel,White,8,100.0,-5887.930435592414
45454953,0,HONDA,Insight,2020,Hatchback,No,Hybrid,1.3,662000,4,Automatic,Front,4-5,Left wheel,White,4,25.0,-3295.3872311599807
45455218,639,FORD,Focus se,2008,Hatchback,No,Petrol,2,306000,4,Automatic,Front,4-5,Left wheel,Grey,6,16621.0,23135.349531030817
45456022,0,MERCEDES-BENZ,C 220,2010,Sedan,No,Diesel,2.2 T,362200,4,Automatic,Rear,4-5,Left wheel,Black,12,17562.0,9527.03694190363
45456054,0,MERCEDES-BENZ,Vito,2007,Minivan,Yes,Diesel,2.2 T,512200,4,Tiptronic,Front,4-5,Left wheel,Black,6,13485.0,15444.14589200067
45459425,0,TOYOTA,Camry,1995,Sedan,Yes,Petrol,2.5,22469,4,Tiptronic,Front,4-5,Left wheel,Grey,8,37633.0,53798.28288665615
45462026,0,BMW,530 GT,1988,Hatchback,Yes,Diesel,3.0 T,9900,6,Automatic,4x4,4-5,Left wheel,Silver,12,43905.0,78806.17185597536
45465018,1079,TOYOTA,CHR,2000,Jeep,Yes,Petrol,2,182100,4,Automatic,Front,4-5,Left wheel,Red,12,27598.0,28250.860986993117
45465142,1079,TOYOTA,CHR,2014,Jeep,Yes,Petrol,2,537300,4,Automatic,Front,4-5,Left wheel,White,12,9722.0,6137.632912394121
45465200,1079,TOYOTA,CHR,2022,Jeep,Yes,Petrol,2,763300,4,Automatic,Front,4-5,Left wheel,White,12,549.0,-9257.43103155453
45465314,1077,TOYOTA,CHR,2022,Jeep,Yes,Petrol,2,641800,4,Automatic,Front,4-5,Left wheel,Silver,12,470.0,1400.0478351851598
45471696,724,OPEL,Zafira,2013,Minivan,No,Diesel,1.7 T,401100,4,Manual,Front,4-5,Left wheel,Silver,10,13799.0,-384954.9725226674
45473360,986,SCION,tC,2012,Coupe,No,Petrol,2.4,518200,4,Automatic,Front,2-3,Left wheel,Carnelian red,8,10976.0,-13011.953513287954
45473474,0,DODGE,Caliber,2011,Universal,No,Petrol,2,461800,4,Automatic,Front,4-5,Left wheel,Black,6,13799.0,18549.869891223578
45474006,0,TOYOTA,Prius,2005,Hatchback,No,Hybrid,1.8,240469,4,Automatic,Front,4-5,Left wheel,White,4,21953.0,24725.853321101607
45476060,0,MITSUBISHI,Space Runner,2020,Hatchback,No,Petrol,2,660000,4,Manual,Front,4-5,Left wheel,Grey,0,941.0,9223.143132714655
45479281,574,HONDA,Insight,2011,Hatchback,No,Hybrid,1.3,423151,4,Automatic,Front,4-5,Left wheel,White,0,14740.0,7086.944785355408
45479610,1058,MERCEDES-BENZ,E 350,2000,Sedan,Yes,Petrol,3.5,131400,6,Tiptronic,Rear,4-5,Left wheel,Grey,12,30800.0,18553.09874425456
45479836,0,MERCEDES-BENZ,Vito,2005,Minivan,No,Diesel,2.2 T,0,4,Manual,Rear,>5,Left wheel,White,4,14113.0,5819.584652325173
45480723,0,MERCEDES-BENZ,S 550,1994,Sedan,Yes,Petrol,5.5,215600,8,Automatic,Rear,4-5,Left wheel,Black,12,31361.0,45605.4417408156
45481285,0,NISSAN,Juke,2003,Jeep,Yes,Petrol,1.6 T,222700,4,Automatic,4x4,4-5,Left wheel,Grey,4,21953.0,35558.57794718046
45487601,0,TOYOTA,Prius,2004,Sedan,No,Hybrid,1.8,264700,4,Variator,Front,4-5,Left wheel,Sky blue,12,23521.0,23552.754665981804
45491649,0,MERCEDES-BENZ,E 320 bluetec,2000,Sedan,Yes,Diesel,3.0 T,277900,6,Tiptronic,Rear,4-5,Left wheel,White,12,21326.0,36723.10958050197
45491803,0,MERCEDES-BENZ,C 320,2015,Universal,Yes,Petrol,3.2,611551,6,Tiptronic,Rear,4-5,Left wheel,Silver,8,7213.0,21504.709841711545
45492900,0,NISSAN,Note,2015,Sedan,No,LPG,1.5,569700,4,Automatic,Front,4-5,Right-hand drive,Black,0,8467.0,10233.785048373273
45495079,0,HONDA,FIT HYBRYD,2010,Hatchback,No,Hybrid,1.3,520436,4,Automatic,Front,4-5,Right-hand drive,White,2,11917.0,-3164.622330671791
45496305,0,HONDA,FIT,2019,Hatchback,No,Petrol,1.3,435094,4,Automatic,Front,4-5,Right-hand drive,Blue,4,7683.0,30700.949325820824
45497145,0,MITSUBISHI,Pajero,2018,Jeep,No,Diesel,2.5 T,516300,4,Automatic,4x4,2-3,Right-hand drive,Green,0,7213.0,56232.43176557517
45497404,1834,MERCEDES-BENZ,Vito,2010,Minivan,No,Diesel,2.2,550822,4,Manual,Rear,2-3,Left wheel,Blue,0,13172.0,58673.31409237988
45498407,0,FORD,Fusion,2003,Sedan,No,Hybrid,2,341800,4,Automatic,Front,4-5,Left wheel,Black,12,21012.0,29209.46904486
45499201,1051,KIA,Optima ex,2000,Sedan,Yes,Petrol,2.4,296100,4,Tiptronic,Front,4-5,Left wheel,Grey,10,22894.0,31547.61929584825
45499233,0,TOYOTA,Land Cruiser 11,2007,Jeep,Yes,Petrol,4.7,174300,8,Tiptronic,4x4,4-5,Left wheel,Silver,4,52373.0,39812.07972418936
45500297,0,NISSAN,Cefiro,2019,Sedan,No,CNG,2,160304,4,Automatic,Front,4-5,Left wheel,White,0,6899.0,12212.804600614292
45501980,0,NISSAN,Altima,2001,Sedan,No,Petrol,2.5,310300,4,Automatic,Front,4-5,Left wheel,Silver,8,25089.0,34347.91075561916
45502205,1018,BMW,528,1999,Sedan,Yes,Petrol,3,255900,6,Tiptronic,Rear,4-5,Left wheel,Black,10,26657.0,21815.657654985356
45502537,0,HONDA,FIT,2013,Hatchback,No,Petrol,1.3,565900,4,Variator,Front,4-5,Right-hand drive,Silver,4,7840.0,2369.351792758778
45503321,0,HONDA,FIT Sport,2010,Hatchback,No,Petrol,1.5,433100,4,Automatic,Front,4-5,Left wheel,Blue,0,14269.0,31454.717022809935
45503627,0,TOYOTA,Prius,2010,Sedan,No,Hybrid,1.5,414100,4,Variator,Front,4-5,Left wheel,Grey,11,13485.0,16340.946677717695
45504433,448,HONDA,Insight,2009,Hatchback,No,Petrol,1.3,365700,4,Variator,Front,4-5,Left wheel,Black,8,16621.0,15553.403081040096
45504593,640,FORD,Fusion Hybrid,2005,Sedan,No,Hybrid,2,318700,4,Variator,Front,4-5,Left wheel,Brown,12,19287.0,20203.477220611836
45506364,749,HYUNDAI,Sonata,2003,Sedan,Yes,Petrol,2.4,461000,4,Tiptronic,Front,4-5,Left wheel,White,8,17876.0,16351.401447688584
45506748,0,HONDA,FIT,2011,Hatchback,No,Hybrid,1.3,573000,2,Automatic,Front,4-5,Right-hand drive,White,6,10450.0,3064.000620033252
45506820,753,KIA,Optima,2011,Sedan,No,Petrol,2.4,594900,4,Tiptronic,Front,4-5,Left wheel,Black,12,15800.0,-947.4075928837192
45508836,843,TOYOTA,Prius,2006,Hatchback,No,Hybrid,1.5,461000,4,Automatic,Front,4-5,Left wheel,Silver,12,13172.0,7468.54862129516
45509166,831,NISSAN,Versa,2011,Sedan,No,Petrol,1.6,478900,4,Automatic,Front,4-5,Left wheel,White,6,10976.0,-5509.317681094806
45509252,924,HONDA,Hr-v EX,2001,Jeep,No,Petrol,1.8,244200,4,Automatic,4x4,4-5,Left wheel,Black,8,26500.0,26422.157509610868
45510462,779,VOLKSWAGEN,Passat,2007,Sedan,Yes,Petrol,2.5,440600,4,Tiptronic,Front,4-5,Left wheel,Blue,8,15053.0,42825.775981261686
45511664,531,HYUNDAI,Veloster,2008,Hatchback,No,Petrol,1.6,526500,4,Manual,Front,4-5,Left wheel,Blue,12,14113.0,-9866.045228959101
45514424,1268,TOYOTA,Aqua,2010,Hatchback,No,Hybrid,1.5,498200,4,Automatic,Front,4-5,Right-hand drive,Black,6,10349.0,208.34124152654113
45515025,0,MERCEDES-BENZ,ML 320,2001,Jeep,Yes,Diesel,3.2 T,168100,6,Tiptronic,4x4,4-5,Left wheel,Silver,12,30734.0,26181.315877504436
45517285,0,BMW,530 i,2014,Sedan,No,Petrol,3,566400,6,Tiptronic,Rear,4-5,Left wheel,White,10,9722.0,-5586.628026112092
45519139,0,MERCEDES-BENZ,ML 320,2011,Jeep,Yes,Petrol,3.2,445100,6,Tiptronic,4x4,4-5,Left wheel,Silver,8,14113.0,15809.276089611289
45520980,0,BMW,335,2008,Coupe,Yes,Petrol,3.0 T,0,6,Tiptronic,4x4,2-3,Left wheel,Black,4,18189.0,62226.81881611047
45521388,0,BMW,X6,1990,Jeep,Yes,Petrol,3.0 T,0,6,Tiptronic,4x4,4-5,Left wheel,Black,16,42337.0,65637.21200976151
45521491,0,TOYOTA,Vitz,2018,Hatchback,No,Petrol,1.3,593000,4,Variator,Front,4-5,Right-hand drive,Purple,4,8624.0,8419.267875775735
45522354,0,LAND ROVER,Discovery IV,1991,Jeep,Yes,Diesel,2.7,36000,6,Tiptronic,4x4,4-5,Left wheel,Black,0,39829.0,82658.88089839744
45522613,751,HYUNDAI,Sonata,2009,Sedan,Yes,Petrol,2.4,79233,4,Tiptronic,Front,4-5,Left wheel,Grey,6,14113.0,38157.74544170046
45522623,382,TOYOTA,Prius C,2003,Hatchback,No,Hybrid,1.5,333100,4,Automatic,Front,4-5,Left wheel,White,8,25089.0,16794.715571956967
45522931,761,TOYOTA,Prius,2015,Sedan,No,Hybrid,1.8,582500,4,Variator,Front,4-5,Left wheel,Grey,6,8467.0,-2633.2193066358923
45522935,586,TOYOTA,Prius,2004,Hatchback,No,Hybrid,1.8,202400,4,Automatic,Front,4-5,Left wheel,Black,8,19914.0,25514.35089437122
45523136,0,CHEVROLET,Volt,2000,Hatchback,No,Plug-in Hybrid,1.4,300133,4,Automatic,Front,4-5,Left wheel,Carnelian red,10,23521.0,19506.963436421454
45523464,1079,TOYOTA,CHR,2021,Jeep,Yes,Petrol,2,584400,4,Automatic,Front,4-5,Left wheel,Grey,12,2195.0,5649.810336602439
45523519,0,OPEL,Astra,2022,Sedan,No,Petrol,1.8,564400,4,Automatic,Front,4-5,Left wheel,Carnelian red,3,3700.0,27824.14602709056
45523527,1077,TOYOTA,CHR,2017,Jeep,Yes,Petrol,2,588000,4,Automatic,Front,4-5,Left wheel,Red,12,5488.0,-679.3782973943489
45523575,1079,TOYOTA,CHR,2022,Jeep,Yes,Petrol,2,730900,4,Automatic,Front,4-5,Left wheel,Silver,12,549.0,-3130.5456008213296
45523719,1077,TOYOTA,CHR,1996,Jeep,Yes,Petrol,2,68200,4,Automatic,Front,4-5,Left wheel,White,12,29793.0,38805.26555271528
45523740,1077,TOYOTA,CHR,2003,Jeep,Yes,Petrol,2,352997,4,Automatic,Front,4-5,Left wheel,Silver,12,21012.0,25417.679879060914
45524708,1077,TOYOTA,CHR,2019,Jeep,Yes,Petrol,2,571000,4,Automatic,Front,4-5,Left wheel,Silver,12,470.0,6467.35344731377
45524725,1077,TOYOTA,CHR,2021,Jeep,Yes,Petrol,2,775100,4,Automatic,Front,4-5,Left wheel,Grey,12,549.0,-3976.942037084351
45525662,0,TOYOTA,Prius,2012,Sedan,No,Hybrid,1.8,0,4,Automatic,Front,4-5,Left wheel,White,12,13485.0,32405.710887185647
45532039,639,VOLKSWAGEN,Tiguan,1997,Jeep,Yes,Petrol,2.0 T,137500,12,Tiptronic,4x4,4-5,Left wheel,White,12,27598.0,15646.724447792263
45533216,0,FORD,Focus,2008,Hatchback,Yes,Petrol,2,371200,4,Automatic,Front,4-5,Left wheel,Blue,10,15681.0,51084.80761304155
45538177,0,HONDA,Odyssey,2016,Minivan,Yes,LPG,3.5,579500,6,Automatic,Front,4-5,Left wheel,Grey,14,10976.0,8403.102303618056
45539076,650,VOLKSWAGEN,Jetta,2013,Sedan,No,Petrol,1.4,542900,4,Tiptronic,Rear,4-5,Left wheel,Black,10,13172.0,-44143.37139994099
45539130,0,TOYOTA,Camry,2009,Sedan,Yes,Hybrid,2.4,318400,4,Tiptronic,Front,4-5,Left wheel,Sky blue,8,17719.0,30682.212851798853
45540661,585,TOYOTA,Prius,2006,Hatchback,No,Hybrid,1.8,413100,4,Automatic,Front,4-5,Left wheel,Sky blue,8,16500.0,10628.714207486199
45542725,730,NISSAN,Versa,2013,Sedan,No,Petrol,1.6,534800,4,Automatic,Front,4-5,Left wheel,Black,6,10506.0,-3055.901802921042
45543139,765,SUBARU,Forester XT,2003,Hatchback,Yes,Petrol,2.0 T,172090,4,Automatic,4x4,4-5,Left wheel,Red,10,22110.0,19601.91979741147
45543272,1107,OPEL,Astra,2007,Universal,Yes,Diesel,1.7 T,0,4,Manual,Front,4-5,Left wheel,Silver,10,9408.0,-358149.3974913262
45543495,639,FORD,Focus,2009,Hatchback,Yes,Petrol,2,169056,4,Tiptronic,Front,4-5,Left wheel,Black,12,14740.0,33085.42041796658
45544836,382,HYUNDAI,Sonata Hibrid,2002,Sedan,Yes,Hybrid,2.4,301800,4,Automatic,Front,4-5,Left wheel,Black,7,22894.0,33070.5877502143
45546280,530,MINI,Countryman,1999,Jeep,Yes,Petrol,1.6 T,286600,4,Automatic,4x4,4-5,Left wheel,Blue,16,26030.0,45026.17121981348
45546549,751,KIA,Sorento,1998,Jeep,No,Petrol,2.4,298600,4,Automatic,Front,4-5,Left wheel,Silver,7,25402.0,19635.530114327616
45547655,1091,MAZDA,Mazda 6,2001,Sedan,No,Petrol,2.5,218200,4,Tiptronic,Rear,4-5,Left wheel,Grey,12,26657.0,9934.04472993057
45548747,640,FORD,Escape,2005,Jeep,Yes,Petrol,2.0 T,354300,4,Automatic,Front,4-5,Left wheel,Carnelian red,10,20385.0,17930.122047446606
45549289,1039,FIAT,Panda,2016,Jeep,No,Petrol,1.2,587000,4,Manual,4x4,4-5,Left wheel,Sky blue,6,9408.0,-71302.03257370519
45549477,0,HYUNDAI,Tucson,1987,Jeep,No,Petrol,1.6 T,58900,4,Tiptronic,4x4,4-5,Left wheel,Black,10,45473.0,-34900.26871953949
45549637,642,VOLKSWAGEN,Golf,2012,Hatchback,No,Diesel,2.0 T,0,4,Manual,Front,4-5,Left wheel,Grey,12,17876.0,50388.3922831159
45550444,502,TOYOTA,Prius C,2006,Hatchback,Yes,Hybrid,1.5,415600,4,Automatic,Front,4-5,Left wheel,Blue,12,17249.0,41773.40353982005
45550736,1032,NISSAN,Note,2010,Hatchback,No,Petrol,1.2,466100,4,Automatic,Front,4-5,Right-hand drive,White,4,10663.0,-21932.491073407262
45550910,0,TOYOTA,Prius,2022,Sedan,No,Hybrid,1.5,584800,4,Automatic,Front,4-5,Left wheel,Black,0,50.0,3537.4563654831563
45551308,640,FORD,C-MAX,2005,Hatchback,Yes,Plug-in Hybrid,2,387500,4,Automatic,Front,4-5,Left wheel,White,12,20071.0,14636.819687220855
45551485,0,BMW,525,2010,Sedan,Yes,Petrol,2.5,430000,6,Automatic,Rear,4-5,Left wheel,Grey,4,10349.0,17554.326781454398
45552370,697,TOYOTA,Corolla S,2007,Sedan,Yes,Petrol,1.8,533700,4,Automatic,Front,4-5,Left wheel,Black,8,17405.0,16736.32270586806
45556857,1104,BMW,X5,2015,Jeep,Yes,Petrol,3.0 T,80000,6,Tiptronic,4x4,4-5,Left wheel,Blue,12,82166.0,47101.36391911241
45561360,0,MITSUBISHI,Minica,2006,Pickup,No,Petrol,0.7,0,3,Manual,4x4,2-3,Right-hand drive,White,0,9408.0,37867.605999888845
45566367,730,NISSAN,Juke,2022,Jeep,Yes,Petrol,1.6,248528,4,Automatic,4x4,4-5,Left wheel,Silver,0,470.0,9577.074388116163
45568214,645,TOYOTA,Prius,2011,Sedan,Yes,Hybrid,1.8,442100,4,Automatic,Front,4-5,Left wheel,White,10,10976.0,7828.229624787051
45571485,0,MERCEDES-BENZ,E 220,1998,Sedan,No,Diesel,2.2,0,4,Manual,Rear,4-5,Left wheel,Silver,6,8467.0,44580.03988607413
45571500,0,FORD,Fusion,2021,Sedan,No,Hybrid,2,778300,4,Automatic,Front,4-5,Left wheel,Black,10,80.0,-1664.7305166642254
45571827,1055,MERCEDES-BENZ,ML 350,2013,Jeep,Yes,Petrol,3.5,97400,6,Tiptronic,4x4,4-5,Left wheel,Black,12,49550.0,22975.520977254917
45571864,585,HYUNDAI,Elantra GT,2014,Hatchback,No,Petrol,1.8,482700,4,Automatic,Front,4-5,Left wheel,White,8,11227.0,-6607.222490635664
45571904,0,FIAT,500,2014,Coupe,No,Petrol,1.4,388172,4,Tiptronic,Front,2-3,Left wheel,Red,8,13172.0,31312.366503511974
45572348,934,TOYOTA,RAV 4,1984,Jeep,No,Petrol,2.5,2100,4,Automatic,4x4,4-5,Left wheel,White,6,46728.0,35607.73268242816
45573325,0,TOYOTA,Prius,2014,Hatchback,No,Hybrid,1.5,572600,4,Automatic,Front,4-5,Left wheel,Red,6,10036.0,351.2075383815027
45573586,707,BMW,528,1999,Sedan,Yes,Petrol,2.0 T,245700,4,Tiptronic,4x4,4-5,Left wheel,Grey,0,28225.0,36076.69640075662
45585647,1514,MERCEDES-BENZ,GL 450,1992,Jeep,Yes,Petrol,4.6,33200,8,Automatic,4x4,4-5,Left wheel,Black,10,37633.0,33723.62742515323
45586984,0,TOYOTA,Prius,2005,Hatchback,No,Hybrid,1.8,346600,4,Automatic,Front,4-5,Left wheel,White,8,21169.0,19112.563797408002
45587504,1202,HYUNDAI,Santa FE,1989,Jeep,No,Petrol,2.4,83900,4,Tiptronic,Front,4-5,Left wheel,Silver,12,38260.0,22878.397961363517
45588919,0,TOYOTA,ISIS,2007,Minivan,Yes,CNG,2,0,4,Tiptronic,Front,4-5,Right-hand drive,Black,4,10506.0,32181.550311319566
45590039,761,TOYOTA,Prius,2015,Sedan,No,Hybrid,1.8,576100,4,Automatic,Front,4-5,Left wheel,Silver,6,9722.0,-1862.9060855082062
45590726,0,TOYOTA,Ist,2018,Sedan,No,Petrol,1.5,460300,4,Automatic,Front,4-5,Right-hand drive,Silver,2,8154.0,12137.77777229395
45591071,1266,TOYOTA,Aqua,2008,Hatchback,No,Hybrid,1.5,514387,4,Automatic,Front,4-5,Right-hand drive,Brown,6,14113.0,1247.1509940184806
45598183,0,UAZ,31514,1957,Jeep,No,Petrol,2,0,4,Manual,4x4,2-3,Left wheel,Yellow,0,7527.0,117055.33020898326
45603421,0,MERCEDES-BENZ,E 220,2010,Sedan,No,Diesel,2.2 T,417200,4,Tiptronic,Rear,4-5,Left wheel,Silver,10,12544.0,12854.144246405223
45604408,0,MITSUBISHI,Pajero,2011,Jeep,Yes,Petrol,3,302400,4,Automatic,4x4,4-5,Left wheel,Silver,6,16500.0,3774.986447531739
45604748,1408,FORD,Transit,2002,Microbus,No,Diesel,2.2,375400,4,Manual,Front,4-5,Left wheel,Blue,2,18189.0,25909.344957036934
45605313,1017,HYUNDAI,Tucson SE,2000,Jeep,Yes,Petrol,2,126700,4,Automatic,Front,4-5,Left wheel,Black,10,26500.0,51132.31362043904
45606051,0,MERCEDES-BENZ,Vito,2018,Minivan,No,Diesel,2.2,605400,2,Manual,Rear,2-3,Left wheel,White,6,5500.0,47366.6164664187
45607976,531,NISSAN,Juke,2021,Sedan,Yes,Petrol,1.6,618500,4,Automatic,4x4,4-5,Left wheel,White,0,470.0,-10023.031131495041
45609287,1266,TOYOTA,Aqua,2012,Hatchback,No,Hybrid,1.5,622800,4,Automatic,Front,4-5,Right-hand drive,Silver,4,10349.0,-7600.206134693977
45610623,475,FIAT,500L LONG,2013,Coupe,No,Petrol,1.4,587700,4,Automatic,Front,4-5,Left wheel,Black,12,10036.0,-58026.32371252387
45611331,0,MERCEDES-BENZ,C 240,2010,Sedan,Yes,Petrol,2.4,445976,6,Tiptronic,Rear,4-5,Left wheel,Black,8,10663.0,3114.935221041229
45615516,530,NISSAN,Juke,2016,Jeep,Yes,Petrol,1.6,632100,4,Automatic,Front,4-5,Left wheel,Black,0,6272.0,-1843.173544129917
45615518,530,NISSAN,Juke,2008,Jeep,Yes,Petrol,1.6,527600,4,Automatic,4x4,4-5,Left wheel,Red,0,12231.0,-2659.8026323397353
45615522,530,NISSAN,Juke,2021,Jeep,Yes,Petrol,1.6,632100,4,Automatic,4x4,4-5,Left wheel,White,0,3607.0,-11593.102412421638
45617530,394,TOYOTA,Camry,2014,Sedan,Yes,Hybrid,2.5,510500,4,Automatic,Front,4-5,Left wheel,Black,12,11133.0,12802.675294764053
45617608,609,TOYOTA,Camry,2004,Sedan,Yes,Hybrid,2.5,300200,4,Automatic,Front,4-5,Left wheel,White,12,18817.0,20850.198021804383
45617629,394,TOYOTA,Camry,2021,Sedan,Yes,Hybrid,2.5,820200,4,Automatic,Front,4-5,Left wheel,Black,12,1098.0,-6332.461922792776
45617663,503,TOYOTA,Prius C,2010,Hatchback,No,Hybrid,1.5,456400,4,Automatic,Front,4-5,Left wheel,Brown,8,16935.0,11732.755701307306
45617833,1172,MERCEDES-BENZ,E 350,2008,Sedan,Yes,Diesel,3.5,333700,6,Automatic,4x4,4-5,Left wheel,Black,12,18189.0,29987.410814407638
45617942,1055,MERCEDES-BENZ,E 350,2020,Sedan,Yes,Diesel,3.5,515400,6,Automatic,Rear,4-5,Left wheel,Grey,12,3450.0,4996.605499215004
45617986,1598,MERCEDES-BENZ,E 350,2021,Sedan,Yes,Diesel,3,623209,6,Automatic,Rear,4-5,Left wheel,Black,12,1568.0,-13535.827403507079
45618012,765,MERCEDES-BENZ,GLA 250,2012,Jeep,Yes,Petrol,2,594000,4,Automatic,4x4,4-5,Left wheel,White,0,11133.0,2797.027306731181
45618013,1053,MERCEDES-BENZ,E 350,2016,Sedan,Yes,Diesel,3.5,527600,6,Automatic,4x4,4-5,Left wheel,Black,12,11133.0,17543.606483298146
45618035,765,MERCEDES-BENZ,GLA 250,2018,Jeep,Yes,Petrol,2,714400,4,Automatic,4x4,4-5,Left wheel,White,0,1019.0,-6264.9043922741
45618050,1018,MERCEDES-BENZ,E 350,2014,Sedan,Yes,Diesel,3,497800,6,Automatic,Rear,4-5,Left wheel,White,12,7997.0,-2402.929047722282
45618054,1172,MERCEDES-BENZ,E 350,2006,Sedan,Yes,Diesel,3.5,456100,6,Automatic,4x4,4-5,Left wheel,Black,12,18189.0,24784.17835381103
45618057,1292,MERCEDES-BENZ,GLE 350,2019,Jeep,Yes,Petrol,3,625000,6,Automatic,4x4,4-5,Left wheel,White,0,6272.0,5903.444265272001
45618096,1053,MERCEDES-BENZ,E 350,2022,Sedan,Yes,Diesel,3.5,696700,6,Automatic,4x4,4-5,Left wheel,Black,12,188.0,6017.547761662239
45618353,0,TOYOTA,Corolla,1990,Sedan,No,Petrol,1.6,138000,4,Automatic,Front,4-5,Left wheel,White,12,40769.0,28690.09348170145
45619019,1172,MERCEDES-BENZ,E 350,2022,Sedan,Yes,Diesel,3.5,766500,6,Automatic,4x4,4-5,Left wheel,Silver,12,157.0,500.7534010603158
45619026,1058,MERCEDES-BENZ,E 350,2022,Sedan,Yes,Diesel,3.5,618200,6,Automatic,4x4,4-5,Left wheel,Black,12,157.0,9933.739029294695
45619089,1053,MERCEDES-BENZ,E 350,2021,Sedan,Yes,Diesel,3.5,816000,6,Automatic,Rear,4-5,Left wheel,White,12,941.0,-16046.119976478498
45619226,1172,MERCEDES-BENZ,E 350,2022,Sedan,Yes,Diesel,3.5,602700,6,Automatic,4x4,4-5,Left wheel,Grey,12,627.0,9661.469382057807
45619251,1053,MERCEDES-BENZ,E 350,2022,Sedan,Yes,Diesel,3.5,695000,6,Automatic,4x4,4-5,Left wheel,Silver,12,188.0,5445.577791962043
45619314,1604,MERCEDES-BENZ,E 350,2020,Sedan,Yes,Diesel,5.5,599900,8,Automatic,4x4,4-5,Left wheel,Grey,12,627.0,1795.0906185466047
45619724,1017,MERCEDES-BENZ,GLA 250,1990,Jeep,Yes,Petrol,2,0,4,Automatic,4x4,4-5,Left wheel,Black,0,45787.0,46077.253060731455
45620554,1793,MERCEDES-BENZ,E 350,2009,Sedan,Yes,Diesel,5.5,571700,8,Automatic,4x4,4-5,Left wheel,Black,12,13172.0,6344.366045228951
45620571,1172,MERCEDES-BENZ,E 350,2006,Sedan,Yes,Diesel,3.5,319155,6,Automatic,4x4,4-5,Left wheel,Black,12,14583.0,31713.33390030303
45620823,1172,MERCEDES-BENZ,E 350,2022,Sedan,Yes,Diesel,3.5,573700,6,Automatic,4x4,4-5,Left wheel,Grey,12,627.0,11128.814015657172
45621479,364,TOYOTA,Vitz,2013,Hatchback,No,Petrol,1,474130,4,Variator,Front,4-5,Left wheel,White,2,9700.0,-8083.0494287210495
45621679,1405,BMW,X5,2022,Jeep,Yes,Diesel,3,262163,6,Automatic,4x4,4-5,Left wheel,Green,0,78.0,14957.460566481528
45621686,1104,BMW,X5,2017,Jeep,Yes,Diesel,3,513100,6,Automatic,4x4,4-5,Left wheel,Black,0,3607.0,10981.866872431743
45621739,1055,MERCEDES-BENZ,E 350,2022,Sedan,Yes,Diesel,3.5,784900,6,Automatic,4x4,4-5,Left wheel,Black,12,157.0,1532.4926073881288
45622332,0,MAZDA,Verisa,2014,Hatchback,Yes,Petrol,1.5,340200,4,Automatic,Front,4-5,Right-hand drive,Silver,2,7527.0,5924.114036645164
45622646,1850,NISSAN,Murano,2013,Jeep,Yes,Petrol,3.5,412800,6,Automatic,4x4,4-5,Left wheel,Black,6,10036.0,9813.547007765592
45622725,0,PONTIAC,G6,2022,Sedan,No,Petrol,2.4,557700,6,Automatic,Front,4-5,Left wheel,White,6,6600.0,7761.085227035761
45624039,0,FORD,Mustang,1987,Cabriolet,Yes,Petrol,2.3 T,0,4,Tiptronic,Rear,2-3,Left wheel,Silver,6,42337.0,47175.56301520309
45624062,843,TOYOTA,Prius,2012,Sedan,No,Hybrid,1.5,468400,4,Variator,Front,4-5,Left wheel,Black,8,11290.0,3170.2381640390304
45624752,1537,TOYOTA,Highlander,2022,Jeep,Yes,Hybrid,3.3,791500,6,Automatic,4x4,4-5,Left wheel,White,12,784.0,-18032.756165084167
45624756,1058,TOYOTA,Highlander,1999,Jeep,Yes,Hybrid,3.5,148300,6,Automatic,4x4,4-5,Left wheel,Silver,12,29479.0,36603.4140082837
45624795,1537,TOYOTA,Highlander,2017,Jeep,Yes,Hybrid,3.3,556300,6,Automatic,4x4,4-5,Left wheel,Green,12,7997.0,-1401.3778915082366
45625167,781,TOYOTA,Camry,2020,Sedan,Yes,Hybrid,2.5,632700,4,Automatic,Front,4-5,Left wheel,White,12,3607.0,-5811.562840799554
45625438,697,HYUNDAI,Elantra,2007,Sedan,No,Petrol,1.8,497600,4,Automatic,Front,4-5,Left wheel,White,8,13172.0,5451.369260152944
45625901,1104,BMW,X5,2011,Jeep,Yes,Petrol,3,398500,6,Automatic,4x4,4-5,Left wheel,White,0,15994.0,-3355.4990942339646
45625937,919,BMW,X5,2012,Jeep,Yes,Diesel,3,511435,6,Automatic,4x4,4-5,Left wheel,Black,0,10820.0,15604.12519735815
45625974,1405,BMW,X5,2021,Sedan,Yes,Petrol,3,663900,6,Automatic,4x4,4-5,Left wheel,Black,0,627.0,-19052.20208786131
45627310,333,SUBARU,XV,2006,Sedan,Yes,Hybrid,2,438900,4,Automatic,4x4,4-5,Left wheel,White,0,15681.0,16234.137317924109
45627333,862,TOYOTA,RAV 4,2003,Jeep,Yes,Petrol,2.5,378800,4,Automatic,4x4,4-5,Left wheel,Green,8,23207.0,14447.95784132825
45629166,640,FORD,Fusion,2017,Sedan,Yes,Hybrid,2,631100,4,Automatic,Front,4-5,Left wheel,White,0,3763.0,456.9958638788412
45629612,640,SUBARU,XV,2020,Sedan,Yes,Petrol,2,710900,4,Automatic,4x4,4-5,Left wheel,Grey,0,1803.0,-2696.9810049678235
45629900,382,FORD,Fusion,2021,Sedan,Yes,Hybrid,2,157566,4,Automatic,Front,4-5,Left wheel,Black,0,2587.0,30459.61574214851
45629962,382,FORD,Fusion,2019,Sedan,Yes,Hybrid,2,674000,4,Automatic,Front,4-5,Left wheel,Green,0,2666.0,2429.2938300418064
45631247,765,SUBARU,XV,2021,Sedan,Yes,Petrol,2,604100,4,Automatic,4x4,4-5,Left wheel,Black,0,706.0,603.1746536049613
45631908,1195,FORD,Transit,2013,Microbus,No,Diesel,2.2 T,380200,4,Manual,Front,4-5,Left wheel,White,4,11917.0,-13156.514342289294
45633842,1018,BMW,X5,2015,Jeep,Yes,Diesel,3,489300,6,Automatic,4x4,4-5,Left wheel,Black,0,10036.0,14135.127702284779
45634846,642,VOLKSWAGEN,Jetta,2022,Sedan,Yes,Diesel,2,678360,4,Automatic,Front,4-5,Left wheel,Black,12,941.0,19512.967953517833
45634853,779,VOLKSWAGEN,Jetta,2019,Sedan,Yes,Diesel,2.5,628400,5,Automatic,Front,4-5,Left wheel,White,12,1411.0,13441.491658425544
45634858,640,VOLKSWAGEN,Jetta,2022,Sedan,Yes,Diesel,2,720900,4,Automatic,Front,4-5,Left wheel,White,12,627.0,12237.334702348842
45635049,1202,MITSUBISHI,Outlander,1990,Jeep,No,Petrol,2.4,36700,4,Variator,4x4,4-5,Left wheel,Grey,12,40142.0,35340.317467856075
45635084,697,VOLKSWAGEN,Jetta,2017,Sedan,Yes,Diesel,1.8,484000,4,Automatic,Front,4-5,Left wheel,Black,12,6272.0,8488.960686492523
45635130,640,FORD,Fusion,2018,Sedan,Yes,Hybrid,2,507000,4,Automatic,Front,4-5,Left wheel,White,0,3763.0,6241.232006363385
45635144,640,VOLKSWAGEN,Jetta,2022,Sedan,Yes,Diesel,2,855758,4,Automatic,Front,4-5,Left wheel,White,12,627.0,5413.77737138524
45635230,394,TOYOTA,Camry,2009,Sedan,Yes,Hybrid,2.5,463700,4,Automatic,Front,4-5,Left wheel,Black,12,11133.0,17645.60058237119
45636226,730,NISSAN,Juke,2022,Jeep,Yes,Petrol,1.6,722900,4,Automatic,4x4,4-5,Left wheel,Black,0,2117.0,-13767.25642331069
45636327,765,FORD,Fusion,2006,Sedan,Yes,Petrol,2,350400,4,Automatic,Front,4-5,Left wheel,Black,0,16935.0,23680.976089203294
45636331,333,FORD,Fusion,2017,Sedan,Yes,Hybrid,2,671800,4,Automatic,Front,4-5,Left wheel,Black,0,862.0,6966.741660873957
45636336,382,FORD,Fusion,2022,Sedan,Yes,Hybrid,2,516500,4,Automatic,Front,4-5,Left wheel,Black,0,2587.0,11803.253686493634
45636354,640,FORD,Fusion,2021,Sedan,Yes,Hybrid,2,623800,4,Automatic,Front,4-5,Left wheel,White,0,3763.0,-1153.5857831987341
45636741,765,SUBARU,XV,2022,Sedan,Yes,Petrol,2,655000,4,Automatic,4x4,4-5,Left wheel,Black,0,706.0,-2467.255096320543
45636893,595,TOYOTA,Yaris iA,2008,Sedan,No,Petrol,1.5,308400,4,Tiptronic,Front,4-5,Left wheel,Black,12,17249.0,9679.57921481829
45636965,382,FORD,Fusion,2022,Sedan,Yes,Hybrid,2,641300,4,Automatic,Front,4-5,Left wheel,Black,0,2587.0,5488.611952934922
45636981,333,FORD,Fusion,2022,Sedan,Yes,Hybrid,2,589800,4,Automatic,Front,4-5,Left wheel,White,0,314.0,3495.3564576299923
45637564,781,VOLKSWAGEN,Passat,2005,Sedan,Yes,Petrol,2.5,419600,4,Automatic,Front,4-5,Left wheel,Silver,5,18503.0,19453.824908321323
45637937,0,FORD,Fusion,2003,Sedan,Yes,Plug-in Hybrid,2,465400,4,Variator,Front,4-5,Left wheel,Carnelian red,12,26030.0,24859.644286860632
45638140,640,FORD,Fusion,2022,Sedan,Yes,Hybrid,2,650100,4,Automatic,Front,4-5,Left wheel,Grey,0,282.0,2380.9534949632616
45638150,640,FORD,Fusion,2019,Sedan,Yes,Hybrid,2,610000,4,Automatic,Front,4-5,Left wheel,White,0,4077.0,534.6417250403647
45638738,530,NISSAN,Juke,2020,Jeep,Yes,Petrol,1.6,444800,4,Automatic,4x4,4-5,Left wheel,White,0,3293.0,-1621.0930754976944
45638947,629,NISSAN,Juke,2021,Jeep,Yes,Petrol,1.6,678800,4,Automatic,4x4,4-5,Left wheel,Black,0,1411.0,-9914.564693696768
45639990,0,SUBARU,Forester,2006,Jeep,Yes,Petrol,2.5,473300,4,Tiptronic,4x4,4-5,Left wheel,Golden,4,16308.0,20019.881275814343
45640815,609,TOYOTA,Camry,2015,Sedan,Yes,Hybrid,2.5,556100,4,Automatic,Front,4-5,Left wheel,Black,12,9722.0,7602.784392460999
45641167,530,NISSAN,Juke,2010,Jeep,Yes,Petrol,1.6,376100,4,Automatic,4x4,4-5,Left wheel,Red,0,14426.0,4015.8342709375866
45641190,781,TOYOTA,Camry,2021,Sedan,Yes,Hybrid,2.5,679200,4,Automatic,Front,4-5,Left wheel,White,12,3136.0,-8659.360991144466
45641204,629,NISSAN,Juke,2018,Jeep,Yes,Petrol,1.6,617500,4,Automatic,4x4,4-5,Left wheel,Black,0,5018.0,-5327.940944298985
45641225,730,NISSAN,Juke,2022,Jeep,Yes,Petrol,1.6,472700,4,Automatic,4x4,4-5,Left wheel,Black,0,2117.0,-1107.6141017050031
45641263,779,TOYOTA,Camry,2019,Sedan,Yes,Hybrid,2.5,538600,4,Automatic,Front,4-5,Left wheel,Black,12,5018.0,4612.501989230928
45641398,779,TOYOTA,Camry,2019,Sedan,Yes,Hybrid,2.5,710800,4,Automatic,Front,4-5,Left wheel,Black,12,5018.0,-4100.489248900543
45641660,394,TOYOTA,Camry,2018,Sedan,Yes,Hybrid,2.5,616545,4,Automatic,Front,4-5,Left wheel,White,12,5488.0,311.55903194885104
45641672,394,TOYOTA,Camry,2021,Sedan,Yes,Hybrid,2.5,679900,4,Automatic,Front,4-5,Left wheel,Black,12,784.0,766.4502183793738
45641703,394,TOYOTA,Camry,2022,Sedan,Yes,Hybrid,2.5,619900,4,Automatic,Front,4-5,Left wheel,White,12,862.0,-1838.145272749447
45641706,784,HONDA,FIT,2003,Hatchback,Yes,Petrol,1.5,237500,4,Automatic,Front,4-5,Left wheel,Purple,12,24775.0,26318.682854198327
45641734,609,TOYOTA,Camry,2010,Sedan,Yes,Hybrid,2.5,547900,4,Automatic,Front,4-5,Left wheel,Black,12,9722.0,10492.623374656607
45641753,394,TOYOTA,Camry,2022,Sedan,Yes,Hybrid,2.5,711600,4,Automatic,Front,4-5,Left wheel,Black,12,1098.0,-1332.496187921708
45642008,607,TOYOTA,Camry,2019,Sedan,Yes,Hybrid,2.5,685800,4,Automatic,Front,4-5,Left wheel,Black,12,3450.0,-917.432151603869
45642325,781,TOYOTA,Camry,2022,Sedan,Yes,Hybrid,2.5,522900,4,Automatic,Front,4-5,Left wheel,Grey,12,392.0,4114.389669612228
45642419,781,TOYOTA,Camry,2021,Sedan,Yes,Hybrid,2.5,683600,4,Automatic,Front,4-5,Left wheel,Grey,12,392.0,-3521.736596656345
45642420,779,TOYOTA,Camry,2022,Sedan,Yes,Hybrid,2.5,629800,4,Automatic,Front,4-5,Left wheel,Silver,12,392.0,-2144.9913995822208
45642454,394,TOYOTA,Camry,2022,Sedan,Yes,Hybrid,2.5,678749,4,Automatic,Front,4-5,Left wheel,White,12,862.0,-4815.792319049098
45642461,394,TOYOTA,Camry,2022,Sedan,Yes,Hybrid,2.5,769700,4,Automatic,Front,4-5,Left wheel,Grey,12,706.0,-4057.4832825837366
45642477,609,TOYOTA,Camry,2015,Sedan,Yes,Hybrid,2.5,498600,4,Automatic,Front,4-5,Left wheel,Black,12,9722.0,10512.174614252915
45642526,1486,HONDA,FIT,2016,Hatchback,No,Hybrid,1.3,512800,4,Automatic,Front,4-5,Right-hand drive,Black,4,7527.0,-10847.880511041032
45642658,779,TOYOTA,Camry,2022,Sedan,Yes,Hybrid,2.5,754400,4,Automatic,Front,4-5,Left wheel,Silver,12,392.0,-8449.513514978142
45642661,917,BMW,335,2021,Sedan,Yes,Petrol,3,667100,6,Automatic,Rear,4-5,Left wheel,Black,12,627.0,-32849.01487704404
45642931,1017,HYUNDAI,Elantra,1999,Sedan,No,Petrol,2,183594,4,Tiptronic,Front,4-5,Left wheel,Black,12,28852.0,51573.74935634848
45643261,308,TOYOTA,Prius,1999,Hatchback,No,Hybrid,1.8,174500,4,Automatic,Front,4-5,Left wheel,White,12,23000.0,27112.407391033237
45643521,1292,MERCEDES-BENZ,GL 450 3.0,2016,Jeep,Yes,Petrol,3,94400,6,Variator,4x4,4-5,Left wheel,White,12,86243.0,5684.2781190539135
45644424,781,TOYOTA,Camry,2021,Sedan,Yes,Hybrid,2.5,702438,4,Automatic,Front,4-5,Left wheel,White,12,3607.0,-9835.159425474885
45644470,640,FORD,Fusion,2019,Sedan,Yes,Hybrid,2,649200,4,Automatic,Front,4-5,Left wheel,Black,0,392.0,3696.6905775911127
45644667,609,TOYOTA,Camry,2006,Sedan,Yes,Hybrid,2.5,337200,4,Automatic,Front,4-5,Left wheel,White,12,18817.0,17988.094806685775
45644670,607,TOYOTA,Camry,2022,Sedan,Yes,Hybrid,2.5,650300,4,Automatic,Front,4-5,Left wheel,Black,12,251.0,-606.1607102285561
45644937,1537,TOYOTA,Highlander,2022,Jeep,Yes,Hybrid,3.3,636400,6,Automatic,4x4,4-5,Left wheel,White,12,784.0,-10184.992279868227
45644941,1750,TOYOTA,Highlander,2022,Jeep,Yes,Hybrid,3.3,683193,6,Automatic,4x4,4-5,Left wheel,Black,12,549.0,-9782.46222005746
45644968,448,HONDA,Insight,2022,Hatchback,Yes,Hybrid,1.3,579300,4,Automatic,Front,4-5,Left wheel,Red,0,784.0,-3274.451077556805
45644971,247,HONDA,Insight,2020,Hatchback,Yes,Hybrid,1.3,590100,4,Automatic,Front,4-5,Left wheel,Grey,0,2274.0,7559.856380442643
45645400,0,MITSUBISHI,Colt,2016,Hatchback,No,Petrol,1.3,510300,4,Automatic,Front,4-5,Right-hand drive,Blue,2,8781.0,47799.09479066436
45645408,1172,MERCEDES-BENZ,ML 350,2020,Jeep,Yes,Diesel,3.5,681700,6,Automatic,4x4,4-5,Left wheel,Black,12,157.0,4380.847529809014
45645418,1058,MERCEDES-BENZ,ML 350,2022,Jeep,Yes,Petrol,3.5,673800,6,Automatic,4x4,4-5,Left wheel,White,12,94.0,-18043.928110253953
45645774,1360,LEXUS,GX 460,2022,Jeep,Yes,Petrol,4.6,754631,8,Automatic,4x4,4-5,Left wheel,White,0,627.0,-1471.2510122314015
45645941,431,FORD,Fusion,2011,Sedan,Yes,Hybrid,2,457200,4,Automatic,Front,4-5,Left wheel,Black,0,8781.0,19702.139834063702
45646046,609,TOYOTA,Camry,2003,Sedan,Yes,Hybrid,2.5,385900,4,Automatic,Front,4-5,Left wheel,White,12,18817.0,17008.92856656869
45646359,1363,MERCEDES-BENZ,ML 350,2022,Jeep,Yes,Diesel,4.6,568800,8,Automatic,4x4,4-5,Left wheel,Black,12,1725.0,-2157.095663646629
45646378,781,TOYOTA,Camry,2020,Sedan,Yes,Hybrid,2.5,636400,4,Automatic,Front,4-5,Left wheel,White,12,3607.0,-5998.7757768105075
45646412,394,TOYOTA,Camry,2017,Sedan,Yes,Hybrid,2.5,548800,4,Automatic,Front,4-5,Left wheel,White,12,862.0,4234.313621632393
45646500,1055,MERCEDES-BENZ,C 300,2022,Sedan,Yes,Petrol,3.5,560800,6,Automatic,4x4,4-5,Left wheel,Black,12,627.0,14668.75741241806
45646562,1053,LEXUS,ES 350,2022,Sedan,Yes,Petrol,3.5,601000,6,Automatic,Front,4-5,Left wheel,Red,12,1333.0,-2722.3407236371168
45646634,642,AUDI,Q5,2022,Jeep,Yes,Petrol,2,712300,4,Automatic,4x4,4-5,Left wheel,White,0,470.0,-10664.67367131903
45646668,1481,AUDI,Q7,2020,Jeep,Yes,Petrol,3,565200,6,Automatic,4x4,4-5,Left wheel,Black,0,706.0,-6335.747228913366
45646689,642,AUDI,A3,2022,Sedan,Yes,Diesel,2,605500,4,Automatic,Front,4-5,Left wheel,Black,12,2587.0,17802.465354905995
45646743,779,TOYOTA,Camry,2019,Sedan,Yes,Hybrid,2.5,705500,4,Automatic,Front,4-5,Left wheel,Black,12,5018.0,-3832.319367587559
45646770,1018,BMW,328,2021,Sedan,Yes,Petrol,3,626378,6,Automatic,Rear,4-5,Left wheel,White,12,627.0,-21129.966256140193
45646875,1405,BMW,X5,2018,Jeep,Yes,Diesel,3,595500,6,Automatic,4x4,4-5,Left wheel,Green,0,1803.0,71.19247890938641
45646954,1399,LEXUS,ES 350,2022,Sedan,Yes,Petrol,3.5,683600,6,Automatic,Front,4-5,Left wheel,Black,12,1254.0,-2825.7314432922212
45646976,1356,MERCEDES-BENZ,S 550,2014,Sedan,Yes,Petrol,4.6,98466,8,Automatic,Rear,4-5,Left wheel,Blue,12,48610.0,44266.37752017302
45647000,639,AUDI,A6,2020,Sedan,Yes,Petrol,2,558000,4,Automatic,4x4,4-5,Left wheel,Black,12,1098.0,184.15420236505452
45647035,1104,AUDI,A6,2020,Sedan,Yes,Petrol,3,726300,6,Automatic,4x4,4-5,Left wheel,Grey,12,157.0,-19902.997451885603
45647522,394,TOYOTA,Camry,2013,Sedan,Yes,Hybrid,2.5,517400,4,Automatic,Front,4-5,Left wheel,Black,12,11133.0,12948.535395653555
45647551,781,TOYOTA,Camry,2021,Sedan,Yes,Hybrid,2.5,650800,4,Automatic,Front,4-5,Left wheel,White,12,3607.0,-7222.375212033352
45647568,781,TOYOTA,Camry,2021,Sedan,Yes,Hybrid,2.5,509500,4,Automatic,Front,4-5,Left wheel,White,12,3136.0,-72.86498004741225
45647607,1356,LEXUS,GX 460,2022,Jeep,Yes,Petrol,4.6,608200,8,Automatic,4x4,4-5,Left wheel,Silver,0,941.0,10469.99240108591
45647622,1811,LEXUS,GX 460,2008,Jeep,Yes,Petrol,4.6,456000,8,Automatic,4x4,4-5,Left wheel,Silver,0,15681.0,20026.782434381297
45647848,607,TOYOTA,Camry,2022,Sedan,Yes,Hybrid,2.5,658200,4,Automatic,Front,4-5,Left wheel,Black,12,251.0,-1005.8856276573424
45647865,1058,MERCEDES-BENZ,ML 350,2001,Jeep,Yes,Diesel,3.5,256500,6,Automatic,4x4,4-5,Left wheel,Grey,12,22266.0,36785.97138449727
45647889,640,AUDI,A4,2020,Sedan,Yes,Petrol,2,804000,4,Automatic,4x4,4-5,Left wheel,Black,0,3920.0,-11040.176912459327
45647907,1104,AUDI,Q7,2022,Jeep,Yes,Petrol,3,658100,6,Automatic,4x4,4-5,Left wheel,Black,0,549.0,-7822.065582376155
45647976,781,TOYOTA,Camry,2020,Sedan,Yes,Hybrid,2.5,662500,4,Automatic,Front,4-5,Left wheel,White,12,3607.0,-7319.385947049945
45648128,831,HYUNDAI,Sonata,2020,Sedan,Yes,Hybrid,2.4,545800,4,Automatic,Front,4-5,Left wheel,Grey,0,3450.0,6532.648027945568
45648138,753,HYUNDAI,Sonata,2018,Sedan,Yes,Hybrid,2.4,626400,4,Automatic,Front,4-5,Left wheel,Red,0,4077.0,-3835.0327627417355
45648175,779,TOYOTA,Camry,2022,Sedan,Yes,Hybrid,2.5,725800,4,Automatic,Front,4-5,Left wheel,White,12,314.0,-11489.915406071297
45648214,394,TOYOTA,Camry,2022,Sedan,Yes,Hybrid,2.5,554200,4,Automatic,Front,4-5,Left wheel,Black,12,784.0,6631.643306165963
45648384,690,LEXUS,RX 450,2013,Jeep,Yes,Hybrid,3.5,529500,6,Automatic,Front,4-5,Left wheel,Silver,12,11290.0,16836.010631151803
45648495,1405,BMW,X5,2018,Jeep,Yes,Diesel,3,771000,6,Automatic,4x4,4-5,Left wheel,Green,0,1803.0,-8808.772458907497
45648499,1104,BMW,X5,2020,Jeep,Yes,Diesel,3,701300,6,Automatic,4x4,4-5,Left wheel,Black,0,3607.0,-25.654601233669382
45648509,915,BMW,X5,2001,Jeep,Yes,Diesel,3,401800,6,Automatic,4x4,4-5,Left wheel,Blue,0,25089.0,49346.67453667282
45648533,1598,MERCEDES-BENZ,ML 350,2022,Jeep,Yes,Diesel,3,723700,6,Automatic,4x4,4-5,Left wheel,Silver,12,282.0,-10455.229931302016
45648537,1018,BMW,X5,2014,Jeep,Yes,Diesel,3,566400,6,Automatic,4x4,4-5,Left wheel,Black,0,10349.0,10729.001828047487
45648542,690,TOYOTA,Highlander,2013,Jeep,Yes,Hybrid,3.5,468800,6,Automatic,4x4,4-5,Left wheel,White,12,10663.0,13073.25381693766
45648559,1750,TOYOTA,Highlander,2020,Jeep,Yes,Hybrid,3.3,685800,6,Automatic,4x4,4-5,Left wheel,Silver,12,549.0,-9582.384311883503
45648594,919,MERCEDES-BENZ,ML 350,2022,Jeep,Yes,Diesel,3,583600,6,Automatic,4x4,4-5,Left wheel,Grey,12,157.0,5078.364654971099
45648741,394,TOYOTA,Camry,2018,Sedan,Yes,Hybrid,2.5,233253,4,Automatic,Front,4-5,Left wheel,White,12,5488.0,19705.402456141062
45648815,607,TOYOTA,Camry,2020,Sedan,Yes,Hybrid,2.5,708800,4,Automatic,Front,4-5,Left wheel,Black,12,3450.0,-2576.1751678251385
45648986,1017,MERCEDES-BENZ,GLA 250,1999,Jeep,Yes,Petrol,2,120760,4,Automatic,4x4,4-5,Left wheel,Black,0,26030.0,35512.1452665197
45649019,394,TOYOTA,Camry,2016,Sedan,Yes,Hybrid,2.5,603500,4,Automatic,Front,4-5,Left wheel,White,12,5488.0,1961.584981623575
45649036,394,TOYOTA,Camry,2021,Sedan,Yes,Hybrid,2.5,696400,4,Automatic,Front,4-5,Left wheel,Black,12,784.0,-68.41828004785202
45649046,1292,MERCEDES-BENZ,GLE 350,2022,Jeep,Yes,Petrol,3,668900,6,Automatic,4x4,4-5,Left wheel,White,0,1646.0,2197.227296033858
45649074,1714,MERCEDES-BENZ,GLE 350,2016,Jeep,Yes,Petrol,3.5,734800,6,Automatic,Rear,4-5,Left wheel,Black,0,7527.0,-2792.285530152978
45649702,394,TOYOTA,Camry,2021,Sedan,Yes,Hybrid,2.5,308071,4,Automatic,Front,4-5,Left wheel,Black,12,784.0,19580.287727573337
45649719,1055,LEXUS,RX 450,2022,Jeep,Yes,Hybrid,3.5,725100,6,Automatic,Front,4-5,Left wheel,White,12,1019.0,-6073.762439078702
45649746,781,TOYOTA,Camry,2021,Sedan,Yes,Hybrid,2.5,559300,4,Automatic,Front,4-5,Left wheel,White,12,3136.0,-2592.6499025732483
45649794,609,TOYOTA,Camry,2005,Sedan,Yes,Hybrid,2.5,422900,4,Automatic,Front,4-5,Left wheel,White,12,18817.0,14146.825351450087
45649809,1811,LEXUS,GX 460,2006,Jeep,Yes,Petrol,4.6,401800,8,Automatic,4x4,4-5,Left wheel,Silver,0,15681.0,23759.172811496774
45649812,1399,LEXUS,RX 450,2019,Jeep,Yes,Hybrid,3.5,622610,6,Automatic,4x4,4-5,Left wheel,Grey,12,220.0,-8.457207216215465
45649948,781,TOYOTA,Camry,2021,Sedan,Yes,Hybrid,2.5,610100,4,Automatic,Front,4-5,Left wheel,Grey,12,392.0,197.22307815586828
45649985,394,TOYOTA,Camry,2022,Sedan,Yes,Hybrid,2.5,612400,4,Automatic,Front,4-5,Left wheel,Black,12,784.0,3686.8344208044364
45650025,394,TOYOTA,Camry,2022,Sedan,Yes,Hybrid,2.5,723600,4,Automatic,Front,4-5,Left wheel,White,12,862.0,-7085.167290137571
45650064,609,TOYOTA,Camry,2007,Sedan,Yes,Hybrid,2.5,423200,4,Automatic,Front,4-5,Left wheel,White,12,18817.0,13141.672069196902
45650116,779,TOYOTA,Camry,2018,Sedan,Yes,Hybrid,2.5,609400,4,Automatic,Front,4-5,Left wheel,Black,12,5018.0,1525.1440871204322
45650211,1850,MERCEDES-BENZ,ML 350,2022,Jeep,Yes,Diesel,3.5,616383,6,Automatic,4x4,4-5,Left wheel,Black,12,3763.0,-865.1124128292504
45650214,1273,MERCEDES-BENZ,ML 350,2003,Jeep,Yes,Diesel,3.5,329900,6,Automatic,4x4,4-5,Left wheel,Grey,12,22894.0,29684.46663006689
45650309,1058,TOYOTA,Highlander,1998,Jeep,Yes,Hybrid,3.5,94700,6,Automatic,4x4,4-5,Left wheel,Silver,12,29479.0,39810.45860340638
45650429,1058,TOYOTA,Highlander,2017,Jeep,Yes,Hybrid,3.5,548200,6,Automatic,4x4,4-5,Left wheel,White,12,9879.0,2971.9655084078877
45650442,1537,TOYOTA,Highlander,2016,Jeep,Yes,Hybrid,3.3,488800,6,Automatic,4x4,4-5,Left wheel,Green,12,7997.0,2508.98016592587
45650449,1363,MERCEDES-BENZ,ML 350,2018,Jeep,Yes,Diesel,4.6,593500,8,Automatic,4x4,4-5,Left wheel,Black,12,1725.0,-1426.920796728693
45651099,394,TOYOTA,Camry,2021,Sedan,Yes,Hybrid,2.5,525504,4,Automatic,Front,4-5,Left wheel,White,12,5488.0,3433.099035211888
45651123,765,MERCEDES-BENZ,GLA 250,2022,Jeep,Yes,Petrol,2,643326,4,Automatic,4x4,4-5,Left wheel,White,0,188.0,-4648.643395794195
45651135,781,TOYOTA,Camry,2018,Sedan,Yes,Hybrid,2.5,601970,4,Automatic,Front,4-5,Left wheel,White,12,3607.0,-3266.709655083294
45651201,1850,LEXUS,RX 400,2015,Jeep,Yes,Hybrid,3.5,552000,6,Automatic,Front,4-5,Left wheel,Black,12,7997.0,5391.547412537362
45651206,1493,MERCEDES-BENZ,GLE 350,2020,Jeep,Yes,Petrol,3.5,722800,6,Automatic,Rear,4-5,Left wheel,Black,0,549.0,-1700.51448321699
45651238,1172,LEXUS,RX 350,2022,Jeep,Yes,Petrol,3.5,657600,6,Automatic,4x4,4-5,Left wheel,Black,12,706.0,2371.1707126228976
45651260,1172,LEXUS,RX 450,2022,Jeep,Yes,Hybrid,3.5,536900,6,Automatic,4x4,4-5,Left wheel,Black,12,188.0,5160.034692987627
45651273,779,TOYOTA,Camry,2017,Sedan,Yes,Hybrid,2.5,496200,4,Automatic,Front,4-5,Left wheel,Black,12,5018.0,7747.83489474393
45651319,690,LEXUS,RX 450,2021,Jeep,Yes,Hybrid,3.5,763700,6,Automatic,4x4,4-5,Left wheel,White,12,392.0,-5590.965164155266
45651677,831,HYUNDAI,Sonata,2017,Sedan,Yes,Hybrid,2.4,620900,4,Automatic,Front,4-5,Left wheel,Grey,0,3450.0,4217.692190344893
45651719,753,HYUNDAI,Sonata,2022,Sedan,Yes,Hybrid,2.4,644000,4,Automatic,Front,4-5,Left wheel,Blue,0,470.0,23934.782270282576
45651737,1172,MERCEDES-BENZ,ML 350,2022,Jeep,Yes,Diesel,3.5,600400,6,Automatic,4x4,4-5,Left wheel,White,12,2038.0,2359.0044455089774
45651843,1399,LEXUS,RX 450,2013,Jeep,Yes,Hybrid,3.5,421200,6,Automatic,4x4,4-5,Left wheel,Silver,12,13328.0,12279.677122911042
45651910,431,FORD,Fusion,2014,Sedan,Yes,Hybrid,2,459400,4,Automatic,Front,4-5,Left wheel,Black,0,8781.0,18105.86325175982
45651925,382,FORD,Fusion,2021,Sedan,Yes,Hybrid,2,813000,4,Automatic,Front,4-5,Left wheel,White,0,470.0,-7849.587324735738
45651968,0,MERCEDES-BENZ,Vito 115 CDI,1997,Minivan,No,Diesel,2.2 T,250400,4,Manual,Rear,4-5,Left wheel,Silver,4,28222.0,34297.156783155006
45652046,1850,LEXUS,RX 400,2020,Jeep,Yes,Hybrid,3.5,479300,6,Automatic,4x4,4-5,Left wheel,Black,12,941.0,4465.593758857454
45652359,1018,MERCEDES-BENZ,ML 350,2022,Jeep,Yes,Diesel,3,653300,6,Automatic,4x4,4-5,Left wheel,Silver,12,470.0,-425.0964331730429
45652368,1273,MERCEDES-BENZ,ML 350,2004,Jeep,Yes,Diesel,3.5,278600,6,Automatic,4x4,4-5,Left wheel,Grey,12,22894.0,31785.16176130886
45652597,640,VOLKSWAGEN,Scirocco,2022,Sedan,Yes,Petrol,2,719100,4,Automatic,Front,4-5,Left wheel,Black,12,188.0,7055.485161326844
45652707,640,FORD,Fusion,2018,Sedan,Yes,Hybrid,2,789812,4,Automatic,Front,4-5,Left wheel,White,0,4077.0,-8068.515252861005
45652893,753,HYUNDAI,Sonata,2022,Sedan,Yes,Hybrid,2.4,695700,4,Automatic,Front,4-5,Left wheel,Blue,0,470.0,21318.86097521058
45653168,1399,LEXUS,RX 450,2021,Jeep,Yes,Hybrid,3.5,603500,6,Automatic,4x4,4-5,Left wheel,Black,12,5018.0,-246.2635283921918
45653761,1399,LEXUS,RX 450,2012,Jeep,Yes,Hybrid,3.5,675800,6,Automatic,4x4,4-5,Left wheel,Silver,12,13328.0,-107.60987077075333
45653954,0,FORD,Scorpio,2022,Sedan,No,Petrol,2,705800,4,Manual,Rear,4-5,Left wheel,Silver,2,1725.0,-15044.862069236799
45654183,1811,LEXUS,GX 460,2010,Jeep,Yes,Petrol,4.6,439451,8,Automatic,4x4,4-5,Left wheel,Silver,0,15681.0,19874.15638424935
45654360,831,HYUNDAI,Sonata,2022,Sedan,Yes,Hybrid,2.4,674200,4,Automatic,Front,4-5,Left wheel,Grey,0,3450.0,-954.1206875517528
45654428,441,KIA,Optima,2022,Sedan,Yes,Hybrid,2.4,692525,4,Automatic,Front,4-5,Left wheel,Black,12,627.0,-5529.935698870315
45654459,481,FORD,Fusion,2006,Sedan,Yes,Hybrid,2,371800,4,Automatic,Front,4-5,Left wheel,White,12,18503.0,20065.278159533926
45654469,353,TOYOTA,Prius,2022,Hatchback,Yes,Hybrid,1.8,665200,4,Automatic,Front,4-5,Left wheel,Silver,12,784.0,-746.8884805909765
45654595,690,LEXUS,RX 450,2016,Jeep,Yes,Hybrid,3.5,0,6,Automatic,Front,4-5,Left wheel,Grey,12,34811.0,43015.48764023196
45654624,1104,AUDI,A8,2022,Sedan,Yes,Diesel,3,708400,6,Automatic,4x4,4-5,Left wheel,Black,12,706.0,8597.358242240442
45654674,765,MERCEDES-BENZ,GLA 250,2012,Jeep,Yes,Petrol,2,559800,4,Automatic,Front,4-5,Left wheel,Black,0,12858.0,11802.476243331272
45654686,1714,MERCEDES-BENZ,GLE 350,1988,Jeep,Yes,Petrol,3.5,18200,6,Automatic,Rear,4-5,Left wheel,Black,0,43592.0,47325.94031712253
45654691,1493,MERCEDES-BENZ,GLE 350,2022,Jeep,Yes,Petrol,3.5,692000,6,Automatic,Rear,4-5,Left wheel,Black,0,549.0,-1132.0671411618823
45654734,259,CHEVROLET,Volt,2022,Hatchback,Yes,Hybrid,1.4,613600,4,Automatic,Front,4-5,Left wheel,Black,12,549.0,-4740.436728113375
45654826,308,TOYOTA,Prius,2022,Hatchback,Yes,Hybrid,1.8,701900,4,Automatic,Front,4-5,Left wheel,White,12,188.0,-6589.515950585868
45654847,0,KIA,Forte,2004,Sedan,No,Petrol,1.8,49324,4,Tiptronic,Front,4-5,Left wheel,Grey,6,17249.0,40437.05165057159
45654851,919,MERCEDES-BENZ,ML 350,2021,Jeep,Yes,Diesel,3,644700,6,Automatic,4x4,4-5,Left wheel,Grey,12,157.0,2481.808233754233
45655035,1399,LEXUS,RX 450,2022,Jeep,Yes,Hybrid,3.5,576500,6,Automatic,4x4,4-5,Left wheel,Silver,12,314.0,-33.08872800849713
45655071,1399,LEXUS,RX 450,2020,Jeep,Yes,Hybrid,3.5,708203,6,Automatic,4x4,4-5,Left wheel,Grey,12,2509.0,-4834.286521743899
45655220,0,MERCEDES-BENZ,GL 550,2012,Jeep,Yes,Petrol,5.5,105000,8,Tiptronic,4x4,4-5,Left wheel,White,12,49550.0,54633.25022337974
45655293,1104,AUDI,Q7,2022,Jeep,Yes,Petrol,3,694500,6,Automatic,4x4,4-5,Left wheel,Black,0,549.0,-9663.836087997443
45655469,746,TOYOTA,Prius,2014,Hatchback,Yes,Hybrid,1.5,278116,4,Automatic,Front,4-5,Left wheel,White,12,6586.0,13724.658147669026
45655484,761,TOYOTA,Prius,2022,Hatchback,Yes,Hybrid,1.8,709500,4,Automatic,Front,4-5,Left wheel,White,12,392.0,-12025.814269895163
45655509,645,TOYOTA,Prius,2022,Hatchback,Yes,Hybrid,1.8,602400,4,Automatic,Front,4-5,Left wheel,White,12,188.0,-5313.153162772294
45655549,586,TOYOTA,Prius,2022,Hatchback,Yes,Hybrid,1.8,636900,4,Automatic,Front,4-5,Left wheel,White,12,470.0,-6400.8327331137625
45655558,761,TOYOTA,Prius,2020,Hatchback,Yes,Hybrid,1.8,611000,4,Automatic,Front,4-5,Left wheel,White,12,3293.0,-6051.928469729595
45655596,586,TOYOTA,Prius,2022,Hatchback,Yes,Hybrid,1.8,597200,4,Automatic,Front,4-5,Left wheel,White,12,314.0,-4392.088527807013
45655629,586,TOYOTA,Prius,2020,Hatchback,Yes,Hybrid,1.8,589900,4,Automatic,Front,4-5,Left wheel,White,12,627.0,-3032.74860985743
45655644,1750,LEXUS,RX 400,2016,Jeep,Yes,Hybrid,3.3,588700,6,Automatic,4x4,4-5,Left wheel,Silver,12,8154.0,489.7282013762524
45655685,761,TOYOTA,Prius,2017,Hatchback,Yes,Hybrid,1.8,649900,4,Automatic,Front,4-5,Left wheel,White,12,3293.0,-6535.233419871722
45655712,761,TOYOTA,Prius,2022,Hatchback,Yes,Hybrid,1.8,141553,4,Automatic,Front,4-5,Left wheel,White,12,706.0,16711.219613514004
45655717,0,TOYOTA,Camry,2002,Sedan,No,Petrol,2.5,331800,4,Tiptronic,Front,4-5,Left wheel,White,0,23521.0,25439.878379447375
45655783,690,LEXUS,RX 450,2022,Jeep,Yes,Hybrid,3.5,770900,6,Automatic,4x4,4-5,Left wheel,White,12,392.0,-6450.258345518956
45656048,586,TOYOTA,Prius,2022,Hatchback,Yes,Hybrid,1.8,704200,4,Automatic,Front,4-5,Left wheel,White,12,314.0,-9806.084244880614
45656054,690,LEXUS,RX 450,2016,Jeep,Yes,Hybrid,3.5,0,6,Automatic,Front,4-5,Left wheel,Grey,12,34811.0,43015.48764023196
45656070,1058,LEXUS,RX 450,2022,Jeep,Yes,Hybrid,3.5,695500,6,Automatic,4x4,4-5,Left wheel,Black,12,941.0,-1593.5204736080996
45656147,0,FORD,Transit,2011,Microbus,No,Petrol,1.3,603300,4,Manual,Front,4-5,Left wheel,White,8,11917.0,-44499.86851724067
45656182,746,TOYOTA,Prius,2019,Hatchback,Yes,Hybrid,1.5,614000,4,Automatic,Front,4-5,Left wheel,White,12,6586.0,-5745.365624746475
45656203,308,TOYOTA,Prius,2019,Hatchback,Yes,Hybrid,1.8,700300,4,Automatic,Front,4-5,Left wheel,White,12,4391.0,-5023.598222770241
45656231,761,TOYOTA,Prius,2020,Hatchback,Yes,Hybrid,1.8,739200,4,Automatic,Front,4-5,Left wheel,White,12,3293.0,-12538.603712055134
45656236,753,HYUNDAI,Sonata,2022,Sedan,Yes,Hybrid,2.4,610600,4,Automatic,Front,4-5,Left wheel,Red,0,4077.0,-5015.53063790224
45656260,761,TOYOTA,Prius,2022,Hatchback,Yes,Hybrid,1.8,691800,4,Automatic,Front,4-5,Left wheel,White,12,706.0,-11130.228062491406
45656281,586,TOYOTA,Prius,2022,Hatchback,Yes,Hybrid,1.8,688500,4,Automatic,Front,4-5,Left wheel,White,12,314.0,-9011.6942191044
45656388,645,TOYOTA,Prius,2017,Hatchback,Yes,Hybrid,1.8,575300,4,Automatic,Front,4-5,Left wheel,Grey,12,5959.0,3893.24572987226
45656397,919,BMW,X5,1990,Jeep,Yes,Diesel,3,46700,6,Automatic,4x4,4-5,Left wheel,Black,0,34811.0,50008.54133679584
45656474,1055,LEXUS,RX 450,2020,Jeep,Yes,Hybrid,3.5,772629,6,Automatic,Front,4-5,Left wheel,White,12,1019.0,-7488.665242357405
45656553,690,LEXUS,RX 450,2013,Jeep,Yes,Hybrid,3.5,525100,6,Automatic,Front,4-5,Left wheel,Silver,12,11917.0,17058.642230732396
45656571,308,TOYOTA,Prius,2019,Hatchback,Yes,Hybrid,1.8,553100,4,Automatic,Front,4-5,Left wheel,White,12,4391.0,2424.4407450169456
45656595,586,TOYOTA,Prius,2022,Hatchback,Yes,Hybrid,1.8,714969,4,Automatic,Front,4-5,Left wheel,White,12,314.0,-10350.975084854123
45656650,585,TOYOTA,Prius,2022,Hatchback,Yes,Hybrid,1.8,585441,4,Automatic,Front,4-5,Left wheel,White,12,157.0,-3785.953805678153
45656672,761,TOYOTA,Prius,2022,Hatchback,Yes,Hybrid,1.8,573200,4,Automatic,Front,4-5,Left wheel,White,12,3293.0,-5129.294491978057
45656752,1399,LEXUS,RX 450,2021,Jeep,Yes,Hybrid,3.5,658600,6,Automatic,4x4,4-5,Left wheel,Silver,12,314.0,-3692.2050563146295
45656813,603,LEXUS,RX 450,2009,Jeep,Yes,Hybrid,3.5,520600,6,Automatic,4x4,4-5,Left wheel,Black,12,13956.0,18764.972040903514
45656919,1598,MERCEDES-BENZ,ML 350,2015,Jeep,Yes,Diesel,3,496700,6,Automatic,4x4,4-5,Left wheel,Silver,12,4547.0,4495.445175955791
45657089,0,HONDA,Civic,2014,Hatchback,No,Petrol,1.7,528500,4,Variator,Front,4-5,Right-hand drive,Silver,0,8154.0,267673.8762661867
45658615,1399,LEXUS,RX 450,2022,Jeep,Yes,Hybrid,3.5,711700,6,Automatic,4x4,4-5,Left wheel,Silver,12,314.0,-6873.950606030423
45658673,1360,LEXUS,GX 460,2022,Sedan,Yes,Petrol,4.6,589200,8,Automatic,4x4,4-5,Left wheel,White,0,627.0,7792.330767290703
45658757,1399,LEXUS,RX 450,2022,Jeep,Yes,Hybrid,3.5,652500,6,Automatic,4x4,4-5,Left wheel,Grey,12,220.0,-3005.7949241534334
45658776,1058,LEXUS,RX 450,2022,Jeep,Yes,Hybrid,3.5,668200,6,Automatic,4x4,4-5,Left wheel,Black,12,941.0,-212.19259439213783
45658900,1273,MERCEDES-BENZ,ML 350,2001,Jeep,Yes,Diesel,3.5,318100,6,Automatic,4x4,4-5,Left wheel,Grey,12,22894.0,31271.49795667846
45659035,1058,MERCEDES-BENZ,ML 350,2022,Jeep,Yes,Diesel,3.5,659400,6,Automatic,4x4,4-5,Left wheel,White,12,94.0,645.0191239648957
45659687,975,AUDI,Q5,1992,Jeep,Yes,Petrol,3.2,178000,6,Tiptronic,4x4,4-5,Left wheel,White,11,36692.0,33058.72128583651
45659845,1356,LEXUS,GX 460,2019,Jeep,Yes,Petrol,4.6,644200,8,Automatic,4x4,4-5,Left wheel,Silver,0,941.0,10133.421914303712
45659883,1514,LEXUS,GX 460,1989,Jeep,Yes,Petrol,4.6,12000,8,Automatic,4x4,4-5,Left wheel,White,0,43278.0,50721.65544808265
45659914,1363,LEXUS,GX 460,2019,Jeep,Yes,Petrol,4.6,540200,8,Automatic,4x4,4-5,Left wheel,Black,0,4077.0,15975.547677271506
45660209,690,LEXUS,RX 450,2016,Jeep,Yes,Hybrid,3.5,0,6,Automatic,Front,4-5,Left wheel,Grey,12,34811.0,43015.48764023196
45660604,1055,LEXUS,RX 450,2020,Jeep,Yes,Hybrid,3.5,682600,6,Automatic,Front,4-5,Left wheel,White,12,1019.0,-2933.3697244843534
45660608,1399,LEXUS,RX 450,2022,Jeep,Yes,Hybrid,3.5,572600,6,Automatic,4x4,4-5,Left wheel,Silver,12,314.0,164.2438261652169
45660792,1850,LEXUS,RX 400,2022,Jeep,Yes,Hybrid,3.5,568900,6,Automatic,4x4,4-5,Left wheel,Black,12,941.0,-1057.9690330655358
45660813,690,LEXUS,RX 450,2022,Jeep,Yes,Hybrid,3.5,696100,6,Automatic,4x4,4-5,Left wheel,White,12,392.0,-2665.5211526488347
45660975,1211,BMW,X5,2022,Jeep,Yes,Diesel,3,556100,6,Automatic,4x4,4-5,Left wheel,Black,0,1882.0,5137.974699196546
45660994,919,BMW,X5,2015,Jeep,Yes,Diesel,3,531300,6,Automatic,4x4,4-5,Left wheel,White,0,8154.0,7968.539328378343
45661014,1058,MERCEDES-BENZ,ML 350,2001,Jeep,Yes,Diesel,3.5,309000,6,Automatic,4x4,4-5,Left wheel,Grey,12,22266.0,34129.57161677427
45661288,1055,LEXUS,RX 450,2022,Jeep,Yes,Hybrid,3.5,620400,6,Automatic,Front,4-5,Left wheel,White,12,1019.0,-776.1423308768135
45661418,1055,LEXUS,RX 450,2022,Jeep,Yes,Hybrid,3.5,675500,6,Automatic,Front,4-5,Left wheel,Black,12,941.0,1581.39687773498
45661423,1058,LEXUS,RX 450,2022,Jeep,Yes,Hybrid,3.5,733400,6,Automatic,4x4,4-5,Left wheel,Black,12,941.0,-3511.1881154500516
45661445,1850,LEXUS,RX 400,2022,Jeep,Yes,Hybrid,3.5,609200,6,Automatic,4x4,4-5,Left wheel,Black,12,941.0,-3097.072092860537
45661461,690,LEXUS,RX 400,2022,Jeep,Yes,Hybrid,3.5,624500,6,Automatic,4x4,4-5,Left wheel,White,12,392.0,3919.33891491708
45661607,1646,LEXUS,GX 460,2022,Jeep,Yes,Petrol,4.6,659300,8,Automatic,4x4,4-5,Left wheel,Black,0,314.0,5308.402732166032
45661647,1273,MERCEDES-BENZ,ML 350,2002,Jeep,Yes,Diesel,3.5,297400,6,Automatic,4x4,4-5,Left wheel,Grey,12,22894.0,31823.891509019006
45662111,503,HONDA,Civic,2019,Sedan,Yes,Hybrid,1.5,683900,4,Automatic,Front,4-5,Left wheel,White,0,2901.0,-13762.733584942973
45662257,502,HONDA,Civic,2012,Sedan,Yes,Hybrid,1.5,453400,4,Automatic,Front,4-5,Left wheel,White,0,8311.0,1376.1866124127882
45662385,0,MITSUBISHI,Pajero IO,2017,Jeep,No,Petrol,2,446000,4,Automatic,4x4,4-5,Left wheel,White,2,7683.0,9835.23851784984
45663930,784,CHEVROLET,Malibu LT,2008,Sedan,No,Petrol,1.5 T,520600,4,Automatic,Front,4-5,Left wheel,White,8,15837.0,3131.4772373964042
45664259,1646,LEXUS,GX 460,2019,Sedan,Yes,Petrol,4.6,604300,8,Automatic,4x4,4-5,Left wheel,Black,0,784.0,10469.347527546106
45664431,917,BMW,X5,2022,Jeep,Yes,Diesel,3,546700,6,Automatic,4x4,4-5,Left wheel,Black,0,1019.0,8892.217794264614
45664611,831,HYUNDAI,Sonata,2017,Sedan,Yes,Hybrid,2.4,776100,4,Automatic,Front,4-5,Left wheel,Grey,0,3450.0,-3635.131503952456
45664651,441,HYUNDAI,Sonata,2020,Sedan,Yes,Hybrid,2.4,656400,4,Automatic,Front,4-5,Left wheel,Silver,0,470.0,4412.94165563276
45664654,753,HYUNDAI,Sonata,2020,Sedan,Yes,Hybrid,2.4,210178,4,Automatic,Front,4-5,Left wheel,Blue,0,470.0,46875.32107830372
45664658,753,HYUNDAI,Sonata,2022,Sedan,Yes,Hybrid,2.4,561400,4,Automatic,Front,4-5,Left wheel,Black,0,282.0,5408.420210101976
45665444,810,NISSAN,Sentra,2001,Sedan,No,Petrol,1.8,95334,4,Automatic,Front,4-5,Left wheel,Silver,12,21937.0,33432.59093740638
45665470,0,VOLKSWAGEN,Jetta,2014,Sedan,No,Petrol,1.6,589300,4,Manual,Front,4-5,Left wheel,White,6,6586.0,-27176.283436441998
45667211,353,TOYOTA,Prius,2004,Hatchback,No,Hybrid,1.8,235100,4,Variator,Front,4-5,Left wheel,White,8,23364.0,19993.428100874502
45667420,0,TOYOTA,Aqua,2009,Hatchback,No,Petrol,1.5,374600,4,Automatic,Front,4-5,Right-hand drive,Silver,2,14269.0,20507.693679829546
45667750,0,NISSAN,Tiida,2013,Sedan,Yes,Petrol,1.8,494094,4,Variator,Front,4-5,Left wheel,Blue,4,10663.0,33203.605686716066
45668247,1266,TOYOTA,Aqua,2015,Hatchback,No,Petrol,1.5,375000,4,Automatic,Front,4-5,Right-hand drive,Silver,6,10976.0,3156.1256627901184
45668901,0,JEEP,Liberty,2016,Jeep,No,Petrol,3.7,516595,6,Automatic,4x4,4-5,Left wheel,Silver,4,8154.0,11154.47415509935
45669136,0,HONDA,Cr-v,2013,Jeep,No,Petrol,2.4,370900,4,Automatic,4x4,4-5,Left wheel,Black,4,13172.0,21367.324724139075
45669581,779,TOYOTA,Camry,1996,Sedan,No,Hybrid,2.5,139700,4,Automatic,Front,4-5,Left wheel,White,12,31988.0,26667.076648829876
45669973,1249,TOYOTA,Camry,1997,Sedan,Yes,Petrol,2.5,177900,6,Automatic,Front,4-5,Left wheel,Black,12,31361.0,25157.78645993053
45670439,474,CHEVROLET,Cruze,2008,Sedan,No,Petrol,1.4,473700,4,Tiptronic,Front,4-5,Left wheel,Sky blue,6,14740.0,-8233.802018536942
45670445,0,MITSUBISHI,Pajero IO,2011,Jeep,No,Petrol,2,602500,4,Automatic,4x4,4-5,Left wheel,Silver,2,9408.0,9374.066158888736
45670454,0,MITSUBISHI,Pajero IO,2014,Jeep,No,Petrol,2,568400,4,Automatic,4x4,4-5,Left wheel,Black,2,10976.0,10272.486997208376
45671060,0,TOYOTA,Prius C,2007,Sedan,No,Hybrid,1.5,417900,4,Automatic,Front,4-5,Left wheel,Red,8,17876.0,11459.016846602575
45671669,765,HYUNDAI,Santa FE Ultimate,1992,Jeep,Yes,Petrol,2.0 T,67433,4,Tiptronic,4x4,4-5,Left wheel,Black,12,43592.0,35552.296700737454
45672817,0,TOYOTA,Prius,2006,Hatchback,No,Hybrid,1.8,439000,4,Variator,Front,4-5,Left wheel,Red,8,17249.0,9834.04836557366
45675221,0,MERCEDES-BENZ,SLK 230,2016,Cabriolet,No,Petrol,2.3,481160,4,Automatic,Rear,2-3,Left wheel,Silver,0,6899.0,14931.153880106152
45675913,0,TOYOTA,Prius,2005,Sedan,Yes,Hybrid,1.8 T,264500,12,Automatic,Rear,4-5,Left wheel,Red,0,22894.0,7316.733929742795
45675996,0,VOLKSWAGEN,CC,2014,Sedan,Yes,Petrol,2.0 T,540000,4,Tiptronic,Front,4-5,Left wheel,Silver,12,14113.0,3288.176728860346
45676303,777,TOYOTA,Camry,2009,Sedan,Yes,Petrol,2.5,478200,4,Automatic,Front,4-5,Left wheel,Black,12,15053.0,12465.516944041217
45676650,586,TOYOTA,Prius,2007,Sedan,No,Hybrid,1.8,377100,4,Automatic,Front,4-5,Left wheel,Grey,6,18814.0,14990.31825587183
45677230,0,LEXUS,RX 450 F SPORT,2012,Jeep,Yes,Hybrid,3.5,97000,6,Variator,4x4,4-5,Left wheel,Black,12,64290.0,48773.52720997263
45677545,878,CHEVROLET,Cruze,2012,Sedan,No,Petrol,1.8,376700,4,Tiptronic,Front,4-5,Left wheel,Grey,12,10349.0,11948.455354106503
45677893,271,TOYOTA,Prius C,2010,Hatchback,No,Hybrid,1.5,598300,4,Automatic,Front,4-5,Left wheel,White,12,12544.0,905.776567795092
45678166,0,MAZDA,Mazda 5,2016,Minivan,No,Petrol,2.3,414400,4,Tiptronic,Front,4-5,Left wheel,Blue,4,11290.0,120586.20148017192
45678426,0,MERCEDES-BENZ,Sprinter,2009,Microbus,No,Diesel,2.2 T,283400,4,Manual,Rear,2-3,Left wheel,White,4,19444.0,62229.448714061175
45679924,0,VOLKSWAGEN,Caddy,2016,Goods wagon,No,Diesel,2,517800,4,Manual,Front,>5,Left wheel,Blue,2,10036.0,30265.25816158016
45680726,0,TOYOTA,RAV 4,1986,Jeep,No,Petrol,2,0,4,Tiptronic,Front,>5,Left wheel,Black,12,47042.0,45807.312747360855
45681024,629,NISSAN,Juke,2002,Jeep,Yes,Petrol,1.6 T,213300,4,Tiptronic,4x4,4-5,Left wheel,Red,8,25089.0,23343.049739846912
45681643,474,CHEVROLET,Cruze,2010,Sedan,No,Petrol,1.4,496600,4,Tiptronic,Front,4-5,Left wheel,Red,12,12231.0,-15436.095384789864
45681705,584,CHEVROLET,Cruze,2020,Sedan,No,Petrol,1.8,562900,4,Automatic,Front,4-5,Left wheel,White,8,7527.0,-5492.053846277209
45681812,0,HONDA,FIT,2007,Hatchback,No,Hybrid,1.3,423500,4,Variator,Front,4-5,Right-hand drive,Black,6,13172.0,13256.078989868292
45682283,0,CHEVROLET,Cruze,2022,Sedan,No,Petrol,1.4,616600,4,Tiptronic,Front,4-5,Left wheel,Grey,8,3.0,-13769.219057005968
45682634,843,TOYOTA,Prius,2013,Sedan,No,Hybrid,1.5,51573,4,Automatic,Front,4-5,Left wheel,Blue,12,11400.0,47547.6365956486
45683988,1552,TOYOTA,Aqua,2016,Universal,No,Hybrid,1.5,385300,4,Automatic,Front,4-5,Right-hand drive,Silver,2,12231.0,1596.2363532502204
45688133,0,MITSUBISHI,Airtrek,2015,Jeep,Yes,CNG,2,634700,4,Tiptronic,Front,4-5,Left wheel,Grey,4,8900.0,-6487.3501968965975
45688762,0,TOYOTA,Camry,2002,Sedan,No,Petrol,2.5,324400,4,Tiptronic,Front,4-5,Left wheel,Red,8,21012.0,22538.746388878742
45688857,0,MERCEDES-BENZ,CLK 270,2011,Coupe,Yes,Diesel,2.7 T,463500,5,Tiptronic,Rear,2-3,Left wheel,Black,8,12858.0,-9280.187011576636
45688889,0,HYUNDAI,Veloster,2011,Hatchback,Yes,Petrol,1.6,411400,4,Tiptronic,Front,2-3,Left wheel,White,12,15053.0,37749.951464604135
45688972,649,HONDA,FIT,2010,Hatchback,No,Petrol,1.5,554400,4,Automatic,Front,4-5,Left wheel,Blue,4,10976.0,24284.37255710248
45689137,0,NISSAN,Pathfinder,2008,Jeep,Yes,Petrol,4,513900,6,Automatic,4x4,4-5,Left wheel,Silver,12,13485.0,14323.08288592459
45689461,0,BMW,520,2015,Sedan,No,CNG,2,481400,6,Manual,Rear,4-5,Left wheel,Black,1,9408.0,-15875.519303060239
45691304,474,KIA,RIO,2009,Hatchback,No,Petrol,1.4,417400,4,Automatic,Front,4-5,Left wheel,Red,0,14740.0,3201.6085659083637
45691625,1031,NISSAN,Note,2019,Hatchback,No,Petrol,1.2,528800,3,Variator,Front,4-5,Right-hand drive,White,6,7840.0,-29400.315970276002
45691966,1750,LEXUS,RX 400 RESTAILING,1999,Jeep,Yes,Hybrid,3.3,396800,6,Automatic,4x4,4-5,Left wheel,Silver,12,24775.0,24775.000000000276
45694138,919,BMW,730,2005,Sedan,Yes,Petrol,3,71946,6,Tiptronic,Rear,4-5,Left wheel,Black,12,23521.0,-3074.4305503569994
45694688,0,MERCEDES-BENZ,Viano,2003,Minivan,Yes,LPG,3.2,271900,6,Tiptronic,Rear,>5,Left wheel,White,4,23521.0,3804.2310486738716
45694880,528,FORD,Fiesta,2005,Hatchback,Yes,Petrol,1.6,532900,4,Tiptronic,Front,4-5,Left wheel,Red,8,15681.0,1945.5892941618004
45694949,456,TOYOTA,Camry,2004,Sedan,No,Hybrid,2.5,401237,4,Variator,Front,4-5,Left wheel,Silver,0,21012.0,16973.994573650347
45695043,0,FORD,Escape,2004,Jeep,Yes,Hybrid,2.5,379800,4,Automatic,4x4,4-5,Left wheel,Silver,10,21953.0,30372.49375123207
45695044,585,LEXUS,CT 200h,2000,Hatchback,Yes,Hybrid,1.8,263513,4,Automatic,Front,4-5,Left wheel,Carnelian red,12,23521.0,27689.916619750584
45695499,1018,BMW,X5,1993,Jeep,Yes,Petrol,3.0 T,119900,6,Tiptronic,4x4,4-5,Left wheel,Black,12,36065.0,34225.50055282058
45695879,765,BMW,X1,2003,Jeep,Yes,Petrol,2,267528,4,Tiptronic,4x4,4-5,Left wheel,Black,12,22894.0,25079.43122835897
45696220,530,NISSAN,Juke,2013,Jeep,No,Petrol,1.6,372618,4,Tiptronic,4x4,4-5,Left wheel,Black,12,14800.0,7764.458957534749
45699818,781,VOLKSWAGEN,Passat Se,2009,Sedan,Yes,Petrol,2.5,397000,5,Tiptronic,Front,4-5,Left wheel,Blue,10,15681.0,45021.41924444022
45700038,0,MITSUBISHI,Pajero IO,2013,Jeep,No,Petrol,1.8,569000,4,Automatic,4x4,2-3,Left wheel,Silver,2,7213.0,44850.56030338026
45700134,0,CHEVROLET,Camaro RS,1992,Coupe,No,Petrol,3.6,145300,6,Manual,Rear,2-3,Left wheel,Black,6,35438.0,63864.79539317881
45700731,777,TOYOTA,Camry,2011,Sedan,Yes,Petrol,2.5,464300,4,Tiptronic,Front,4-5,Left wheel,Grey,12,15681.0,14614.496398672076
45701090,0,MERCEDES-BENZ,E 200,1993,Sedan,No,CNG,2,0,4,Manual,Rear,4-5,Left wheel,Black,2,10976.0,7139.238268774241
45702032,0,TOYOTA,VOXY,2017,Minivan,No,CNG,2,481500,4,Automatic,Front,4-5,Right-hand drive,Silver,5,7213.0,-5355.666374842553
45704418,0,TOYOTA,Prius,2022,Sedan,Yes,Hybrid,1.8,749100,4,Automatic,Front,4-5,Left wheel,White,6,50.0,-5714.083808981915
45706819,0,BMW,525,2015,Sedan,Yes,LPG,2.5,575100,6,Tiptronic,Rear,4-5,Left wheel,Silver,4,8467.0,5303.715579394311
45707621,781,TOYOTA,Camry LE,1996,Sedan,No,Hybrid,2.5,225900,4,Automatic,Front,4-5,Left wheel,Grey,12,26030.0,12958.501278371328
45709224,0,HYUNDAI,Elantra,2006,Sedan,Yes,Petrol,1.8,80119,4,Tiptronic,Front,4-5,Left wheel,Black,16,18817.0,46090.93686599329
45709623,0,TOYOTA,Grand HIACE,2010,Minivan,No,Petrol,3.4,470400,6,Automatic,4x4,4-5,Right-hand drive,White,2,12544.0,15577.899222428216
45710047,353,TOYOTA,Prius 1.8,2000,Hatchback,No,Hybrid,1.8,332900,4,Variator,Front,4-5,Left wheel,White,6,21326.0,7693.007681792671
45710922,0,KIA,Optima,2009,Sedan,No,Petrol,2.4,462500,4,Automatic,Front,4-5,Left wheel,Blue,6,15681.0,35988.81980690392
45711524,333,FORD,C-MAX,2001,Hatchback,Yes,Plug-in Hybrid,2,461900,4,Automatic,Front,4-5,Left wheel,Silver,12,19757.0,20763.370809726377
45712527,765,FORD,Focus,2009,Sedan,Yes,Petrol,2,69802,4,Tiptronic,Front,4-5,Left wheel,Black,6,11447.0,36531.276195230756
45712786,0,PORSCHE,Cayenne,2015,Jeep,Yes,Diesel,3.0 T,120000,6,Tiptronic,4x4,4-5,Left wheel,White,9,122308.0,54925.39260704511
45714618,0,FORD,Mustang,1989,Coupe,No,Petrol,2.3 T,107300,4,Manual,Rear,2-3,Left wheel,Red,6,43278.0,21355.89557776793
45714974,0,NISSAN,Note,2016,Sedan,No,Petrol,1.5,624800,4,Variator,Front,4-5,Right-hand drive,Silver,0,7527.0,8755.645194792914
45714995,0,HYUNDAI,Sonata,2006,Sedan,Yes,LPG,2,443000,4,Automatic,Front,4-5,Left wheel,Silver,12,18503.0,22120.418970468552
45715081,779,TOYOTA,Camry Se,2005,Sedan,Yes,Petrol,2.5,284000,4,Tiptronic,Front,4-5,Left wheel,Black,6,19757.0,19813.092287461437
45715130,1024,VOLKSWAGEN,Golf,2010,Hatchback,Yes,Petrol,2.5,544300,5,Tiptronic,Front,4-5,Left wheel,Red,10,13172.0,6418.014000074978
45715209,1197,NISSAN,X-Terra,2002,Jeep,No,Petrol,4,392900,6,Tiptronic,4x4,4-5,Left wheel,Grey,6,23521.0,8027.687644558395
45715279,0,HYUNDAI,Veloster,2009,Coupe,Yes,Petrol,1.6,357581,4,Automatic,Front,2-3,Left wheel,Black,6,11917.0,10322.980490946902
45715282,640,FORD,C-MAX,2007,Hatchback,Yes,Hybrid,2,533400,4,Tiptronic,Front,4-5,Left wheel,Black,12,16935.0,12765.039773274613
45715368,0,MERCEDES-BENZ,ML 300,1999,Jeep,Yes,Diesel,3,371100,6,Tiptronic,4x4,4-5,Left wheel,Black,12,25089.0,41152.594655385416
45715397,0,MERCEDES-BENZ,Sprinter,2000,Microbus,No,Diesel,2.2 T,81000,4,Manual,4x4,4-5,Left wheel,White,2,29793.0,30932.55351657243
45718004,0,TOYOTA,Prius,2022,Hatchback,No,LPG,1.8,614500,4,Variator,Front,4-5,Left wheel,White,4,25.0,-7890.718394616513
45718610,0,TOYOTA,Prius,2011,Hatchback,No,Hybrid,1.4,478200,4,Variator,Front,4-5,Left wheel,Grey,8,11917.0,-5138.887402901641
45719366,0,LAND ROVER,Range Rover,2011,Jeep,Yes,Diesel,3.6 T,175000,8,Tiptronic,4x4,4-5,Left wheel,Black,12,61154.0,46131.08482824966
45719603,0,TOYOTA,Prius,2012,Sedan,No,Hybrid,1.5,346000,4,Automatic,Front,4-5,Left wheel,White,2,12231.0,15303.023940637831
45719650,0,MERCEDES-BENZ,CLK 320,2017,Coupe,Yes,Petrol,3.2,524800,6,Tiptronic,Rear,2-3,Left wheel,Blue,6,7997.0,22211.653708446433
45720083,0,OPEL,Astra,2000,Coupe,No,Petrol,1.6,0,4,Manual,Front,2-3,Left wheel,Blue,6,5331.0,102917.31657116443
45720191,0,MERCEDES-BENZ,E 320,2009,Sedan,Yes,Petrol,3.2,342600,6,Tiptronic,Rear,4-5,Left wheel,Black,14,15681.0,22884.07802258234
45720276,1055,MERCEDES-BENZ,E 350,2010,Sedan,Yes,Petrol,3.5 T,412400,6,Automatic,4x4,4-5,Left wheel,Black,0,15681.0,22805.991853689433
45720363,0,LEXUS,CT 200h,2001,Hatchback,Yes,Hybrid,1.8,298500,4,Automatic,Front,4-5,Left wheel,Silver,12,26030.0,33301.24649228199
45720483,0,MERCEDES-BENZ,CL 55 AMG KOMPRESSOR,1997,Coupe,Yes,Petrol,5.5 T,253500,8,Tiptronic,Rear,2-3,Left wheel,Black,8,29793.0,44450.4284140727
45720618,0,HONDA,FIT,2002,Hatchback,No,Petrol,1.5,0,4,Automatic,Front,4-5,Right-hand drive,Silver,4,30.0,41182.00255462702
45720645,0,HONDA,FIT,2006,Hatchback,No,Petrol,1.3,0,4,Automatic,Front,4-5,Right-hand drive,Silver,4,30.0,35786.95402242505
45721226,0,HONDA,FIT,2007,Hatchback,No,Petrol,1.3,0,4,Automatic,Front,4-5,Right-hand drive,Silver,4,30.0,35291.96709492052
45721275,0,HONDA,FIT,2003,Hatchback,No,Petrol,1.5,0,4,Automatic,Front,4-5,Right-hand drive,Silver,4,30.0,40687.015627122484
45721611,0,OPEL,Vectra,2015,Goods wagon,No,Petrol,1.8,592300,4,Manual,Front,4-5,Left wheel,Silver,4,5959.0,43867.53881160856
45722798,988,TOYOTA,Prius,2015,Sedan,Yes,Hybrid,1.5,563100,4,Variator,Front,4-5,Left wheel,Red,10,10036.0,-8411.316262315762
45723475,502,FORD,Fusion,2008,Sedan,No,Petrol,1.5 T,408900,4,Automatic,Front,4-5,Left wheel,Black,8,19444.0,-4523.052936362859
45724246,640,AUDI,A4,2000,Sedan,Yes,Petrol,2.0 T,236800,4,Automatic,Front,4-5,Left wheel,White,12,27284.0,15289.34123490287
45724967,707,SSANGYONG,Actyon,2009,Jeep,Yes,Diesel,2,415600,4,Automatic,Front,4-5,Left wheel,Black,4,14884.0,41149.675848474806
45725088,707,SSANGYONG,Actyon,2002,Jeep,Yes,Diesel,2,265700,4,Automatic,Front,4-5,Left wheel,Black,4,20005.0,52199.23815399085
45725217,836,SSANGYONG,Actyon,2005,Jeep,Yes,Diesel,2,311000,4,Automatic,Front,4-5,Left wheel,Silver,4,21181.0,46325.618513315516
45725271,836,SSANGYONG,Actyon,2007,Jeep,Yes,Diesel,2,355500,4,Automatic,Front,4-5,Left wheel,Silver,4,17942.0,43084.029617093634
45725280,0,MERCEDES-BENZ,C 200,2016,Sedan,Yes,CNG,2,616600,4,Manual,Rear,4-5,Left wheel,Black,4,7840.0,-16197.51374738152
45725375,836,SSANGYONG,Actyon,2009,Jeep,Yes,Diesel,2,387300,4,Automatic,Front,4-5,Left wheel,Black,4,16010.0,41143.02319829025
45725387,836,SSANGYONG,Actyon,2011,Jeep,Yes,Diesel,2,457500,4,Automatic,Front,4-5,Left wheel,Silver,4,15718.0,35943.07664407082
45725409,836,SSANGYONG,Actyon,2004,Jeep,Yes,Diesel,2,291364,4,Automatic,Front,4-5,Left wheel,Black,4,22947.0,48472.13627612287
45725425,707,SSANGYONG,Actyon,2004,Jeep,Yes,Diesel,2,192800,4,Automatic,Front,4-5,Left wheel,White,4,22649.0,49752.37110685514
45725690,836,SSANGYONG,Actyon,2007,Jeep,Yes,Diesel,2,372000,4,Automatic,Front,4-5,Left wheel,White,4,16148.0,37761.6538302994
45725720,707,SSANGYONG,Actyon,2013,Jeep,Yes,Diesel,2,475200,4,Automatic,Front,4-5,Left wheel,Black,4,12585.0,36154.08192595591
45725820,836,SSANGYONG,Actyon,2008,Sedan,Yes,Diesel,2,540800,4,Automatic,Front,4-5,Left wheel,Silver,4,11807.0,34106.30547990625
45725863,836,SSANGYONG,Actyon,2007,Sedan,Yes,Diesel,2,498000,4,Automatic,Front,4-5,Left wheel,Silver,4,14686.0,36766.89069424021
45725879,836,SSANGYONG,Actyon,2005,Sedan,Yes,Diesel,2,307400,4,Automatic,Front,4-5,Left wheel,White,4,15530.0,42913.353369987126
45725975,707,SSANGYONG,Actyon,2012,Sedan,Yes,Diesel,2,345831,4,Automatic,Front,4-5,Left wheel,Silver,4,13231.0,43429.99555797268
45726229,1436,CHEVROLET,Traverse,2010,Jeep,No,Petrol,3.6,372900,4,Automatic,4x4,4-5,Left wheel,Silver,0,15681.0,3048.948634881257
45726633,640,SSANGYONG,Korando,1998,Jeep,Yes,Diesel,2,228885,4,Automatic,Front,4-5,Left wheel,White,4,26149.0,25477.5943678414
45726679,640,SSANGYONG,Korando,1997,Jeep,Yes,Diesel,2,303800,4,Automatic,Front,4-5,Left wheel,Silver,4,25591.0,26669.532610399212
45726713,707,SSANGYONG,Korando,2004,Jeep,Yes,Diesel,2,463800,4,Automatic,Front,4-5,Left wheel,Silver,4,24709.0,14361.760846932613
45726735,707,SSANGYONG,Korando,2002,Jeep,Yes,Diesel,2,306900,4,Automatic,Front,4-5,Left wheel,Grey,4,24709.0,24163.32385632414
45726832,642,SSANGYONG,Korando,2000,Jeep,Yes,Diesel,2,343000,4,Automatic,Front,4-5,Left wheel,Orange,4,23239.0,25451.828521387233
45726881,642,SSANGYONG,Korando,2003,Jeep,Yes,Diesel,2,352400,4,Automatic,Front,4-5,Left wheel,Grey,4,22649.0,22090.98899302501
45726977,0,TOYOTA,Prius,2009,Hatchback,Yes,Petrol,1.8,386600,4,Automatic,Front,4-5,Left wheel,Red,10,16621.0,16390.956449836176
45726995,639,SSANGYONG,Korando,1999,Jeep,Yes,Diesel,2,172300,4,Automatic,Front,4-5,Left wheel,Black,4,25591.0,33002.34619373447
45727071,640,SSANGYONG,Korando,2003,Jeep,Yes,Diesel,2,247600,4,Automatic,Front,4-5,Left wheel,Grey,4,24920.0,27415.972454807736
45727367,971,SSANGYONG,Korando,1999,Jeep,Yes,Diesel,2.2,380400,4,Automatic,Front,4-5,Left wheel,Blue,4,22843.0,39085.64602872437
45727606,707,SSANGYONG,Korando,2006,Jeep,Yes,Diesel,2,379690,4,Automatic,Front,4-5,Left wheel,Grey,4,20005.0,18500.341115971594
45727610,707,SSANGYONG,Korando,2003,Jeep,Yes,Diesel,2,400600,4,Automatic,Front,4-5,Left wheel,Silver,4,20266.0,18054.547113867502
45727618,765,SSANGYONG,Korando,1999,Jeep,Yes,Diesel,2,26978,4,Automatic,Front,4-5,Left wheel,Black,4,28532.0,38950.23864350828
45727639,642,SSANGYONG,Korando,2006,Jeep,Yes,Diesel,2,387800,4,Automatic,Front,4-5,Left wheel,Silver,4,21181.0,17942.107090002206
45727769,1055,LEXUS,RX 450,2017,Jeep,Yes,Hybrid,3.5,699469,6,Automatic,Front,4-5,Left wheel,Black,12,3607.0,2843.5458765423173
45728317,604,PORSCHE,Cayenne,2016,Jeep,Yes,Hybrid,3,0,6,Automatic,4x4,4-5,Left wheel,Black,12,29166.0,31744.64924560257
45728340,353,TOYOTA,Prius,2019,Hatchback,Yes,Hybrid,1.8,655207,4,Automatic,Front,4-5,Left wheel,Black,12,3058.0,1901.6857475082288
45728523,765,SSANGYONG,REXTON,2015,Jeep,Yes,Diesel,2,94638,4,Automatic,Front,4-5,Left wheel,Grey,4,49459.0,30096.644395555755
45728539,765,SSANGYONG,REXTON,1988,Jeep,Yes,Diesel,2,36700,4,Automatic,Front,4-5,Left wheel,Black,4,45633.0,46178.08164212812
45728626,640,SSANGYONG,REXTON,1990,Jeep,Yes,Diesel,2,40400,4,Automatic,Front,4-5,Left wheel,Black,4,39750.0,46394.86638232351
45728673,640,SSANGYONG,REXTON,1993,Jeep,Yes,Diesel,2,192700,4,Automatic,Front,4-5,Left wheel,Black,4,36808.0,37203.81636887257
45728707,640,SSANGYONG,REXTON,1991,Jeep,Yes,Diesel,2,226800,4,Automatic,Front,4-5,Left wheel,White,4,35338.0,31322.901314681403
45728728,0,TOYOTA,Prius,2002,Hatchback,No,Hybrid,1.8,412500,4,Automatic,Front,4-5,Left wheel,White,12,23207.0,17019.846847756795
45728747,640,SSANGYONG,REXTON,1993,Jeep,Yes,Diesel,2,152000,4,Automatic,Front,4-5,Left wheel,Silver,4,32035.0,38605.17194090947
45729563,528,HYUNDAI,Elantra,1998,Sedan,Yes,Petrol,1.6,109000,4,Automatic,Front,4-5,Left wheel,White,4,28830.0,24705.34940699406
45729688,530,HYUNDAI,Elantra,2002,Sedan,Yes,Petrol,1.6,99300,4,Automatic,Front,4-5,Left wheel,Blue,4,28241.0,51045.15800721884
45729755,730,SSANGYONG,Actyon,1991,Jeep,Yes,Diesel,1.6,0,4,Automatic,Front,4-5,Left wheel,Black,4,42667.0,36752.23452779838
45729771,730,SSANGYONG,Actyon,1988,Jeep,Yes,Petrol,1.6,700,4,Automatic,Front,4-5,Left wheel,White,4,42102.0,15095.947907791173
45729778,730,SSANGYONG,Actyon,1990,Jeep,Yes,Diesel,1.6,41800,4,Automatic,Front,4-5,Left wheel,Blue,4,42102.0,57837.98562068537
45729785,730,SSANGYONG,Actyon,1991,Jeep,Yes,Diesel,1.6,102500,4,Automatic,Front,4-5,Left wheel,Blue,4,42102.0,54271.69458078491
45729809,765,SSANGYONG,REXTON,1996,Jeep,Yes,Diesel,2,26300,4,Automatic,Front,4-5,Left wheel,Black,4,36197.0,42744.406366555166
45729814,87,HYUNDAI,Elantra,2001,Sedan,Yes,LPG,0,162100,4,Automatic,Front,4-5,Left wheel,White,4,27356.0,44514.15186074782
45729844,629,HYUNDAI,Elantra,1999,Sedan,Yes,Petrol,1.6,101893,4,Automatic,Front,4-5,Left wheel,Grey,4,27065.0,28803.890107749685
45729847,87,SSANGYONG,REXTON,1987,Jeep,Yes,Diesel,0,14500,4,Automatic,Front,4-5,Left wheel,Black,4,47076.0,44122.57901861155
45729864,640,SSANGYONG,REXTON,1989,Jeep,Yes,Diesel,2,58600,4,Automatic,Front,4-5,Left wheel,White,4,38251.0,40823.4740445668
45729877,730,SSANGYONG,Actyon,1993,Jeep,Yes,Petrol,1.6,37900,4,Automatic,Front,4-5,Left wheel,White,4,39161.0,10738.764291996229
45729907,831,HYUNDAI,Elantra,1999,Sedan,Yes,LPG,1.6,143600,4,Automatic,Front,4-5,Left wheel,White,4,27033.0,15298.658798199052
45729925,629,HYUNDAI,Elantra,2002,Sedan,Yes,Petrol,1.6,285200,4,Automatic,Front,4-5,Left wheel,Silver,4,26180.0,17171.19638673436
45729926,642,SSANGYONG,REXTON,1999,Jeep,Yes,Diesel,2,160500,4,Automatic,Front,4-5,Left wheel,Silver,4,25889.0,35182.86305946579
45729931,831,SSANGYONG,Actyon,1991,Jeep,Yes,Petrol,1.6,0,4,Automatic,Front,4-5,Left wheel,White,4,38869.0,12520.076791625184
45729933,639,SSANGYONG,REXTON,2000,Jeep,Yes,Diesel,2,308800,4,Automatic,Front,4-5,Left wheel,White,4,25889.0,22730.12729266111
45729951,707,SSANGYONG,REXTON,2002,Jeep,Yes,Diesel,2,315700,4,Automatic,Front,4-5,Left wheel,Silver,4,23239.0,25120.213386422845
45729963,531,HYUNDAI,Elantra,2003,Sedan,Yes,Petrol,1.6,211700,4,Automatic,Front,4-5,Left wheel,Grey,4,26475.0,22360.791520216626
45729977,640,SSANGYONG,REXTON,1992,Jeep,Yes,Diesel,2,0,4,Automatic,Front,4-5,Left wheel,White,4,42692.0,42303.56138374023
45729983,880,SSANGYONG,Actyon,1989,Jeep,Yes,Petrol,1.6,0,4,Automatic,Front,4-5,Left wheel,Blue,4,40634.0,40814.87218024653
45729988,971,SSANGYONG,REXTON,1988,Jeep,Yes,Diesel,2.2,102100,4,Automatic,Front,4-5,Left wheel,Silver,4,40340.0,37523.10125422668
45729989,831,SSANGYONG,Actyon,1992,Jeep,Yes,Diesel,1.6,0,4,Automatic,Front,4-5,Left wheel,Brown,4,40634.0,35976.48225205776
45729999,629,HYUNDAI,Elantra,2000,Sedan,Yes,Petrol,1.6,243748,4,Automatic,Front,4-5,Left wheel,White,4,25889.0,15771.055013788868
45730036,528,HYUNDAI,Elantra,1999,Sedan,Yes,Petrol,1.6,242700,4,Automatic,Front,4-5,Left wheel,White,4,25889.0,17445.39773768827
45730100,880,SSANGYONG,Actyon,1993,Jeep,Yes,Diesel,1.6,45700,4,Automatic,Front,4-5,Left wheel,Blue,4,42171.0,54482.92644653961
45730107,831,SSANGYONG,Actyon,1990,Jeep,Yes,Petrol,1.6,0,4,Automatic,Front,4-5,Left wheel,White,4,42171.0,13015.063719129705
45730129,730,HYUNDAI,Elantra,1998,Sedan,Yes,Petrol,1.6,266700,4,Automatic,Front,4-5,Left wheel,White,4,25889.0,14473.372491218195
45730138,765,SSANGYONG,REXTON,2015,Jeep,Yes,Diesel,2,62575,4,Automatic,Front,4-5,Left wheel,Black,4,49751.0,31504.208999699615
45730149,730,SSANGYONG,Actyon,1991,Jeep,Yes,Diesel,1.6,12300,4,Automatic,Front,4-5,Left wheel,White,4,40362.0,30984.383998338377
45730151,765,SSANGYONG,REXTON,1991,Jeep,Yes,Diesel,2,0,4,Automatic,Front,4-5,Left wheel,Black,4,45633.0,46550.07079247996
45730159,765,SSANGYONG,REXTON,1988,Jeep,Yes,Diesel,2,0,4,Automatic,Front,4-5,Left wheel,Black,4,45342.0,48035.031574993525
45730180,639,SSANGYONG,REXTON,1988,Jeep,Yes,Diesel,2,0,4,Automatic,Front,4-5,Left wheel,Black,4,43576.0,49440.15487845865
45730194,640,SSANGYONG,REXTON,1988,Jeep,Yes,Diesel,2,0,4,Automatic,Front,4-5,Left wheel,White,4,42692.0,44283.50909375832
45730222,640,SSANGYONG,REXTON,1996,Jeep,Yes,Diesel,2,0,4,Automatic,Front,4-5,Left wheel,Black,4,39750.0,45469.107686172734
45730236,640,SSANGYONG,REXTON,1991,Jeep,Yes,Diesel,2,151700,4,Automatic,Front,4-5,Left wheel,Silver,4,38251.0,39610.32522316265
45730241,765,SSANGYONG,REXTON,1993,Jeep,Yes,Diesel,2,116000,4,Automatic,Front,4-5,Left wheel,Grey,4,37984.0,39905.48038469156
45730245,831,SSANGYONG,Actyon,1994,Jeep,Yes,Petrol,1.6,18400,4,Automatic,Front,4-5,Left wheel,White,4,38311.0,10104.111138138198
45730251,730,SSANGYONG,Actyon,1990,Jeep,Yes,Petrol,1.6,0,4,Automatic,Front,4-5,Left wheel,White,4,39201.0,14141.39271635174
45730281,640,SSANGYONG,REXTON,1995,Jeep,Yes,Diesel,2,7500,4,Automatic,Front,4-5,Left wheel,Silver,4,34419.0,44926.622208490364
45730283,831,SSANGYONG,Actyon,1991,Jeep,Yes,Petrol,1.6,124100,4,Automatic,Front,4-5,Left wheel,Silver,4,35610.0,10728.361010003122
45730287,640,SSANGYONG,REXTON,1995,Jeep,Yes,Diesel,2,49700,4,Automatic,Front,4-5,Left wheel,Silver,4,32035.0,42791.38277614924
45730301,730,SSANGYONG,Actyon,1991,Jeep,Yes,Diesel,1.6,138800,4,Automatic,Front,4-5,Left wheel,Black,4,33230.0,29729.219522846863
45730306,707,SSANGYONG,REXTON,1996,Jeep,Yes,Diesel,2,284400,4,Automatic,Front,4-5,Left wheel,Black,4,28212.0,30331.841918004677
45730320,730,SSANGYONG,Actyon,1996,Jeep,Yes,Petrol,1.6,65725,4,Automatic,Front,4-5,Left wheel,Blue,4,31744.0,35697.17000643818
45730323,707,SSANGYONG,REXTON,2006,Jeep,Yes,Diesel,2,245900,4,Automatic,Front,4-5,Left wheel,White,4,22947.0,22184.50512683901
45730339,831,SSANGYONG,Actyon,1989,Jeep,Yes,Diesel,1.6,0,4,Automatic,Front,4-5,Left wheel,Red,4,40092.0,28681.354605618737
45730354,707,SSANGYONG,REXTON,2003,Jeep,Yes,Diesel,2,349800,4,Automatic,Front,4-5,Left wheel,Black,4,20005.0,23557.818286252314
45730361,730,SSANGYONG,Actyon,2002,Jeep,Yes,Diesel,1.6,377600,4,Automatic,Front,4-5,Left wheel,White,4,21790.0,7056.045221517865
45730366,730,SSANGYONG,Actyon,1992,Jeep,Yes,Diesel,1.6,2800,4,Automatic,Front,4-5,Left wheel,White,4,37984.0,30970.07893356468
45730369,765,SSANGYONG,REXTON,1988,Jeep,Yes,Diesel,2,15580,4,Automatic,Front,4-5,Left wheel,Black,4,42667.0,47246.71332011497
45730377,640,SSANGYONG,REXTON,2005,Jeep,Yes,Diesel,2,330800,4,Automatic,Front,4-5,Left wheel,Silver,4,20266.0,23618.390173352767
45730472,640,SSANGYONG,REXTON,1999,Jeep,Yes,Diesel,2,203600,4,Automatic,Front,4-5,Left wheel,White,4,28482.0,28536.88160152467
45730498,707,SSANGYONG,REXTON,2002,Jeep,Yes,Diesel,2,318400,4,Automatic,Front,4-5,Left wheel,Silver,4,24029.0,24983.598541225663
45730501,880,SSANGYONG,Actyon,1988,Jeep,Yes,Diesel,1.6,0,4,Automatic,Front,4-5,Left wheel,Grey,4,44752.0,36779.19145447159
45730510,1273,SSANGYONG,REXTON,2006,Jeep,Yes,Diesel,2.7,269000,4,Automatic,Front,4-5,Left wheel,Silver,4,21357.0,20173.58926601664
45730552,707,SSANGYONG,REXTON,2007,Jeep,Yes,Diesel,2,237900,4,Automatic,Front,4-5,Left wheel,Black,4,21739.0,27239.796938295258
45730567,639,SSANGYONG,REXTON,1989,Jeep,Yes,Diesel,2,34100,4,Automatic,Front,4-5,Left wheel,Black,4,39750.0,47219.77305420452
45730597,1273,SSANGYONG,REXTON,2004,Jeep,Yes,Diesel,2.7,433900,4,Automatic,Front,4-5,Left wheel,Black,4,22298.0,13477.924669918353
45730608,707,SSANGYONG,REXTON,2004,Jeep,Yes,Diesel,2,301100,4,Automatic,Front,4-5,Left wheel,Silver,4,18826.0,24868.97165729486
45730611,629,SSANGYONG,Actyon,2001,Jeep,Yes,Petrol,1.6,275700,4,Automatic,Front,4-5,Left wheel,White,4,27105.0,-4127.028126332778
45730619,1273,SSANGYONG,REXTON,2013,Jeep,Yes,Diesel,2.7,180444,4,Automatic,Front,4-5,Left wheel,Silver,4,9252.0,21189.445303589313
45730630,1273,SSANGYONG,REXTON,2015,Jeep,Yes,Diesel,2.7,601100,4,Automatic,Front,4-5,Left wheel,Silver,4,9063.0,-1084.919040777706
45730647,880,SSANGYONG,Actyon,1989,Jeep,Yes,Petrol,1.6,0,4,Automatic,Front,4-5,Left wheel,Blue,4,44003.0,40814.87218024653
45730669,730,SSANGYONG,Actyon,1990,Jeep,Yes,Diesel,1.6,0,4,Automatic,Front,4-5,Left wheel,Blue,4,39085.0,59952.985816701024
45730681,779,TOYOTA,Avalon,2003,Sedan,Yes,Hybrid,2.5,398100,4,Automatic,Front,4-5,Left wheel,Silver,12,22894.0,15394.08342149616
45730695,730,SSANGYONG,Actyon,1985,Jeep,Yes,Diesel,1.6,0,4,Automatic,Front,4-5,Left wheel,White,4,43576.0,34576.66208037494
45730701,730,SSANGYONG,Actyon,1989,Jeep,Yes,Petrol,1.6,0,4,Automatic,Front,4-5,Left wheel,White,4,42667.0,14636.379643856277
45730723,831,SSANGYONG,Actyon,1988,Jeep,Yes,Diesel,1.6,0,4,Automatic,Front,4-5,Left wheel,Blue,4,43281.0,59816.63067448804
45730740,687,HYUNDAI,Elantra,2006,Sedan,Yes,Petrol,1.6,534900,4,Automatic,Front,4-5,Left wheel,Black,4,15866.0,2568.0893341171795
45730753,687,HYUNDAI,Elantra,2009,Sedan,Yes,Petrol,1.6,207503,4,Automatic,Front,4-5,Left wheel,Silver,4,15423.0,16990.80496567634
45730759,831,SSANGYONG,Actyon,1987,Jeep,Yes,Diesel,1.6,0,4,Automatic,Front,4-5,Left wheel,White,4,45633.0,32460.359228143832
45730768,730,HYUNDAI,Elantra,2007,Sedan,Yes,Petrol,1.6,118405,4,Automatic,Front,4-5,Left wheel,Silver,4,18817.0,22009.44130927271
45730775,629,HYUNDAI,Elantra,2004,Sedan,Yes,LPG,1.6,307100,4,Automatic,Front,4-5,Left wheel,Grey,4,18346.0,12163.850301137565
45730821,730,SSANGYONG,Actyon,1989,Jeep,Yes,Petrol,1.6,0,4,Automatic,Front,4-5,Left wheel,White,4,44166.0,14636.379643856277
45730886,831,SSANGYONG,Actyon,1991,Jeep,Yes,Diesel,1.6,0,4,Automatic,Front,4-5,Left wheel,White,4,43281.0,30480.411518125733
45730930,836,HYUNDAI,Genesis,2007,Coupe,Yes,Petrol,2,659700,4,Automatic,Front,4-5,Left wheel,Grey,4,16091.0,75.60493461362785
45730936,836,HYUNDAI,Genesis,2010,Coupe,Yes,Petrol,2,343600,4,Automatic,Front,4-5,Left wheel,White,4,15825.0,9224.444664264523
45730989,836,HYUNDAI,Genesis,2006,Coupe,Yes,Petrol,2,254500,4,Automatic,Front,4-5,Left wheel,White,4,19613.0,15712.682265789683
45731005,1024,HYUNDAI,H1,2011,Minivan,Yes,Diesel,2.5,485913,4,Automatic,Front,4-5,Left wheel,Silver,4,10945.0,10001.836386128187
45731043,1091,HYUNDAI,H1,1989,Universal,Yes,Diesel,2.5,0,4,Automatic,Front,4-5,Left wheel,Black,4,40183.0,40163.1415983236
45731076,1091,HYUNDAI,H1,1999,Universal,Yes,Diesel,2.5,134223,4,Automatic,Front,4-5,Left wheel,Silver,4,26306.0,27763.858055897836
45731113,777,HYUNDAI,H1,1995,Minivan,Yes,Diesel,2.5,202000,4,Automatic,Front,4-5,Left wheel,Silver,4,30750.0,35041.570729092564
45731154,777,HYUNDAI,H1,1997,Minivan,Yes,Diesel,2.5,184611,4,Automatic,Front,4-5,Left wheel,Grey,4,31581.0,35804.19578094591
45731418,777,HYUNDAI,H1,1995,Minivan,Yes,Diesel,2.5,83000,4,Automatic,Front,4-5,Left wheel,Grey,4,34108.0,41935.49224163313
45731453,777,HYUNDAI,H1,2002,Minivan,Yes,Diesel,2.5,320700,4,Automatic,Front,4-5,Left wheel,Black,4,25763.0,26228.655581049785
45731492,862,HYUNDAI,H1,2005,Minivan,Yes,Diesel,2.5,268070,4,Automatic,Front,4-5,Left wheel,Silver,4,18669.0,25800.784952754926
45731546,1249,HYUNDAI,H1,1985,Universal,Yes,Diesel,2.5,0,4,Automatic,Front,4-5,Left wheel,Silver,4,43655.0,39723.12256880184
45731735,1091,HYUNDAI,H1,1991,Universal,Yes,Diesel,2.5,0,4,Automatic,Front,4-5,Left wheel,Grey,4,44752.0,39387.929724932656
45731784,934,HYUNDAI,H1,1996,Universal,Yes,Diesel,2.5,150100,4,Automatic,Front,4-5,Left wheel,Grey,4,29122.0,31069.049899469435
45732052,707,HYUNDAI,Santa FE,1997,Jeep,Yes,Diesel,2,291038,4,Automatic,Front,4-5,Left wheel,Grey,4,28927.0,35173.97634564321
45732085,1174,HYUNDAI,Santa FE,2020,Jeep,Yes,Diesel,2.2,8803,4,Automatic,Front,4-5,Left wheel,White,4,96915.0,25111.082098020255
45732089,891,HYUNDAI,Santa FE,2016,Jeep,Yes,Diesel,2,122497,4,Automatic,Front,4-5,Left wheel,Blue,4,50184.0,54736.15383273205
45732098,765,HYUNDAI,Santa FE,2015,Jeep,Yes,Diesel,2,104667,4,Automatic,Front,4-5,Left wheel,Grey,4,48998.0,35047.425643131224
45732126,765,HYUNDAI,Santa FE,1988,Jeep,Yes,Diesel,2,0,4,Automatic,Front,4-5,Left wheel,Blue,4,45436.0,76199.02543673845
45732138,639,HYUNDAI,Santa FE,1987,Jeep,Yes,Diesel,2,43600,4,Automatic,Front,4-5,Left wheel,Grey,4,43062.0,53402.05652844763
45732140,639,HYUNDAI,Santa FE,1988,Jeep,Yes,Diesel,2,87900,4,Automatic,Front,4-5,Left wheel,White,4,41547.0,45305.3181838243
45732148,836,HYUNDAI,Santa FE,2002,Jeep,Yes,Diesel,2,224700,4,Automatic,Front,4-5,Left wheel,White,4,23408.0,29256.783242241563
45732158,640,HYUNDAI,Santa FE,2001,Jeep,Yes,Diesel,2,243000,4,Automatic,Front,4-5,Left wheel,White,4,26343.0,31011.57246879982
45732161,891,HYUNDAI,Santa FE,1992,Jeep,Yes,Diesel,2,0,4,Automatic,Front,4-5,Left wheel,Black,4,38838.0,50108.19006185709
45732162,891,HYUNDAI,Santa FE,1991,Jeep,Yes,Diesel,2,0,4,Automatic,Front,4-5,Left wheel,Black,4,40569.0,50603.17698936161
45732328,769,HYUNDAI,Santa FE,2000,Jeep,Yes,Diesel,2.2,151900,4,Automatic,Front,4-5,Left wheel,White,4,26861.0,32286.853408070405
45732334,639,HYUNDAI,Santa FE,1994,Jeep,Yes,Diesel,2,159800,4,Automatic,Front,4-5,Left wheel,Silver,4,36865.0,43184.90117765402
45732352,639,HYUNDAI,Santa FE,1993,Jeep,Yes,Diesel,2,0,4,Automatic,Front,4-5,Left wheel,Black,4,40976.0,52423.449741282806
45732358,639,HYUNDAI,Santa FE,1995,Jeep,Yes,Diesel,2,0,4,Automatic,Front,4-5,Left wheel,Grey,4,35579.0,51648.23786789187
45732367,1176,HYUNDAI,Santa FE,2019,Jeep,Yes,Diesel,2.2,69852,4,Automatic,Front,4-5,Left wheel,Grey,4,89482.0,27855.058629004106
45732374,707,HYUNDAI,Santa FE,1998,Jeep,Yes,Diesel,2,412300,4,Automatic,Front,4-5,Left wheel,Grey,4,23235.0,28543.363729879107
45732382,639,HYUNDAI,Santa FE,1989,Jeep,Yes,Diesel,2,0,4,Automatic,Front,4-5,Left wheel,Grey,4,45025.0,54618.15943291903
45732551,862,BMW,328,1995,Sedan,Yes,Petrol,2.8 T,166000,4,Tiptronic,Rear,4-5,Left wheel,White,4,31361.0,-8623.023768396819
45732564,891,HYUNDAI,Santa FE,1991,Jeep,Yes,Diesel,2,0,4,Automatic,Front,4-5,Left wheel,White,4,37476.0,45457.682976911005
45732584,639,HYUNDAI,Santa FE,1987,Jeep,Yes,Diesel,2,48901,4,Automatic,Front,4-5,Left wheel,Black,4,42692.0,52919.074067425725
45732623,765,HYUNDAI,Sonata,2013,Sedan,Yes,LPG,2,490300,4,Automatic,Front,4-5,Left wheel,Orange,4,9164.0,10490.647504382614
45732632,765,HYUNDAI,Sonata,2012,Sedan,Yes,LPG,2,361200,4,Automatic,Front,4-5,Left wheel,Silver,4,14909.0,15244.842558044164
45732633,891,HYUNDAI,Sonata,2010,Sedan,Yes,LPG,2,389900,4,Automatic,Front,4-5,Left wheel,Silver,4,15530.0,13377.527903232844
45732638,891,HYUNDAI,Sonata,2010,Sedan,Yes,LPG,2,462400,4,Automatic,Front,4-5,Left wheel,Silver,4,15530.0,9709.166319234402
45732643,765,HYUNDAI,Sonata,2010,Sedan,Yes,LPG,2,479700,4,Automatic,Front,4-5,Left wheel,Silver,4,13978.0,10238.942651621273
45732657,1017,HYUNDAI,Sonata,2006,Sedan,Yes,LPG,2,345600,4,Automatic,Front,4-5,Left wheel,White,4,16935.0,11706.340444468911
45732660,639,HYUNDAI,Sonata,2012,Sedan,Yes,LPG,2,425000,4,Automatic,Front,4-5,Left wheel,Orange,4,8467.0,15694.813065491555
45732668,836,HYUNDAI,Sonata,2010,Sedan,Yes,Petrol,2,400200,4,Automatic,Front,4-5,Left wheel,Silver,4,12720.0,17251.73778905363
45732680,891,HYUNDAI,Sonata,2005,Sedan,Yes,LPG,2,369100,4,Automatic,Front,4-5,Left wheel,White,4,18817.0,12417.39554131493
45732687,765,HYUNDAI,Sonata,2011,Sedan,Yes,LPG,2,142665,4,Automatic,Front,4-5,Left wheel,Silver,4,15053.0,26797.283261536264
45732689,765,HYUNDAI,Sonata,2011,Sedan,Yes,LPG,2,477700,4,Automatic,Front,4-5,Left wheel,Silver,4,15053.0,9845.15190574429
45732692,891,HYUNDAI,Sonata,2009,Sedan,Yes,LPG,2,557600,4,Automatic,Front,4-5,Left wheel,White,4,13808.0,899.707712900843
45732701,891,HYUNDAI,Sonata,2011,Sedan,Yes,LPG,2,636800,4,Automatic,Front,4-5,Left wheel,Orange,4,13172.0,2662.877751708944
45732710,765,HYUNDAI,Sonata,2009,Sedan,Yes,LPG,2,405700,4,Automatic,Front,4-5,Left wheel,White,4,10976.0,9990.681010977903
45732713,639,HYUNDAI,Sonata,2014,Sedan,Yes,LPG,2,534100,4,Automatic,Front,4-5,Left wheel,White,4,10349.0,2424.074816432112
45732720,639,HYUNDAI,Sonata,2015,Sedan,Yes,LPG,2,535100,4,Automatic,Front,4-5,Left wheel,Silver,4,10036.0,6365.9970864807765
45732728,765,HYUNDAI,Sonata,2019,Sedan,Yes,LPG,2,488300,4,Automatic,Front,4-5,Left wheel,Orange,4,6586.0,7621.92212098297
45732734,765,HYUNDAI,Sonata,2015,Sedan,Yes,LPG,2,583800,4,Automatic,Front,4-5,Left wheel,Orange,4,6837.0,4769.7521582858535
45732740,639,HYUNDAI,Sonata,2015,Sedan,Yes,LPG,2,454300,4,Automatic,Front,4-5,Left wheel,Silver,4,10036.0,10454.322824233564
45732741,639,HYUNDAI,Sonata,2012,Sedan,Yes,LPG,2,409900,4,Automatic,Front,4-5,Left wheel,Silver,4,10036.0,14185.838838878606
45732746,765,HYUNDAI,Sonata,2013,Sedan,Yes,LPG,2,585900,4,Automatic,Front,4-5,Left wheel,White,4,10976.0,-1107.0426636819066
45732747,765,HYUNDAI,Sonata,2015,Sedan,Yes,LPG,2,454100,4,Automatic,Front,4-5,Left wheel,Silver,4,10663.0,9059.319138931194
45732750,891,HYUNDAI,Sonata,2009,Sedan,Yes,LPG,2,538300,4,Automatic,Front,4-5,Left wheel,Silver,4,11290.0,6363.75815397362
45732758,836,HYUNDAI,Sonata,2007,Sedan,Yes,Petrol,2,327000,4,Automatic,Front,4-5,Left wheel,Black,4,16894.0,23098.465543218896
45732760,836,HYUNDAI,Sonata,2009,Sedan,Yes,Petrol,2,356200,4,Automatic,Front,4-5,Left wheel,Silver,4,15718.0,19973.0407123641
45732765,707,HYUNDAI,Sonata,2008,Sedan,Yes,Petrol,2,505100,4,Automatic,Front,4-5,Left wheel,Black,4,16599.0,15030.53726199593
45732770,639,HYUNDAI,Sonata,2014,Sedan,Yes,LPG,2,557500,4,Automatic,Front,4-5,Left wheel,Orange,4,6429.0,8000.592177657731
45732776,836,HYUNDAI,Sonata,2008,Sedan,Yes,Petrol,2,535800,4,Automatic,Front,4-5,Left wheel,Black,4,14247.0,12038.597253798856
45732801,707,HYUNDAI,Sonata,2007,Sedan,Yes,Petrol,2,460865,4,Automatic,Front,4-5,Left wheel,Black,4,17035.0,17763.730736647656
45732803,836,HYUNDAI,Sonata,2007,Sedan,Yes,Petrol,2,136126,4,Automatic,Front,4-5,Left wheel,Grey,4,16443.0,32971.087510824844
45732812,836,HYUNDAI,Sonata,2007,Sedan,Yes,Petrol,2,498100,4,Automatic,Front,4-5,Left wheel,Black,4,15257.0,14441.132204982569
45732818,836,HYUNDAI,Sonata,2012,Sedan,Yes,Petrol,2,469300,4,Automatic,Front,4-5,Left wheel,Black,4,14069.0,13423.422582896557
45732821,765,HYUNDAI,Sonata,2004,Sedan,Yes,LPG,2,411000,4,Automatic,Front,4-5,Left wheel,Silver,4,15367.0,16684.953055554546
45732826,765,HYUNDAI,Sonata,2015,Sedan,Yes,LPG,2,463500,4,Automatic,Front,4-5,Left wheel,Orange,4,9252.0,10856.702483182642
45732829,639,HYUNDAI,Sonata,2014,Sedan,Yes,LPG,2,603400,4,Automatic,Front,4-5,Left wheel,Silver,4,10036.0,3405.1344114046824
45732838,891,HYUNDAI,Sonata,2013,Sedan,Yes,LPG,2,597200,4,Automatic,Front,4-5,Left wheel,Orange,4,10036.0,3676.5882929252475
45732840,639,HYUNDAI,Sonata,2013,Sedan,Yes,LPG,2,509500,4,Automatic,Front,4-5,Left wheel,Silver,4,10036.0,8651.282066322423
45732845,765,HYUNDAI,Sonata,2011,Sedan,Yes,LPG,2,474200,4,Automatic,Front,4-5,Left wheel,Silver,4,10663.0,10022.245223592492
45732846,891,HYUNDAI,Sonata,2011,Sedan,Yes,LPG,2,554531,4,Automatic,Front,4-5,Left wheel,Silver,4,11290.0,4552.526686966225
45732847,639,HYUNDAI,Sonata,2014,Sedan,Yes,LPG,2,601600,4,Automatic,Front,4-5,Left wheel,Orange,4,8467.0,5769.216372770381
45732853,765,HYUNDAI,Sonata,2011,Sedan,Yes,LPG,2,512600,4,Automatic,Front,4-5,Left wheel,Orange,4,9252.0,10352.283934244559
45732856,891,HYUNDAI,Sonata,2015,Sedan,Yes,LPG,2,446900,4,Automatic,Front,4-5,Left wheel,Orange,4,10036.0,10291.507487226125
45732857,891,HYUNDAI,Sonata,2015,Sedan,Yes,LPG,2,516800,4,Automatic,Front,4-5,Left wheel,Orange,4,10036.0,6754.700939343435
45732873,640,HYUNDAI,Sonata,2009,Sedan,Yes,Petrol,2,412900,4,Automatic,Front,4-5,Left wheel,White,4,15367.0,14802.369035802001
45732944,639,HYUNDAI,Sonata,2009,Sedan,Yes,LPG,2,522176,4,Automatic,Front,4-5,Left wheel,Silver,4,11604.0,9989.848377185157
45732988,707,HYUNDAI,Sonata,2004,Sedan,Yes,Petrol,2,256600,4,Automatic,Front,4-5,Left wheel,Black,4,17158.0,29584.110539236288
45732994,891,HYUNDAI,Sonata,2004,Sedan,Yes,LPG,2,290900,4,Automatic,Front,4-5,Left wheel,Silver,4,23104.0,21356.66045882339
45732995,891,HYUNDAI,Sonata,2004,Sedan,Yes,LPG,2,331700,4,Automatic,Front,4-5,Left wheel,Black,4,22273.0,19950.245077705116
45733028,765,HYUNDAI,Sonata,2006,Sedan,Yes,LPG,2,379200,4,Automatic,Front,4-5,Left wheel,Silver,4,15053.0,17303.998488423436
45733040,765,HYUNDAI,Sonata,2014,Sedan,Yes,LPG,2,446100,4,Automatic,Front,4-5,Left wheel,Orange,4,9252.0,12232.096190846798
45733047,639,HYUNDAI,Sonata,2009,Sedan,Yes,LPG,2,387500,4,Automatic,Front,4-5,Left wheel,Silver,4,10515.0,16804.19685562067
45733051,765,HYUNDAI,Sonata,2011,Sedan,Yes,LPG,2,483736,4,Automatic,Front,4-5,Left wheel,Orange,4,9252.0,11812.74722749327
45733095,639,HYUNDAI,Sonata,2013,Sedan,Yes,LPG,2,571300,4,Automatic,Front,4-5,Left wheel,Silver,4,11604.0,5524.320054031306
45733141,765,HYUNDAI,Sonata,2011,Sedan,Yes,LPG,2,384900,4,Automatic,Front,4-5,Left wheel,Silver,4,15367.0,14540.654733262303
45733145,891,HYUNDAI,Sonata,2013,Sedan,Yes,LPG,2,366800,4,Automatic,Front,4-5,Left wheel,Silver,4,15681.0,13061.383018517394
45733147,639,HYUNDAI,Sonata,2009,Sedan,Yes,LPG,2,465700,4,Automatic,Front,4-5,Left wheel,Silver,4,11604.0,12847.426153983732
45733158,836,HYUNDAI,Sonata,2005,Sedan,Yes,Petrol,2,371300,4,Automatic,Front,4-5,Left wheel,Grey,4,20297.0,22061.705956795977
45733257,765,HYUNDAI,Sonata,2014,Sedan,Yes,LPG,2,554600,4,Automatic,Front,4-5,Left wheel,Orange,4,9252.0,6742.203337552513
45733278,639,HYUNDAI,Sonata,2012,Sedan,Yes,LPG,2,224238,4,Automatic,Front,4-5,Left wheel,Silver,4,11604.0,23579.981575545073
45733284,765,HYUNDAI,Sonata,2016,Sedan,Yes,LPG,2,557500,4,Automatic,Front,4-5,Left wheel,Orange,4,9252.0,5605.4950191835305
45733291,765,HYUNDAI,Sonata,2007,Sedan,Yes,LPG,2,410300,4,Automatic,Front,4-5,Left wheel,Black,4,14906.0,15893.397660694212
45733300,639,HYUNDAI,Sonata,2012,Sedan,Yes,LPG,2,481500,4,Automatic,Front,4-5,Left wheel,Silver,4,11917.0,10563.015536612551
45733331,639,HYUNDAI,Sonata,2015,Sedan,Yes,LPG,2,471100,4,Automatic,Front,4-5,Left wheel,White,4,10349.0,5116.767610195198
45733410,1017,HYUNDAI,Sonata,2017,Sedan,Yes,Petrol,2,54930,4,Automatic,Front,4-5,Left wheel,White,4,50018.0,24750.854046225973
45733412,1017,HYUNDAI,Sonata,2017,Sedan,Yes,Petrol,2,68009,4,Automatic,Front,4-5,Left wheel,Black,4,50341.0,29234.57562892326
45733429,1017,HYUNDAI,Sonata,1988,Sedan,Yes,Petrol,2,0,4,Automatic,Front,4-5,Left wheel,Brown,4,45044.0,47875.88573369422
45733467,891,HYUNDAI,Sonata,1990,Sedan,Yes,Petrol,2,85600,4,Automatic,Front,4-5,Left wheel,Black,4,44134.0,43114.274959505514
45733505,765,HYUNDAI,Sonata,1990,Sedan,Yes,Petrol,2,167800,4,Automatic,Front,4-5,Left wheel,White,4,40926.0,35214.74118562804
45733528,891,HYUNDAI,Sonata,1994,Sedan,Yes,Petrol,2,116900,4,Automatic,Front,4-5,Left wheel,White,4,38251.0,34405.11299456578
45733554,0,BMW,520 Vanos,2020,Sedan,Yes,Petrol,2,703500,6,Manual,Rear,4-5,Left wheel,Blue,2,2822.0,17287.27965763024
45733558,1017,HYUNDAI,Sonata,1993,Sedan,Yes,Petrol,2,92900,4,Automatic,Front,4-5,Left wheel,Black,4,42987.0,39854.82481058631
45733564,1017,HYUNDAI,Sonata,1987,Sedan,Yes,Petrol,2,76700,4,Automatic,Front,4-5,Left wheel,Black,4,42987.0,43644.435446796546
45733585,0,MITSUBISHI,Pajero IO,2017,Jeep,No,Petrol,2,632600,4,Automatic,4x4,4-5,Left wheel,White,2,8781.0,393.6347720000522
45733698,765,HYUNDAI,Sonata,2015,Sedan,Yes,Petrol,2,63750,4,Automatic,Front,4-5,Left wheel,Black,4,49431.0,33250.293359638395
45733721,1017,HYUNDAI,Sonata,2017,Sedan,Yes,Petrol,2,61600,4,Automatic,Front,4-5,Left wheel,Black,4,50018.0,29558.85879294872
45733737,891,HYUNDAI,Sonata,2016,Sedan,Yes,Petrol,2,43000,4,Automatic,Front,4-5,Left wheel,Black,4,47989.0,32400.093513054526
45735206,1018,BMW,535,2002,Sedan,Yes,Petrol,3,336800,6,Automatic,Rear,4-5,Left wheel,Grey,12,23521.0,4295.572158634357
45735759,0,FORD,Transit,2019,Goods wagon,No,Diesel,2.5,528100,4,Manual,Rear,4-5,Left wheel,Red,1,3607.0,-3018.2032030606933
45736918,0,HYUNDAI,Sonata,2002,Sedan,Yes,Petrol,2.4,107356,4,Tiptronic,Front,4-5,Left wheel,Black,2,22423.0,48603.16635173765
45738950,1341,FORD,Mustang,1993,Coupe,No,Petrol,3.7,61500,6,Tiptronic,Rear,2-3,Left wheel,Grey,6,39201.0,49231.12894652622
45738960,834,OPEL,Zafira,2014,Minivan,No,Diesel,1.7,452800,4,Manual,Front,4-5,Left wheel,Silver,8,11604.0,310444.58321907284
45739628,1054,MERCEDES-BENZ,Viano,1998,Minivan,Yes,Diesel,2.2 T,319200,4,Manual,Rear,4-5,Left wheel,Blue,4,28852.0,34491.365575792974
45739852,0,TOYOTA,Prius,2004,Sedan,No,Petrol,1.8,319600,4,Automatic,Front,4-5,Left wheel,Grey,8,18817.0,25622.69347486012
45740209,0,SUZUKI,Vitara,2015,Jeep,No,Petrol,2,564200,4,Automatic,4x4,4-5,Left wheel,Green,2,6586.0,39896.75658417547
45740269,0,NISSAN,Note,2022,Hatchback,No,Petrol,1.5,727200,4,Automatic,Front,4-5,Right-hand drive,Green,4,30.0,-15.305736986530974
45740440,0,MERCEDES-BENZ,C 240 W 203,2016,Sedan,Yes,LPG,2.6,609000,6,Tiptronic,Rear,4-5,Left wheel,White,6,8467.0,2303.21897340081
45740677,0,BMW,528,2012,Sedan,Yes,Petrol,3,427600,6,Tiptronic,Rear,4-5,Left wheel,Silver,12,15994.0,17266.02105706791
45740722,0,TOYOTA,Camry,2002,Sedan,No,Hybrid,2.5,360100,4,Variator,Front,4-5,Left wheel,Black,12,25089.0,25058.82631781118
45740854,690,CHEVROLET,Malibu,2000,Sedan,No,Petrol,1.5 T,376800,4,Tiptronic,Front,4-5,Left wheel,Blue,0,23000.0,22215.185103677417
45740925,779,TOYOTA,Camry,2007,Sedan,No,Hybrid,2.5,393800,4,Automatic,Front,4-5,Left wheel,Grey,12,17562.0,13725.50156456944
45741264,585,TOYOTA,Prius,2013,Hatchback,Yes,Hybrid,1.8,0,4,Automatic,Front,4-5,Left wheel,Black,12,17249.0,35436.619438418405
45742077,751,KIA,Optima hybrid,2003,Sedan,Yes,Hybrid,2.4,335957,4,Tiptronic,Front,4-5,Left wheel,White,12,21639.0,26084.8968647361
45742149,0,HONDA,FIT,2007,Hatchback,No,Petrol,1.3,0,4,Automatic,Front,4-5,Right-hand drive,Silver,4,30.0,35291.96709492052
45744441,0,MERCEDES-BENZ,E 220,2012,Sedan,Yes,Diesel,2.2 T,592100,4,Manual,Rear,4-5,Left wheel,Beige,8,10976.0,4614.224075191103
45744453,0,MERCEDES-BENZ,Smart,2020,Sedan,No,Petrol,0.6 T,505200,4,Tiptronic,Rear,2-3,Left wheel,Black,2,4704.0,45559.042481282646
45744690,692,DAEWOO,Gentra,2015,Hatchback,Yes,Petrol,1.2,626600,4,Automatic,Front,4-5,Left wheel,Blue,4,3920.0,7173.0587259935
45744697,790,DAEWOO,Lacetti,2020,Sedan,Yes,Petrol,1.6,514600,4,Automatic,Front,4-5,Left wheel,Silver,4,4180.0,-10917.93448024457
45744729,761,DAEWOO,Lacetti,2018,Sedan,Yes,Petrol,1.8,479700,4,Automatic,Front,4-5,Left wheel,White,4,7260.0,-966.7507141201095
45744738,761,DAEWOO,Lacetti,2013,Sedan,Yes,Petrol,1.8,531800,4,Automatic,Front,4-5,Left wheel,Black,4,10192.0,4017.517404455628
45744753,966,DAEWOO,Lacetti,2019,Sedan,Yes,Petrol,2,80916,4,Automatic,Front,4-5,Left wheel,White,4,5893.0,39149.69745563909
45744767,790,DAEWOO,Lacetti,2018,Sedan,Yes,Petrol,1.6,576600,4,Automatic,Front,4-5,Left wheel,Silver,4,4180.0,-13065.04225568939
45744806,966,DAEWOO,Lacetti,2018,Sedan,Yes,Diesel,2,548900,4,Automatic,Front,4-5,Left wheel,Silver,4,5959.0,38413.42946661905
45744836,0,HYUNDAI,Veloster R-spec,2004,Coupe,Yes,Petrol,1.6 T,322400,4,Manual,Front,2-3,Left wheel,Black,6,19757.0,29824.568695488597
45744982,0,NISSAN,Note,2022,Hatchback,No,Petrol,1.5,615116,4,Variator,Front,4-5,Right-hand drive,Carnelian red,4,30.0,5215.625702626452
45745581,0,MINI,Cooper,2015,Coupe,Yes,Petrol,1.6,495300,4,Tiptronic,Front,2-3,Left wheel,Red,4,8938.0,8113.064245777141
45746575,1267,HONDA,FIT,2011,Hatchback,No,Hybrid,1.5,482000,4,Automatic,Front,4-5,Right-hand drive,Blue,8,10976.0,21505.315082279863
45746606,1236,HONDA,FIT,2012,Sedan,Yes,Hybrid,1.3,495700,4,Variator,Front,4-5,Right-hand drive,Black,2,10663.0,-2580.1348175678067
45746633,0,SUBARU,Outback,2013,Jeep,No,Petrol,2.5,457000,4,Tiptronic,4x4,4-5,Right-hand drive,Black,12,9408.0,7277.041392349573
45747329,629,NISSAN,Juke,2005,Jeep,Yes,Petrol,1.6 T,367500,4,Tiptronic,4x4,4-5,Left wheel,Silver,10,23207.0,21210.76963596419
45748211,0,AUDI,Q5,1997,Jeep,Yes,Petrol,3.2,304100,6,Tiptronic,4x4,4-5,Left wheel,Silver,8,29166.0,39746.30028919729
45748414,1575,MERCEDES-BENZ,GLS 450,2018,Jeep,Yes,Petrol,3,40000,6,Tiptronic,4x4,4-5,Left wheel,Black,12,141124.0,138055.78524675005
45748721,0,HONDA,FIT,2005,Hatchback,No,Petrol,1.3,0,4,Automatic,Front,4-5,Right-hand drive,Silver,4,30.0,36281.9409499296
45748741,0,HONDA,FIT,2006,Hatchback,No,Petrol,1.3,0,4,Automatic,Front,4-5,Right-hand drive,White,4,30.0,31299.446734058056
45748937,1266,TOYOTA,Aqua,2015,Hatchback,No,Hybrid,1.5,501000,4,Variator,Front,4-5,Right-hand drive,Silver,2,10349.0,-4119.921827942817
45748975,0,TOYOTA,Camry,2008,Sedan,Yes,Hybrid,2.4,572100,4,Variator,Front,4-5,Left wheel,Grey,8,14740.0,18260.91097980003
45749031,1266,HONDA,FIT,2012,Hatchback,No,Hybrid,1.5,469600,4,Automatic,Front,4-5,Right-hand drive,Silver,4,11290.0,-1471.5912848286644
45749184,0,KIA,Sorento,2016,Jeep,No,Petrol,2.4 T,487400,4,Manual,4x4,4-5,Left wheel,Grey,2,7840.0,5138.697522800445
45749511,0,MERCEDES-BENZ,B 200,2005,Hatchback,Yes,Diesel,2.0 T,410600,4,Automatic,Front,4-5,Left wheel,Silver,6,17249.0,35305.655397594324
45749557,0,HONDA,FIT,2002,Hatchback,No,Petrol,1.3,0,4,Automatic,Front,4-5,Right-hand drive,Silver,4,30.0,37766.90173244318
45749565,0,HONDA,FIT,2003,Hatchback,No,Petrol,1.3,0,4,Automatic,Front,4-5,Right-hand drive,Silver,4,30.0,37271.91480493864
45749567,0,HONDA,FIT,2004,Hatchback,No,Petrol,1.3,0,4,Automatic,Front,4-5,Right-hand drive,Silver,4,30.0,36776.92787743412
45749598,0,TOYOTA,Camry SE,2000,Sedan,Yes,Petrol,2.5,216700,4,Tiptronic,Front,4-5,Left wheel,Black,12,27284.0,37308.38685333009
45749892,0,TOYOTA,Prius,2014,Sedan,No,Hybrid,1.5,438400,4,Variator,Front,4-5,Left wheel,Blue,8,11290.0,35804.91540135791
45750744,2705,DODGE,Avenger,2022,Sedan,Yes,Petrol,3.3,780300,6,Automatic,Front,4-5,Left wheel,Blue,12,627.0,-12176.095021825542
45750916,777,MAZDA,Mazda 6,2006,Sedan,No,Petrol,2.5,370700,4,Automatic,Front,4-5,Left wheel,Black,10,18189.0,14436.85829359117
45751003,834,TOYOTA,Venza,2020,Jeep,Yes,Petrol,2.7,669200,4,Automatic,4x4,4-5,Left wheel,Silver,12,941.0,2453.013025044711
45751236,1820,HONDA,Odyssey,2006,Sedan,Yes,Petrol,3.5,580300,6,Automatic,Front,4-5,Left wheel,Black,12,19757.0,-11283.432992264527
45751238,640,CHEVROLET,Malibu,2022,Sedan,Yes,Petrol,2,639900,4,Automatic,Front,4-5,Left wheel,Blue,12,862.0,22320.490974192715
45751566,831,HONDA,Cr-v,2022,Jeep,Yes,Petrol,2.4,574550,4,Automatic,4x4,4-5,Left wheel,Grey,12,1490.0,1437.4624155654528
45751867,751,KIA,Optima,2019,Sedan,Yes,Petrol,2.4,717500,4,Automatic,Front,4-5,Left wheel,Blue,12,1411.0,13764.770179666975
45752064,0,NISSAN,Tiida,2015,Hatchback,No,Petrol,1.5,609600,4,Automatic,Front,4-5,Right-hand drive,Golden,4,8467.0,-4879.183176647442
45752241,645,MITSUBISHI,Mirage,2022,Sedan,Yes,Petrol,1.2,530800,3,Automatic,Front,4-5,Left wheel,Grey,12,314.0,-12028.75772879483
45752247,831,BUICK,Regal,2022,Sedan,Yes,Petrol,2.4,665718,4,Automatic,Front,4-5,Left wheel,Silver,12,282.0,19811.809671005693
45752386,0,MITSUBISHI,Outlander,2003,Jeep,No,Petrol,2,318600,4,Tiptronic,Front,4-5,Left wheel,Blue,8,22580.0,56199.38613898121
45752508,1277,JEEP,Compass,2017,Sedan,Yes,Petrol,2.4,512100,4,Automatic,Front,4-5,Left wheel,Green,12,8154.0,-64.61773840144451
45753290,1132,TOYOTA,Prius,2009,Sedan,No,Petrol,1.5,583200,4,Automatic,Front,4-5,Left wheel,Red,12,11917.0,-11410.160790807324
45753963,259,CHEVROLET,Volt,2000,Hatchback,No,Plug-in Hybrid,1.4,221100,4,Automatic,Front,4-5,Left wheel,Silver,10,27284.0,21970.378772277247
45754127,2467,BMW,330,2011,Sedan,Yes,LPG,3,518600,6,Tiptronic,Rear,4-5,Left wheel,Black,8,13485.0,-43686.436037200554
45754133,382,HYUNDAI,Sonata,2008,Sedan,Yes,Hybrid,2.4,443646,4,Automatic,Front,4-5,Left wheel,Silver,12,15053.0,21045.894918802238
45754179,749,HYUNDAI,Sonata,2009,Sedan,Yes,Petrol,2.4 T,467000,4,Automatic,Front,4-5,Left wheel,White,12,15053.0,8283.718954540447
45754198,934,TOYOTA,Camry,2020,Sedan,Yes,Petrol,2.5,681600,4,Automatic,Front,4-5,Left wheel,Pink,12,706.0,-5105.296999122111
45754261,1113,ACURA,MDX,2022,Jeep,Yes,Petrol,3.7,723900,6,Automatic,4x4,4-5,Left wheel,White,12,4861.0,-3944.0417307235803
45754852,1473,ACURA,TL,2018,Sedan,Yes,Petrol,3.7,706800,6,Automatic,4x4,4-5,Left wheel,White,12,1176.0,-9194.43712554457
45755029,394,TOYOTA,Avalon,2009,Sedan,Yes,Hybrid,2.5,363400,4,Automatic,Front,4-5,Left wheel,Black,12,17876.0,19131.334647933905
45755087,781,FORD,Fusion,2022,Sedan,Yes,Hybrid,2.5,784900,4,Automatic,Front,4-5,Left wheel,Black,12,470.0,-8778.380650337516
45755093,382,FORD,Fusion,2019,Sedan,Yes,Hybrid,2,648100,4,Automatic,Front,4-5,Left wheel,White,12,314.0,754.2210628525099
45755120,382,FORD,Fusion,2022,Sedan,Yes,Hybrid,2,725294,4,Automatic,Front,4-5,Left wheel,White,0,470.0,-3906.818099327611
45755360,0,MERCEDES-BENZ,E 200,2022,Sedan,No,CNG,2,514000,4,Manual,Rear,4-5,Left wheel,Beige,0,200.0,-33302.03322239152
45755382,0,HONDA,FIT,2012,Hatchback,No,Hybrid,1.3,512377,4,Automatic,Front,4-5,Right-hand drive,Blue,4,12544.0,30430.768115878098
45755489,0,TOYOTA,Land Cruiser Prado,2010,Jeep,Yes,Petrol,2.7,128000,4,Tiptronic,4x4,4-5,Left wheel,Black,8,53314.0,53527.46981888839
45755502,0,HONDA,Cr-v,2013,Jeep,Yes,CNG,2,411100,4,Manual,4x4,4-5,Right-hand drive,Silver,8,9095.0,-1897.5810926477861
45755514,784,FORD,Fusion,2019,Sedan,Yes,Petrol,1.5,592100,4,Automatic,Front,4-5,Left wheel,Black,12,392.0,-18848.832588604557
45755610,0,TOYOTA,Land Cruiser Prado,1993,Jeep,No,Petrol,2.7,82300,6,Automatic,4x4,4-5,Left wheel,Silver,10,34500.0,53707.331103252734
45755697,585,LEXUS,CT 200h,2020,Hatchback,Yes,Hybrid,1.8,579600,4,Automatic,Front,4-5,Left wheel,White,0,5331.0,-608.1318698985015
45755716,586,LEXUS,CT 200h,2022,Hatchback,Yes,Hybrid,1.8,623500,4,Automatic,Front,4-5,Left wheel,Silver,0,3450.0,656.9936044851493
45755737,915,JEEP,Grand Cherokee,2015,Jeep,Yes,Diesel,3,460900,6,Automatic,4x4,4-5,Left wheel,Silver,0,8781.0,21981.778634134327
45755802,0,TOYOTA,Prius,2003,Hatchback,Yes,Hybrid,1.8,444600,4,Variator,Front,4-5,Left wheel,White,10,19444.0,18071.267919445687
45755900,0,MINI,Cooper S Cabrio R56,2010,Coupe,No,Petrol,1.6 T,476300,4,Manual,Front,2-3,Left wheel,White,8,14113.0,18829.953664889515
45755912,0,FORD,Transit,2013,Universal,No,Diesel,2.5,423500,4,Manual,Rear,2-3,Right-hand drive,White,0,11917.0,22983.03644939929
45756169,0,TOYOTA,Prius,2013,Sedan,No,Hybrid,1.5,0,4,Automatic,Front,4-5,Left wheel,Silver,8,50.0,36437.58840175939
45756189,0,FORD,Transit Connect,2018,Goods wagon,No,Diesel,1.8 T,613700,4,Manual,Front,4-5,Left wheel,White,2,7213.0,-8871.730768887399
45756243,0,NISSAN,Juke nismo,1995,Jeep,No,Petrol,1.6 T,178100,4,Manual,Front,4-5,Left wheel,Black,8,26657.0,22584.833796121333
45756309,0,FIAT,500 Abarth,2008,Coupe,Yes,Petrol,1.3 T,460100,4,Manual,Front,2-3,Left wheel,Black,4,17249.0,-429629.70143308496
45756369,1275,HYUNDAI,Santa FE,2014,Sedan,Yes,Petrol,2.4,459500,4,Automatic,Front,2-3,Left wheel,Grey,12,8781.0,52089.442752753486
45756373,0,TOYOTA,Vitz,2014,Sedan,No,Petrol,1.5,590300,4,Automatic,Front,4-5,Left wheel,Silver,2,6586.0,10320.988926832644
45756469,0,MAZDA,MPV,2019,Minivan,No,Petrol,2.3,655900,4,Automatic,4x4,4-5,Right-hand drive,Red,0,1700.0,2434.902253090433
45756524,862,TOYOTA,Camry,2022,Sedan,Yes,Petrol,2.5,597900,4,Automatic,Front,4-5,Left wheel,Grey,12,1176.0,-759.0432435345283
45756536,924,TOYOTA,Corolla Im,2001,Hatchback,No,Petrol,1.8,273100,4,Tiptronic,Front,4-5,Left wheel,White,12,20385.0,6856.058770499199
45756585,1051,HONDA,Accord,2012,Coupe,Yes,Petrol,2.4,595600,4,Automatic,Front,2-3,Left wheel,White,12,9722.0,30960.590585116337
45756674,3910,GMC,Acadia,2022,Pickup,Yes,Petrol,4.8,592900,8,Automatic,Rear,4-5,Left wheel,Green,12,314.0,-47678.78513016747
45756731,0,GAZ,322173,2019,Jeep,Yes,Petrol,2.8,488100,8,Manual,Rear,2-3,Left wheel,Yellow,15,7840.0,45441.30641266664
45756737,966,HYUNDAI,Elantra,2018,Sedan,Yes,Petrol,2,766800,4,Automatic,Front,4-5,Left wheel,Black,12,1254.0,15375.95918781963
45756802,0,TOYOTA,Prius,2001,Sedan,No,Hybrid,1.8,309600,4,Automatic,Front,4-5,Left wheel,White,12,24148.0,22185.398173791735
45756809,0,MERCEDES-BENZ,E 320,2008,Sedan,Yes,LPG,3.2,369400,6,Tiptronic,Rear,4-5,Left wheel,Black,10,16308.0,18484.276916347175
45756835,0,FORD,Transit,1994,Microbus,No,Diesel,2.4 T,177400,4,Manual,Rear,4-5,Left wheel,White,0,31361.0,14664.812791511911
45756839,0,LEXUS,RX 350,1998,Jeep,Yes,Petrol,3.5,109600,6,Automatic,4x4,4-5,Left wheel,Silver,12,26657.0,54390.50109127039
45756849,382,FORD,Fusion,2012,Sedan,Yes,Hybrid,2,532700,4,Automatic,Front,4-5,Left wheel,Green,0,10036.0,13043.712554559497
45756853,382,FORD,Fusion,2022,Sedan,Yes,Hybrid,2,582700,4,Automatic,Front,4-5,Left wheel,White,0,1568.0,3308.1660621713327
45756874,0,BMW,X5,2004,Jeep,Yes,Diesel,3.0 T,352300,6,Tiptronic,4x4,4-5,Left wheel,Black,6,21953.0,46699.38224317489
45756956,1811,LEXUS,GX 460,1992,Jeep,Yes,Petrol,4.6,4300,8,Automatic,4x4,4-5,Left wheel,Black,0,39201.0,51459.71761911795
45756959,0,TOYOTA,Land Cruiser,2002,Jeep,Yes,Diesel,4.2,313546,6,Manual,4x4,4-5,Left wheel,Black,4,27284.0,80610.92314084635
45756973,1646,LEXUS,GX 460,2022,Jeep,Yes,Petrol,4.6,677400,8,Automatic,4x4,4-5,Left wheel,Black,0,706.0,4392.577288436762
45756983,843,RENAULT,Scenic,2013,Minivan,No,Diesel,1.5 T,536800,4,Manual,Front,4-5,Left wheel,Blue,12,10036.0,24500.993260174313
45756992,0,VAZ,2106,2016,Sedan,No,Petrol,1.6,623900,4,Manual,Rear,4-5,Left wheel,Carnelian red,0,8467.0,-48843.55004040498
45757086,917,BMW,740,1997,Sedan,Yes,Petrol,3.0 T,175200,6,Tiptronic,Rear,4-5,Left wheel,White,12,29793.0,35103.308162763395
45757110,777,TOYOTA,Camry se,2004,Sedan,Yes,Petrol,2.5,359200,4,Tiptronic,Front,4-5,Left wheel,White,10,22580.0,13162.72488255913
45757121,475,CHEVROLET,Volt,2022,Hatchback,Yes,Hybrid,1.4,703100,4,Automatic,Front,4-5,Left wheel,Blue,0,3136.0,11757.806342123698
45757185,1325,BUICK,Century,2022,Sedan,Yes,Petrol,2.5,707800,4,Automatic,4x4,4-5,Left wheel,Black,12,941.0,9137.305894370751
45757205,765,BMW,428,2015,Sedan,Yes,Petrol,2,0,4,Automatic,Rear,4-5,Left wheel,White,12,7683.0,11806.237106033563
45757288,831,CHEVROLET,Malibu,2022,Sedan,Yes,Petrol,2.4,551200,4,Automatic,Front,4-5,Left wheel,Grey,12,941.0,2438.35862194567
45757291,2455,LEXUS,GX 470,2020,Jeep,Yes,Petrol,4.7,340448,8,Automatic,4x4,4-5,Left wheel,White,0,862.0,4250.06426777713
45757296,353,TOYOTA,Prius,2005,Sedan,No,Hybrid,1.8,268100,4,Tiptronic,Front,4-5,Left wheel,Sky blue,12,19757.0,22489.270636889836
45757315,0,BMW,530,2014,Sedan,Yes,LPG,3,551100,6,Tiptronic,4x4,4-5,Left wheel,Black,8,10976.0,10969.034035815115
45757397,289,FORD,Escape,2022,Jeep,Yes,Hybrid,0.4,661500,4,Automatic,Front,4-5,Left wheel,Black,0,549.0,-6795.828017875225
45757428,1185,FORD,Escape,2022,Jeep,Yes,Hybrid,2.5,671900,4,Automatic,Front,4-5,Left wheel,White,0,220.0,-8281.671587679513
45757454,289,FORD,Escape,2019,Sedan,Yes,Hybrid,0.4,749298,4,Automatic,Front,4-5,Left wheel,Grey,0,188.0,-8645.427412902041
45757548,0,MERCEDES-BENZ,CLA 250,1989,Sedan,Yes,Petrol,2.0 T,40900,4,Tiptronic,Front,4-5,Left wheel,Black,12,41397.0,57726.82016368989
45757579,531,HYUNDAI,Accent,2018,Hatchback,Yes,Petrol,1.6,544300,4,Automatic,Front,4-5,Left wheel,Blue,12,1725.0,17989.97177167131
45757619,862,FORD,Fusion,2021,Sedan,Yes,Petrol,2.5,659200,4,Automatic,Front,4-5,Left wheel,Blue,12,314.0,19703.97455174231
45757666,1327,TOYOTA,Camry,2012,Sedan,Yes,Petrol,2.5,317800,4,Automatic,Front,4-5,Left wheel,Black,12,14583.0,12963.015190708855
45757668,0,OPEL,Astra gi,1999,Goods wagon,No,CNG,1.6,0,4,Manual,Front,4-5,Left wheel,White,2,6743.0,104087.33987317664
45757690,420,HYUNDAI,Accent,2022,Sedan,Yes,Hybrid,1.6,443100,4,Automatic,Front,4-5,Left wheel,Black,12,314.0,-698.0633859923182
45757698,638,NISSAN,Moco,2013,Sedan,No,Petrol,0.7,517600,3,Automatic,Front,4-5,Right-hand drive,Black,2,6586.0,1835.9519147102037
45757702,1292,MERCEDES-BENZ,GLE 350,1988,Jeep,Yes,Petrol,3,75800,6,Automatic,4x4,4-5,Left wheel,Blue,12,41397.0,76157.97822407268
45757746,353,LEXUS,CT 200h,2022,Hatchback,Yes,Hybrid,1.8,641800,4,Automatic,Front,4-5,Left wheel,Grey,0,392.0,3202.1601824803474
45757771,777,TOYOTA,Camry,2005,Sedan,Yes,Petrol,2.5,455900,4,Tiptronic,Front,4-5,Left wheel,White,6,18189.0,13014.08125377207
45757788,934,FORD,Fusion,2011,Sedan,No,Petrol,2.5,388800,4,Automatic,Front,4-5,Left wheel,Grey,0,13485.0,11403.21915751501
45757903,583,FORD,Fiesta,2016,Hatchback,Yes,Petrol,1.6,581376,4,Automatic,Front,4-5,Left wheel,Green,12,862.0,-3984.7454014885006
45757911,1202,HONDA,Accord,2014,Sedan,Yes,Petrol,2.4,545800,4,Automatic,Front,4-5,Left wheel,Grey,12,9879.0,12569.084518388598
45757979,585,TOYOTA,Prius,2013,Hatchback,No,Hybrid,1.8,529000,4,Automatic,Front,4-5,Left wheel,Blue,12,10036.0,27007.78467316329
45758076,1811,LEXUS,GX 470,2005,Jeep,Yes,Petrol,4.6,390800,8,Automatic,4x4,4-5,Left wheel,Grey,0,16308.0,20131.20723740524
45758089,1646,LEXUS,GX 460,2016,Jeep,Yes,Petrol,4.6,452400,8,Automatic,4x4,4-5,Left wheel,Black,0,5018.0,18747.069286562568
45758092,2151,LEXUS,GX 470,2022,Jeep,Yes,Petrol,4.7,816000,8,Automatic,4x4,4-5,Left wheel,Black,0,2430.0,-12266.300093536185
45758096,1363,LEXUS,GX 460,2012,Jeep,Yes,Petrol,4.6,554400,8,Automatic,4x4,4-5,Left wheel,Black,0,12858.0,18721.963280247634
45758105,1356,LEXUS,GX 470,2007,Jeep,Yes,Petrol,4.6,400800,8,Automatic,4x4,4-5,Left wheel,Black,0,17562.0,23494.546866264423
45758106,2455,LEXUS,GX 470,2008,Jeep,Yes,Petrol,4.7,0,8,Automatic,4x4,4-5,Left wheel,White,0,549.0,27415.926219198394
45758164,289,FORD,Escape,2021,Jeep,Yes,Hybrid,0.4,607700,4,Automatic,Front,4-5,Left wheel,Grey,0,282.0,-3363.9018229716457
45758201,1451,BMW,550,2002,Sedan,Yes,Petrol,4.4,266900,8,Automatic,4x4,4-5,Left wheel,Black,0,20385.0,13817.305498918264
45758222,1646,LEXUS,GX 470,1989,Jeep,Yes,Petrol,4.6,0,8,Automatic,4x4,4-5,Left wheel,Black,0,47042.0,49450.012407085764
45758231,751,HYUNDAI,Sonata,2012,Sedan,Yes,Petrol,2.4,544400,4,Automatic,Front,4-5,Left wheel,Black,0,12544.0,11065.47802359454
45758293,2455,LEXUS,GX 470,2022,Jeep,Yes,Petrol,4.7,208488,8,Automatic,4x4,4-5,Left wheel,White,0,862.0,9937.01447655338
45758347,0,TOYOTA,Corolla,2003,Sedan,No,Petrol,1.8,374700,4,Automatic,Front,4-5,Left wheel,Carnelian red,10,21639.0,24894.47138824898
45758356,749,HYUNDAI,Sonata,2014,Sedan,Yes,Petrol,2.4,473800,4,Automatic,Front,4-5,Left wheel,Grey,0,12544.0,13884.794906155345
45758456,1533,CHEVROLET,Traverse,2011,Jeep,Yes,Petrol,3.6,510100,6,Automatic,4x4,4-5,Left wheel,White,12,10506.0,-9497.450888977804
45758457,0,AUDI,A6,2018,Sedan,No,Petrol,2.8,572400,4,Tiptronic,Front,4-5,Right-hand drive,Silver,6,3500.0,7552.034007336368
45758474,831,HYUNDAI,Sonata,2022,Sedan,Yes,Hybrid,2.4,616500,4,Automatic,Front,4-5,Left wheel,Silver,0,1333.0,1092.6404467011453
45758493,0,OPEL,Astra,2016,Hatchback,No,Petrol,1.6,452393,4,Manual,Front,4-5,Left wheel,Blue,2,7840.0,49288.89080871624
45758507,585,HYUNDAI,Elantra,2010,Hatchback,Yes,Petrol,1.8,354400,4,Tiptronic,Front,4-5,Left wheel,Black,6,15053.0,24853.245458444828
45758558,1172,FORD,B-MAX,2021,Jeep,Yes,Petrol,3.5,660500,6,Automatic,Front,4-5,Left wheel,Black,12,314.0,2461.250003133733
45758563,640,FORD,Focus,2022,Sedan,Yes,Petrol,2,602300,4,Automatic,Front,4-5,Left wheel,Silver,12,549.0,1303.2755956356305
45758689,0,BMW,335 M paket,1998,Coupe,Yes,Petrol,3.0 T,160200,6,Tiptronic,Rear,2-3,Left wheel,Black,8,30734.0,63098.07089573751
45758696,574,HONDA,Insight,2015,Hatchback,No,Hybrid,1.3,491300,4,Variator,Front,4-5,Left wheel,Blue,9,9722.0,27643.46903073826
45758703,0,FORD,Fiesta,2010,Hatchback,No,Petrol,1.6,349933,4,Automatic,Front,4-5,Left wheel,Blue,9,14113.0,38606.957589018326
45758707,0,HYUNDAI,Sonata,2000,Sedan,No,Petrol,2.4,218400,4,Tiptronic,Front,4-5,Left wheel,White,8,24462.0,34095.9273904977
45758727,0,HONDA,FIT,2016,Hatchback,No,Petrol,1.3,606300,4,Variator,Front,4-5,Right-hand drive,Silver,4,6586.0,-1159.771858631182
45758747,0,MERCEDES-BENZ,C 180,2017,Sedan,Yes,Petrol,1.8,663100,4,Manual,Rear,4-5,Left wheel,Black,2,5500.0,-942.4767493049003
45758904,503,TOYOTA,Prius C,2010,Sedan,No,Hybrid,1.5,416300,4,Automatic,Front,4-5,Left wheel,White,8,17092.0,7234.702335296333
45758968,0,NISSAN,Wingroad,2015,Universal,No,LPG,1.5,629200,4,Automatic,Front,4-5,Right-hand drive,Silver,2,7840.0,-3763.8901042050893
45758982,0,CHEVROLET,Volt Full Packet,1997,Sedan,Yes,Plug-in Hybrid,1.4,296600,4,Variator,Front,4-5,Left wheel,Black,12,24462.0,6758.112900685908
45759169,638,KIA,Optima,2010,Sedan,Yes,Petrol,2,450900,4,Automatic,Front,4-5,Left wheel,White,4,14113.0,5353.714651555212
45759185,308,TOYOTA,Prius,2004,Sedan,Yes,Hybrid,1.8,233800,4,Automatic,Front,4-5,Left wheel,Grey,6,21326.0,31194.387223590005
45759218,640,KIA,Optima,2016,Sedan,Yes,Petrol,2,595800,4,Automatic,Front,4-5,Left wheel,Silver,4,5551.0,-482.66652851991967
45759228,1811,LEXUS,GX 460,2022,Jeep,Yes,Petrol,4.6,597428,8,Automatic,4x4,4-5,Left wheel,Black,0,941.0,6598.965385791405
45759240,2455,LEXUS,GX 470,2008,Jeep,Yes,Petrol,4.7,0,8,Automatic,4x4,4-5,Left wheel,White,0,549.0,27415.926219198394
45759258,2455,LEXUS,GX 470,2021,Jeep,Yes,Petrol,4.7,665530,8,Automatic,4x4,4-5,Left wheel,Black,0,282.0,-7547.957205199302
45759308,0,BMW,316,2020,Sedan,Yes,Petrol,1.6,557400,4,Manual,Rear,4-5,Left wheel,Black,4,5959.0,4727.47963178082
45759311,639,AUDI,A4,2015,Sedan,Yes,Petrol,2,555300,4,Automatic,4x4,4-5,Left wheel,Blue,0,5018.0,26735.419044096132
45759518,353,LEXUS,CT 200h,2007,Hatchback,Yes,Hybrid,1.8,349000,4,Automatic,Front,4-5,Left wheel,White,0,16935.0,20081.829091251813
45759526,0,SUBARU,Impreza,2018,Hatchback,No,Petrol,1.6,432600,4,Manual,4x4,4-5,Left wheel,Green,2,5500.0,-16784.759105107893
45759529,586,LEXUS,CT 200h,2019,Hatchback,Yes,Hybrid,1.8,574200,4,Automatic,Front,4-5,Left wheel,White,0,1490.0,148.9329757506748
45759571,0,KIA,Optima,2006,Sedan,Yes,Petrol,2.4,342200,4,Tiptronic,Front,4-5,Left wheel,Carnelian red,12,21012.0,25068.366022155835
45759593,0,MERCEDES-BENZ,E 200,2017,Sedan,No,Petrol,2,462100,4,Manual,Rear,4-5,Left wheel,Blue,4,7840.0,18795.298003406213
45759648,781,SUBARU,Forester,2022,Jeep,Yes,Petrol,2.5,645711,4,Automatic,4x4,4-5,Left wheel,Blue,0,549.0,22233.208223639234
45759679,0,HYUNDAI,Elantra,2022,Sedan,No,Petrol,2,647300,4,Automatic,Front,4-5,Left wheel,Silver,4,2800.0,25675.426608102607
45759758,0,MITSUBISHI,Pajero Mini,2019,Jeep,No,Petrol,0.7,694100,3,Manual,4x4,2-3,Right-hand drive,Silver,2,4391.0,75153.96777979226
45759786,0,MERCEDES-BENZ,208,2019,Universal,No,Diesel,2.5,575900,4,Manual,Rear,4-5,Left wheel,Black,1,4300.0,-66854.7615637326
45759889,0,BMW,530,2009,Sedan,Yes,Diesel,3.0 T,0,6,Tiptronic,Rear,4-5,Left wheel,Black,12,23521.0,58429.83523035752
45759895,0,TOYOTA,Estima,2002,Minivan,No,Hybrid,2.4,355100,4,Automatic,4x4,4-5,Right-hand drive,Silver,0,23521.0,82816.86462057536
45759917,1058,MERCEDES-BENZ,E 350,1994,Sedan,Yes,Petrol,3.5,201200,6,Tiptronic,4x4,4-5,Left wheel,Silver,0,34184.0,29225.123926502187
45759924,0,TOYOTA,Prius,2003,Hatchback,No,Hybrid,1.8,330800,4,Automatic,Front,4-5,Left wheel,White,12,25089.0,20658.723939737407
45759931,0,JEEP,Liberty,2011,Jeep,No,LPG,3.7,450100,6,Automatic,4x4,4-5,Left wheel,Black,6,14426.0,13748.261044130853
45759938,781,TOYOTA,Camry,2004,Sedan,Yes,Petrol,2.5,461400,4,Automatic,Front,4-5,Left wheel,Grey,12,21326.0,15960.654399854431
45760024,382,CHEVROLET,Volt,1999,Hatchback,Yes,Hybrid,1.5,243200,4,Automatic,Front,4-5,Left wheel,Blue,0,26030.0,65909.61879801725
45760033,382,CHEVROLET,Volt,2022,Hatchback,Yes,Hybrid,1.5,500200,4,Automatic,Front,4-5,Left wheel,Grey,0,188.0,19030.207746493863
45760091,397,LEXUS,CT 200h,2018,Hatchback,Yes,Hybrid,1.8,568600,4,Automatic,Front,4-5,Left wheel,White,0,6743.0,3034.9541670100043
45760109,0,MERCEDES-BENZ,ML 350,2011,Jeep,Yes,Petrol,3.7,418000,6,Tiptronic,4x4,>5,Left wheel,Black,10,12000.0,10950.965856750212
45760131,0,OPEL,Astra,2019,Goods wagon,No,CNG,1.6,628900,4,Manual,Front,4-5,Left wheel,Black,6,7527.0,37432.876559639655
45760133,0,MERCEDES-BENZ,Vito,1995,Minivan,No,Diesel,2.2,157500,8,Manual,Rear,4-5,Left wheel,White,4,34497.0,14508.929778648839
45760198,1646,LEXUS,GX 460,2022,Jeep,Yes,Petrol,4.6,635600,8,Automatic,4x4,4-5,Left wheel,Black,0,706.0,6507.577484452446
45760207,1514,LEXUS,GX 470,2022,Sedan,Yes,Petrol,4.6,668327,8,Automatic,4x4,4-5,Left wheel,White,0,392.0,-3480.997497237251
45760264,831,TOYOTA,Camry,2001,Sedan,Yes,Hybrid,2.4,403400,4,Variator,Front,4-5,Left wheel,Silver,12,20385.0,19878.582399856055
45760268,640,SUBARU,Impreza,2021,Sedan,Yes,Petrol,2,592519,4,Automatic,4x4,4-5,Left wheel,Grey,0,1254.0,8765.60287723214
45760270,862,SUBARU,Impreza,2020,Sedan,Yes,Petrol,2.5,772700,4,Automatic,4x4,4-5,Left wheel,Black,0,188.0,-4368.439209399767
45760336,0,NISSAN,Teana,2015,Sedan,No,Petrol,2.3,550100,6,Automatic,Front,4-5,Left wheel,White,4,7840.0,1989.7048196355645
45760342,765,SUBARU,XV,2022,Jeep,Yes,Petrol,2,547300,4,Automatic,4x4,4-5,Left wheel,Black,0,706.0,2089.0702662136464
45760368,333,SUBARU,XV,2019,Jeep,Yes,Hybrid,2,652600,4,Automatic,4x4,4-5,Left wheel,White,0,2587.0,-1906.5937646467828
45760417,0,HONDA,FIT,2022,Hatchback,No,Petrol,1.3,755100,4,Automatic,Front,4-5,Right-hand drive,Silver,4,30.0,-10339.455191126286
45760431,639,AUDI,A4,2016,Sedan,Yes,Petrol,2,618600,4,Automatic,4x4,4-5,Left wheel,Blue,0,5018.0,23037.57296807986
45760433,640,AUDI,A4,2003,Sedan,Yes,Petrol,2,302998,4,Automatic,4x4,4-5,Left wheel,Black,0,21012.0,22724.345548998852
45760470,915,AUDI,A7,2022,Hatchback,Yes,Petrol,3,778800,6,Automatic,4x4,4-5,Left wheel,Grey,0,157.0,-7951.7515739573755
45760543,0,MERCEDES-BENZ,Viano,2013,Minivan,Yes,Diesel,2.2 T,250000,4,Tiptronic,Rear,4-5,Left wheel,Grey,7,53314.0,22995.77158618554
45760602,308,TOYOTA,Prius,2003,Hatchback,No,Hybrid,1.8,337100,4,Tiptronic,Front,4-5,Left wheel,Grey,8,20385.0,24729.60752201224
45760639,751,TOYOTA,Camry,2005,Sedan,Yes,Petrol,2.4,328500,4,Automatic,Front,4-5,Left wheel,Grey,8,21012.0,24840.5373207412
45760654,934,SUBARU,Forester,2011,Jeep,Yes,Petrol,2.5,538500,4,Automatic,4x4,4-5,Left wheel,Silver,0,10663.0,8032.764100734979
45760668,934,SUBARU,Forester,2014,Jeep,Yes,Petrol,2.5,610700,4,Automatic,4x4,4-5,Left wheel,White,0,6899.0,-1592.8861268999717
45760669,779,SUBARU,Forester,2022,Sedan,Yes,Petrol,2.5,553100,4,Automatic,4x4,4-5,Left wheel,Silver,0,94.0,4470.789489120189
45760677,1111,HONDA,FIT,2018,Hatchback,No,Hybrid,1.3,484200,4,Automatic,Front,4-5,Right-hand drive,Silver,2,7213.0,-6745.189325445001
45760706,0,FIAT,500,2016,Sedan,Yes,Petrol,1.4,419900,4,Manual,Front,2-3,Left wheel,White,5,11917.0,66603.0156096406
45760740,891,MERCEDES-BENZ,GLA 250,2011,Jeep,Yes,Petrol,2,608500,4,Automatic,Front,4-5,Left wheel,White,0,8311.0,3282.7188322893653
45760814,0,BMW,328,1997,Sedan,Yes,Petrol,2.0 T,137200,4,Tiptronic,Rear,4-5,Left wheel,Black,12,32302.0,32297.07668068081
45760889,586,HYUNDAI,Elantra,2013,Sedan,No,Petrol,1.8,514200,4,Automatic,Front,4-5,Left wheel,Black,6,12858.0,8146.491893555682
45760954,753,HYUNDAI,Sonata,2021,Jeep,Yes,Hybrid,2.4,644600,4,Automatic,Front,4-5,Left wheel,White,0,470.0,-4344.937048658925
45760997,0,CADILLAC,Catera,2021,Sedan,Yes,CNG,3,604900,6,Manual,Rear,4-5,Left wheel,Black,12,4800.0,-32311.70151753827
45761036,531,NISSAN,Juke,2022,Jeep,Yes,Petrol,1.6,180140,4,Automatic,4x4,4-5,Left wheel,White,0,314.0,10769.072012016299
45761192,781,FORD,Escape,2021,Jeep,Yes,Hybrid,2.5,717800,4,Automatic,Front,4-5,Left wheel,Blue,0,784.0,22247.43733420977
45761204,2067,LAMBORGHINI,Urus,2019,Universal,Yes,Petrol,4,2531,8,Tiptronic,4x4,4-5,Left wheel,Black,0,872946.0,17172.141293490695
45761247,382,CHEVROLET,Volt,1995,Hatchback,Yes,Hybrid,1.5,276400,4,Automatic,Front,4-5,Left wheel,Blue,0,26030.0,66209.70989301815
45761323,0,NISSAN,X-Terra,2003,Jeep,No,LPG,4,323600,6,Automatic,4x4,4-5,Left wheel,Black,4,18503.0,18291.788972339185
45761358,2455,LEXUS,GX 470,2022,Jeep,Yes,Petrol,4.7,619800,8,Automatic,4x4,4-5,Left wheel,Black,0,282.0,-5729.093439790049
45761378,586,TOYOTA,Prius,2008,Sedan,Yes,Hybrid,1.8,478900,4,Automatic,Front,4-5,Left wheel,Silver,12,14113.0,12475.010742685881
45761379,0,OPEL,Astra G,2012,Hatchback,No,Petrol,1.6,522500,4,Manual,Front,4-5,Left wheel,Silver,6,10349.0,61766.0291745062
45761390,0,NISSAN,Micra,2022,Coupe,No,Petrol,1.2,692300,4,Manual,Front,2-3,Left wheel,Grey,4,4000.0,-5845.347667125381
45761408,0,TOYOTA,Prius C,2009,Hatchback,No,Hybrid,1.4,124763,4,Automatic,Front,4-5,Left wheel,Red,0,15681.0,7863.785440939551
45761409,0,MERCEDES-BENZ,C 180,2018,Sedan,No,Petrol,1.8,575600,5,Manual,Rear,4-5,Right-hand drive,Green,2,3763.0,-4844.929118659798
45761422,0,MERCEDES-BENZ,E 350,2007,Sedan,Yes,LPG,3.5,403200,6,Tiptronic,Rear,4-5,Left wheel,Golden,8,14426.0,2542.5137201987964
45761437,308,TOYOTA,Prius,2003,Hatchback,No,Hybrid,1.8,202900,4,Automatic,Front,4-5,Left wheel,Grey,10,18817.0,29177.361669741345
45761457,0,BMW,525,2021,Sedan,No,Petrol,2.8,223744,6,Manual,Rear,4-5,Left wheel,Black,3,3.0,17997.862416169497
45761475,0,BMW,535,1999,Sedan,Yes,Petrol,3.0 T,153000,6,Tiptronic,Rear,4-5,Left wheel,White,10,32929.0,30394.193030578488
45761492,1047,PEUGEOT,207,2011,Cabriolet,No,Petrol,1.6,367500,4,Manual,Front,2-3,Left wheel,Red,6,14113.0,31223.519581765944
45761512,781,TOYOTA,Camry,2012,Sedan,No,Hybrid,2.5,428900,4,Automatic,Front,4-5,Left wheel,Silver,8,12388.0,8822.785236819516
45761727,0,JEEP,Liberty,2010,Jeep,No,LPG,3.7,606400,6,Automatic,4x4,4-5,Left wheel,Blue,2,9408.0,29283.794286378255
45761794,586,FORD,Transit Connect,2011,Goods wagon,No,Diesel,1.8 T,449800,4,Manual,Front,2-3,Left wheel,Blue,4,14740.0,81572.1641883809
45761847,0,NISSAN,March,2015,Hatchback,No,LPG,1.3,598500,4,Automatic,Front,4-5,Right-hand drive,Black,2,7840.0,21873.19839726698
45761908,0,MERCEDES-BENZ,C 240,2001,Sedan,Yes,Petrol,2.6,0,6,Tiptronic,Rear,4-5,Left wheel,Silver,8,8467.0,44413.78350539844
45761984,0,TOYOTA,Sienta,2020,Sedan,No,Petrol,1.5,589468,4,Variator,Front,4-5,Right-hand drive,Beige,4,3136.0,1994.9643762527667
45762074,0,MERCEDES-BENZ,E 320,2010,Sedan,No,Petrol,3.2,474900,6,Automatic,Rear,4-5,Left wheel,Black,8,9408.0,9470.772049843199
45762114,0,TOYOTA,Vitz,2012,Sedan,No,Petrol,1,483100,3,Automatic,Front,4-5,Left wheel,White,10,12544.0,-2096.6824807410667
45762228,475,CHEVROLET,Volt,2017,Hatchback,Yes,Hybrid,1.4,608000,4,Automatic,Front,4-5,Left wheel,Blue,0,4547.0,19044.619416036043
45762234,259,CHEVROLET,Volt,2022,Hatchback,Yes,Hybrid,1.4,693100,4,Automatic,Front,4-5,Left wheel,Black,0,220.0,-8033.1943051964845
45762248,456,TOYOTA,RAV 4,2015,Jeep,No,Hybrid,2.5,107200,4,Automatic,4x4,4-5,Left wheel,White,10,50178.0,20207.844722977225
45762255,259,CHEVROLET,Volt,2018,Hatchback,Yes,Hybrid,1.4,545800,4,Automatic,Front,4-5,Left wheel,Silver,0,6586.0,741.8654576065783
45762267,382,CHEVROLET,Volt,2022,Hatchback,Yes,Hybrid,1.5,745700,4,Automatic,Front,4-5,Left wheel,Black,0,784.0,6393.614470094772
45762376,640,KIA,Optima,2022,Sedan,Yes,Petrol,2,591100,4,Automatic,Front,4-5,Left wheel,Silver,12,2901.0,-3701.3041617968847
45762377,1399,LEXUS,ES 350,2018,Sedan,Yes,Petrol,3.5,143923,6,Automatic,Front,4-5,Left wheel,Red,12,3607.0,18526.31734286312
45762406,2148,MERCEDES-BENZ,S 550,2017,Sedan,Yes,Petrol,5.5,650000,8,Automatic,4x4,4-5,Left wheel,Black,12,4391.0,-336.2666145846306
45762462,779,CHEVROLET,Malibu,2022,Sedan,Yes,Petrol,2.5,596500,4,Automatic,Front,4-5,Left wheel,Grey,12,2038.0,-1346.4095991447102
45762476,0,NISSAN,X-Trail,2010,Jeep,No,Petrol,2,458300,4,Manual,4x4,4-5,Left wheel,Golden,6,12544.0,10034.87115763892
45762577,753,HYUNDAI,Sonata,2018,Sedan,Yes,Hybrid,2.4,659325,4,Automatic,Front,4-5,Left wheel,Black,0,4234.0,2433.5498771815037
45762801,1017,MERCEDES-BENZ,GLA 250,1994,Jeep,Yes,Petrol,2,0,4,Automatic,4x4,4-5,Left wheel,Black,0,42651.0,44097.30535071336
45762895,0,TOYOTA,Camry,2005,Sedan,Yes,Petrol,2.5,454200,6,Automatic,Front,4-5,Left wheel,Grey,12,19444.0,21360.96406957161
45762941,639,AUDI,A4,2020,Sedan,Yes,Petrol,2,721500,4,Automatic,4x4,4-5,Left wheel,Grey,0,1254.0,-6639.92066645536
45762943,639,AUDI,A4,2022,Sedan,Yes,Petrol,2,644800,4,Automatic,Front,4-5,Left wheel,Black,0,706.0,-1834.2827193477642
45763250,0,TOYOTA,Prius C,2006,Hatchback,No,Hybrid,1.5,349600,4,Automatic,Front,4-5,Left wheel,Red,12,20385.0,15702.568975357106
45763277,749,BUICK,Century,2016,Sedan,Yes,Petrol,2.4,641914,4,Automatic,Front,4-5,Left wheel,Red,12,6743.0,18131.896389158577
45763382,1249,TOYOTA,RAV 4,1986,Jeep,No,Petrol,2.5,0,4,Tiptronic,4x4,4-5,Left wheel,White,16,43905.0,32823.92555633247
45763401,830,GMC,TERRAIN,2019,Sedan,Yes,Petrol,1.5,610200,4,Automatic,Front,4-5,Left wheel,Blue,12,3450.0,5512.919565601465
45763514,777,MAZDA,616,2018,Jeep,Yes,Petrol,2.5,579600,4,Automatic,Front,4-5,Left wheel,Black,12,2274.0,10701.038516848846
45763592,0,OPEL,Combo 2001,2019,Goods wagon,No,Diesel,1.7,665896,4,Manual,Front,2-3,Left wheel,White,2,6500.0,436750.89418173855
45763671,862,MAZDA,CX-7,2019,Sedan,Yes,Petrol,2.5,664400,4,Automatic,Front,4-5,Left wheel,Black,12,549.0,-9029.567702657921
45763736,1935,LEXUS,GX 460,2016,Jeep,Yes,Petrol,4.6,155976,8,Automatic,4x4,4-5,Left wheel,White,0,81539.0,25377.201565323416
45763742,2151,LEXUS,GX 470,1999,Jeep,Yes,Petrol,4.7,124000,8,Automatic,4x4,4-5,Left wheel,Black,0,30734.0,34132.27808219791
45763969,1017,HYUNDAI,Elantra,2018,Sedan,Yes,Petrol,2,623970,4,Automatic,Front,4-5,Left wheel,White,12,4547.0,16888.650101564144
45764114,0,MERCEDES-BENZ,CLK 200 kompresor,2019,Sedan,Yes,Petrol,2,538900,4,Manual,Rear,4-5,Left wheel,Silver,6,6115.0,-2721.272335619393
45764162,1514,LEXUS,GX 470,2022,Sedan,Yes,Petrol,4.6,747100,8,Automatic,4x4,4-5,Left wheel,White,0,392.0,-7466.760904910476
45764185,832,TOYOTA,Tacoma,2019,Jeep,Yes,Petrol,2.7,556300,4,Automatic,Rear,4-5,Left wheel,Grey,12,3293.0,6971.153067717696
45764243,502,TOYOTA,Prius C,2004,Hatchback,Yes,Hybrid,1.5,367300,4,Automatic,Front,4-5,Left wheel,Red,7,19444.0,14871.055474191038
45764290,1659,TOYOTA,Tundra,2022,Jeep,Yes,Petrol,5.7,625400,8,Automatic,4x4,4-5,Left wheel,Black,12,188.0,17567.8402968929
45764349,475,CHEVROLET,Cruze,2009,Sedan,Yes,Petrol,1.4 T,365600,4,Tiptronic,Front,4-5,Left wheel,Black,12,14113.0,23561.478994118133
45764368,769,FORD,Transit,2007,Microbus,No,Diesel,2.2 T,366200,4,Manual,Front,4-5,Left wheel,White,2,16308.0,-4605.932753718647
45764428,781,FORD,Escape,2022,Jeep,Yes,Hybrid,2.5,720300,4,Automatic,Front,4-5,Left wheel,Blue,0,784.0,21625.955179670815
45764448,1750,TOYOTA,Highlander,2022,Sedan,Yes,Hybrid,3.3,593700,6,Automatic,4x4,4-5,Left wheel,White,12,125.0,-9506.692273202174
45764473,1172,MERCEDES-BENZ,E 350,2010,Sedan,Yes,Diesel,3.5,450200,6,Automatic,4x4,4-5,Left wheel,Blue,12,13642.0,45808.523740992285
45764477,1053,MERCEDES-BENZ,E 350,1998,Sedan,Yes,Diesel,3.5,180900,6,Automatic,4x4,4-5,Left wheel,Black,12,29793.0,43995.7292635143
45764479,0,FORD,Transit,2011,Microbus,No,Diesel,2.5,525600,4,Manual,Rear,2-3,Left wheel,White,2,10976.0,46258.88345320682
45764483,1399,MERCEDES-BENZ,E 350,2011,Sedan,Yes,Diesel,3.5,636800,6,Automatic,4x4,4-5,Left wheel,Black,12,12388.0,10634.716405552725
45764504,1750,TOYOTA,Highlander,2022,Sedan,Yes,Hybrid,3.3,708000,6,Automatic,4x4,4-5,Left wheel,White,12,941.0,-15290.054053216249
45764557,1268,TOYOTA,Aqua,2013,Hatchback,No,Hybrid,1.5,532500,4,Automatic,Front,4-5,Right-hand drive,Silver,2,9722.0,-3426.8572324457455
45764581,1195,MERCEDES-BENZ,Vito,2005,Microbus,No,Diesel,2.2 T,288300,4,Manual,Rear,4-5,Left wheel,White,2,21012.0,11673.090767959537
45764607,1053,MERCEDES-BENZ,E 350,2020,Sedan,Yes,Diesel,3.5,646300,6,Automatic,4x4,4-5,Left wheel,Silver,12,314.0,8899.678669601777
45764629,1820,TOYOTA,Tacoma,1999,Sedan,Yes,Petrol,3.5,225800,6,Automatic,4x4,4-5,Left wheel,Black,12,26971.0,33360.11049635192
45764690,645,LEXUS,CT 200h,2020,Hatchback,Yes,Hybrid,1.8,607980,4,Automatic,Front,4-5,Left wheel,Black,0,706.0,2432.28199027387
45764759,1935,TOYOTA,Tundra,2022,Jeep,Yes,Petrol,4.6,653800,8,Automatic,4x4,4-5,Left wheel,White,12,941.0,-1843.5242528717208
45764813,1659,TOYOTA,Tundra,2022,Jeep,Yes,Petrol,5.7,559500,8,Automatic,4x4,4-5,Left wheel,Black,12,188.0,20902.254481520424
45764850,1172,MERCEDES-BENZ,E 350,2007,Coupe,Yes,Diesel,3.5,405300,6,Automatic,Rear,2-3,Left wheel,Silver,12,15994.0,38422.43481505581
45764853,777,TOYOTA,Camry,2008,Sedan,Yes,Petrol,2.5,474985,4,Tiptronic,Front,4-5,Left wheel,Black,10,17562.0,15465.68637299102
45764909,2151,LEXUS,GX 470,1997,Jeep,Yes,Petrol,4.7,207948,8,Automatic,4x4,4-5,Left wheel,Black,0,30734.0,30874.64340957247
45764927,1363,LEXUS,GX 460,2022,Jeep,Yes,Petrol,4.6,663600,8,Automatic,4x4,4-5,Left wheel,Grey,0,157.0,8461.544469956614
45764974,777,TOYOTA,Camry,2008,Sedan,Yes,Petrol,2.5,335000,4,Tiptronic,Front,4-5,Left wheel,Black,10,17562.0,22548.66011555684
45764985,753,KIA,Optima,2012,Sedan,No,Petrol,2.4,428200,4,Tiptronic,Front,4-5,Left wheel,Grey,4,11290.0,7693.59629496012
45764998,0,BMW,525,2018,Sedan,Yes,Petrol,2.5,593000,6,Manual,Rear,4-5,Left wheel,Silver,0,7840.0,3591.031138447135
45765035,800,MAZDA,CX-7,2020,Jeep,Yes,Petrol,2.3,704100,4,Automatic,4x4,4-5,Left wheel,Black,12,470.0,-8018.630242091058
45765064,934,MAZDA,1000,2019,Sedan,Yes,Petrol,2.5,725500,4,Automatic,Front,4-5,Left wheel,Grey,12,1176.0,58279.78001613402
45765081,1017,MERCEDES-BENZ,E 300,2021,Sedan,Yes,Petrol,2,689600,4,Automatic,Rear,4-5,Left wheel,Black,12,94.0,-5079.902033603677
45765120,0,OPEL,Vectra,2015,Sedan,No,Petrol,1.6,630500,4,Automatic,Front,4-5,Left wheel,Silver,4,6272.0,-14676.186406155874
45765126,0,TOYOTA,Prius,2022,Sedan,No,Hybrid,1.8,741800,4,Automatic,Front,4-5,Left wheel,Black,4,80.0,-4445.801045990265
45765146,259,CHEVROLET,Volt,2019,Hatchback,Yes,Hybrid,1.4,516800,4,Automatic,Front,4-5,Left wheel,Black,0,3763.0,2372.209887785022
45765173,259,CHEVROLET,Volt,2021,Hatchback,Yes,Hybrid,1.4,620200,4,Automatic,Front,4-5,Left wheel,Brown,0,314.0,-3004.042908382042
45765179,650,FIAT,500,2021,Jeep,Yes,Petrol,1.4,716000,4,Automatic,Front,4-5,Left wheel,Black,12,314.0,-10640.81695046374
45765211,1172,MERCEDES-BENZ,E 350,2008,Coupe,Yes,Diesel,3.5,411700,6,Automatic,Rear,2-3,Left wheel,Silver,12,15994.0,37603.62010634313
45765220,779,TOYOTA,Camry,2007,Sedan,No,Hybrid,2.5,377400,4,Automatic,Front,4-5,Left wheel,Blue,0,16621.0,37776.10327630706
45765229,259,CHEVROLET,Volt,2022,Jeep,Yes,Hybrid,1.4,651900,4,Automatic,Front,4-5,Left wheel,Black,0,862.0,-7377.621127984778
45765267,1493,MERCEDES-BENZ,E 350,2022,Sedan,Yes,Diesel,3.5,642100,6,Automatic,Rear,4-5,Left wheel,Grey,12,1568.0,-7288.622707277631
45765325,919,MERCEDES-BENZ,E 350,2013,Sedan,Yes,Diesel,3,518500,6,Automatic,Rear,4-5,Left wheel,Black,12,9252.0,3294.19686511036
45765365,1342,TOYOTA,Tacoma,2017,Jeep,Yes,Petrol,2.7,94262,4,Automatic,Rear,4-5,Left wheel,White,12,49237.0,20291.707764712635
45765367,0,VOLKSWAGEN,Golf,2016,Sedan,No,Petrol,1.8,558500,4,Manual,Front,2-3,Left wheel,Blue,2,4000.0,75206.80104663962
45765378,586,LEXUS,CT 200h,2022,Hatchback,Yes,Hybrid,1.8,666400,4,Automatic,Front,4-5,Left wheel,White,0,1490.0,-6001.171779792654
45765402,0,HONDA,FIT,2015,Sedan,No,Petrol,1.3,225905,4,Variator,Front,4-5,Right-hand drive,Silver,2,7527.0,18168.128451539917
45765461,0,TOYOTA,BB,2012,Minivan,No,Petrol,1.5,457400,4,Automatic,Front,4-5,Right-hand drive,White,8,10192.0,8673.709200653451
45765506,2018,TOYOTA,Tundra,2022,Jeep,Yes,Petrol,5.7,809800,8,Automatic,4x4,4-5,Left wheel,White,12,1568.0,-911.4278992678301
45765564,924,TOYOTA,Corolla,2018,Sedan,Yes,Petrol,1.8,605200,4,Automatic,Front,4-5,Left wheel,Silver,12,4861.0,1101.9527340113236
45765604,1817,TOYOTA,Tacoma,1995,Sedan,Yes,Petrol,3.5,140900,6,Automatic,4x4,4-5,Left wheel,Black,12,31675.0,39669.29143320841
45765618,834,TOYOTA,Tacoma,2009,Jeep,Yes,Petrol,2.7,472100,4,Automatic,Rear,4-5,Left wheel,White,12,14583.0,10798.822050714383
45765622,1823,TOYOTA,Tacoma,2002,Sedan,Yes,Petrol,3.5,397700,6,Automatic,Front,4-5,Left wheel,Grey,12,21012.0,25488.144786138404
45765633,0,MERCEDES-BENZ,230,2009,Sedan,Yes,Petrol,2.5,508700,6,Tiptronic,Rear,4-5,Left wheel,Black,8,15053.0,32688.91426631665
45765643,1194,TOYOTA,Tacoma,2022,Jeep,Yes,Petrol,4,648263,6,Automatic,4x4,4-5,Left wheel,Silver,12,220.0,-3278.0866389346666
45765675,531,NISSAN,Juke,2022,Jeep,Yes,Petrol,1.6,559900,4,Automatic,4x4,4-5,Left wheel,Red,0,3763.0,-11235.08972293762
45765733,1053,MERCEDES-BENZ,E 350,1995,Sedan,Yes,Diesel,3.5,228800,6,Automatic,4x4,4-5,Left wheel,Black,12,30734.0,43057.04149604822
45765785,1325,MAZDA,CX-9,1993,Sedan,Yes,Petrol,2.5,211200,4,Automatic,Front,4-5,Left wheel,Grey,12,35438.0,34606.26437670515
45765797,1113,MAZDA,CX-9,2022,Sedan,Yes,Petrol,3.7,667300,6,Automatic,Front,4-5,Left wheel,Black,12,31.0,2462.3487815681874
45765863,831,FORD,Fiesta,2022,Hatchback,Yes,Petrol,1.6,682000,4,Automatic,Front,4-5,Left wheel,White,12,549.0,-17067.4614511462
45765901,753,HYUNDAI,Sonata,2022,Jeep,Yes,Hybrid,2.4,622600,4,Automatic,Front,4-5,Left wheel,White,0,470.0,-3726.765978260475
45766064,1086,DODGE,Avenger,2021,Sedan,Yes,Petrol,3.6,545300,6,Automatic,Front,4-5,Left wheel,White,12,2195.0,-8068.251796624114
45766134,1058,MERCEDES-BENZ,E 350,2021,Sedan,Yes,Diesel,3.5,286113,6,Automatic,4x4,4-5,Left wheel,Black,12,627.0,27231.69414087216
45766160,0,VOLKSWAGEN,Golf,2015,Hatchback,No,Petrol,1.4,136217,4,Manual,Front,4-5,Left wheel,Black,2,5645.0,-1256.3977091901907
45766173,0,HONDA,FIT,2014,Hatchback,No,Hybrid,1.3,511500,4,Tiptronic,Front,4-5,Right-hand drive,White,2,11604.0,3976.4200521429902
45766199,1058,MERCEDES-BENZ,E 350,2018,Sedan,Yes,Diesel,3.5,580401,6,Automatic,Rear,4-5,Left wheel,Black,12,4861.0,2449.4355548708045
45766217,1850,MERCEDES-BENZ,E 350,2022,Sedan,Yes,Diesel,3.5,318663,6,Automatic,Rear,4-5,Left wheel,Black,12,706.0,4880.7273164868875
45766229,891,FORD,Fusion,2020,Sedan,Yes,Petrol,2,552000,4,Automatic,Front,4-5,Left wheel,White,12,5018.0,-729.8239624439775
45766260,1438,OPEL,Combo,2015,Goods wagon,No,Diesel,1.7 T,618700,4,Manual,Front,2-3,Left wheel,Black,2,7840.0,656019.3633241791
45766278,1820,TOYOTA,Tacoma,1998,Sedan,Yes,Petrol,3.5,200846,6,Automatic,4x4,4-5,Left wheel,Black,12,26971.0,35117.722182023295
45766306,1604,MERCEDES-BENZ,E 350,1995,Sedan,Yes,Diesel,5.5,40400,8,Automatic,4x4,4-5,Left wheel,Grey,12,32302.0,42479.39561646501
45766320,1194,TOYOTA,Tacoma,2020,Jeep,Yes,Petrol,4,708900,6,Automatic,4x4,4-5,Left wheel,Silver,12,220.0,-5356.229216600284
45766352,1935,TOYOTA,Tundra,2022,Jeep,Yes,Petrol,4.6,706225,8,Automatic,4x4,4-5,Left wheel,White,12,941.0,-4496.129163783706
45766380,2225,TOYOTA,Tundra,2016,Sedan,Yes,Petrol,4.6,482500,8,Automatic,4x4,4-5,Left wheel,White,12,6429.0,7452.925334243795
45766411,1017,MERCEDES-BENZ,E 300,2022,Sedan,Yes,Petrol,2,664080,4,Automatic,Rear,4-5,Left wheel,Black,12,3450.0,-4283.625683540748
45766422,1091,TOYOTA,Camry,2019,Sedan,Yes,Petrol,2.5,676300,4,Automatic,Front,4-5,Left wheel,Blue,12,2195.0,16696.27375377277
45766427,586,HYUNDAI,Elantra,2005,Sedan,Yes,Petrol,1.8,389600,4,Automatic,Front,4-5,Left wheel,Black,8,17249.0,22657.486741387296
45766466,1624,MERCEDES-BENZ,E 350,2021,Sedan,Yes,Diesel,3.5,607000,6,Automatic,4x4,4-5,Left wheel,Black,12,314.0,4683.521480570127
45766467,1624,MERCEDES-BENZ,E 350,2017,Sedan,Yes,Diesel,3.5,637300,6,Automatic,Rear,4-5,Left wheel,Black,12,3450.0,-6246.46138018075
45766506,765,BMW,528,2022,Sedan,Yes,Petrol,2,735800,4,Automatic,4x4,4-5,Left wheel,Silver,12,1646.0,3947.3258313709885
45766537,1399,MERCEDES-BENZ,E 350,2022,Sedan,Yes,Petrol,3.5,695100,6,Automatic,4x4,4-5,Left wheel,Black,12,862.0,-15720.343217940499
45766572,781,TOYOTA,Camry,2002,Sedan,Yes,Hybrid,2.5,318500,4,Automatic,Front,4-5,Left wheel,White,8,22800.0,19239.38553550627
45766579,1077,CADILLAC,CTS,2018,Sedan,Yes,Petrol,2,671499,4,Automatic,4x4,4-5,Left wheel,Black,12,4391.0,2441.4580018617125
45766602,1017,MERCEDES-BENZ,E 300,2022,Sedan,Yes,Diesel,2,681600,4,Automatic,Rear,4-5,Left wheel,Black,12,314.0,12790.230491902523
45766642,1811,LEXUS,GX 460,1992,Jeep,Yes,Petrol,4.6,0,8,Automatic,4x4,4-5,Left wheel,Black,0,39829.0,51677.28940961717
45766674,382,FORD,C-MAX,2022,Hatchback,Yes,Hybrid,2,567800,4,Automatic,Front,4-5,Left wheel,Silver,12,1646.0,3597.9541873475555
45766701,1053,MERCEDES-BENZ,E 350,2021,Sedan,Yes,Diesel,3.5,619382,6,Automatic,4x4,4-5,Left wheel,Silver,12,314.0,9766.691150622351
45766740,0,TOYOTA,Vitz,2013,Sedan,No,Petrol,1,525800,3,Variator,Front,4-5,Right-hand drive,Silver,12,9095.0,-693.1625912718155
45766742,0,MERCEDES-BENZ,C 180,1995,Sedan,No,Petrol,2.2,0,4,Manual,Rear,4-5,Left wheel,Red,0,3500.0,51646.953502264114
45766747,761,TOYOTA,Prius,2020,Jeep,Yes,Hybrid,1.8,515000,4,Automatic,Front,4-5,Left wheel,White,12,470.0,-2623.579915923179
45766762,0,OPEL,Corsa,2018,Hatchback,No,Petrol,1.2,575000,4,Automatic,Front,4-5,Left wheel,Black,0,5645.0,73854.43655155465
45766796,645,HYUNDAI,Elantra,2021,Sedan,Yes,Petrol,1.8,720000,4,Automatic,Front,4-5,Left wheel,Blue,12,2195.0,19824.632947571958
45766800,753,HYUNDAI,Sonata,2019,Sedan,Yes,Petrol,2.4,694400,4,Automatic,Front,4-5,Left wheel,Red,12,862.0,-8675.76305808077
45766864,831,DODGE,Avenger,2022,Sedan,Yes,Petrol,2.4,584658,4,Automatic,Front,4-5,Left wheel,Silver,12,2901.0,-3325.593956596349
45766881,0,NISSAN,Tiida,2016,Hatchback,No,LPG,1.5,630100,4,Variator,Front,4-5,Right-hand drive,White,2,8938.0,-9698.380790606003
45766958,584,HYUNDAI,Elantra Limited,2005,Sedan,No,Petrol,1.8,464500,4,Tiptronic,Front,4-5,Left wheel,Grey,12,16621.0,3242.4887620068075
45766966,0,LEXUS,IS 250,2006,Sedan,Yes,Petrol,2.5,353400,6,Tiptronic,Rear,4-5,Left wheel,Grey,10,20385.0,28170.262968056217
45767013,2866,NISSAN,Maxima,2022,Sedan,Yes,Petrol,3.5,644700,6,Automatic,Front,4-5,Left wheel,Grey,12,549.0,-14792.418454745137
45767202,0,OPEL,Astra,2015,Hatchback,No,LPG,1.6,519400,4,Manual,Front,4-5,Left wheel,White,4,7527.0,14638.538569977158
45767339,259,CHEVROLET,Volt,2022,Hatchback,Yes,Hybrid,1.4,568400,4,Automatic,Front,4-5,Left wheel,Black,0,220.0,-1723.6123807191616
45767344,1172,MERCEDES-BENZ,E 350,2004,Sedan,Yes,Diesel,3.5,474200,6,Automatic,4x4,4-5,Left wheel,Silver,12,16621.0,24200.3400410072
45767346,382,CHEVROLET,Volt,2002,Hatchback,Yes,Hybrid,1.5,180700,4,Automatic,Front,4-5,Left wheel,Blue,0,26030.0,67587.0386913644
45767348,353,TOYOTA,Prius,2022,Jeep,Yes,Hybrid,1.8,665200,4,Automatic,Front,4-5,Left wheel,White,12,2038.0,-6663.463933273662
45767384,1493,MERCEDES-BENZ,E 350,2021,Sedan,Yes,Diesel,3.5,559300,6,Automatic,Rear,4-5,Left wheel,Grey,12,1568.0,-2604.113860392823
45767399,1172,MERCEDES-BENZ,E 350,2007,Sedan,Yes,Diesel,3.5,509500,6,Automatic,4x4,4-5,Left wheel,Blue,12,13642.0,44293.01773824921
45767414,1399,MERCEDES-BENZ,E 350,2012,Sedan,Yes,Diesel,3.5,495000,6,Automatic,4x4,4-5,Left wheel,Black,12,12388.0,17314.53875544098
45767438,2410,MERCEDES-BENZ,E 350,2022,Sedan,Yes,Diesel,6.2,713600,8,Automatic,Rear,4-5,Left wheel,White,12,314.0,18995.85030209134
45767439,1324,TOYOTA,Highlander,2019,Sedan,Yes,Hybrid,3.3,640200,6,Automatic,4x4,4-5,Left wheel,Green,12,1725.0,-3368.1150584926654
45767466,1537,TOYOTA,Highlander,2015,Jeep,Yes,Hybrid,3.3,495800,6,Automatic,4x4,4-5,Left wheel,Blue,12,12074.0,28245.26615492849
45767474,1324,TOYOTA,Highlander,2009,Jeep,Yes,Hybrid,3.3,533400,6,Automatic,4x4,4-5,Left wheel,Blue,12,14269.0,31688.026994548905
45767481,891,AUDI,A6,2022,Sedan,Yes,Petrol,2,629200,4,Automatic,4x4,4-5,Left wheel,Grey,0,549.0,-6274.097701284929
45767505,1018,AUDI,Q7,2022,Sedan,Yes,Diesel,3,544600,6,Automatic,4x4,4-5,Left wheel,Silver,0,2352.0,17075.30715898909
45767545,1058,TOYOTA,Highlander,2002,Jeep,Yes,Petrol,3.5,358437,6,Automatic,4x4,4-5,Left wheel,Black,12,23521.0,24968.62639063389
45767554,0,HONDA,Elysion,2012,Minivan,No,LPG,2.4,138458,4,Variator,Front,4-5,Right-hand drive,White,6,11917.0,27130.2814343983
45767691,781,SUBARU,Forester,2022,Jeep,Yes,Petrol,2.5,344631,4,Automatic,4x4,4-5,Left wheel,Black,0,314.0,14761.517044451532
45767720,1750,TOYOTA,Highlander,2022,Sedan,Yes,Hybrid,3.3,603400,6,Automatic,4x4,4-5,Left wheel,White,12,125.0,-9997.493754095773
45767731,1172,TOYOTA,Highlander,2022,Jeep,Yes,Hybrid,3.5,578520,6,Automatic,4x4,4-5,Left wheel,Black,12,1568.0,2837.0887333938554
45767757,1750,TOYOTA,Highlander,2022,Jeep,Yes,Hybrid,3.3,811200,6,Automatic,4x4,4-5,Left wheel,Blue,12,251.0,6446.39233054223
45767894,761,TOYOTA,Prius,2011,Sedan,No,Hybrid,1.8,368711,4,Automatic,Front,4-5,Left wheel,White,6,14740.0,6123.021791920173
45767966,574,HONDA,Insight,2022,Hatchback,Yes,Hybrid,1.3,681943,4,Automatic,Front,4-5,Left wheel,Grey,0,220.0,-1723.8274548351255
45768081,259,CHEVROLET,Volt,2022,Hatchback,Yes,Hybrid,1.4,603487,4,Automatic,Front,4-5,Left wheel,Black,0,220.0,-3498.9475931019624
45768085,1750,TOYOTA,Highlander,2022,Sedan,Yes,Hybrid,3.3,568800,6,Automatic,4x4,4-5,Left wheel,Grey,12,627.0,-2886.54381787057
45768089,0,KIA,Optima ex,2008,Sedan,Yes,Petrol,2.4,298200,4,Automatic,Front,4-5,Left wheel,Black,12,19130.0,36644.70889846509
45768098,1537,TOYOTA,Highlander,2010,Jeep,Yes,Hybrid,3.3,481400,6,Automatic,4x4,4-5,Left wheel,Blue,12,12074.0,31448.813300169466
45768135,1750,TOYOTA,Highlander,2022,Sedan,Yes,Hybrid,3.3,620500,6,Automatic,4x4,4-5,Left wheel,White,12,941.0,-10862.721107011264
45768171,0,VOLKSWAGEN,CC,1998,Sedan,Yes,Petrol,2.0 T,440900,4,Automatic,Front,4-5,Left wheel,Black,8,25716.0,14902.61077448805
45768194,353,LEXUS,CT 200h,2022,Hatchback,Yes,Hybrid,1.8,601100,4,Automatic,Front,4-5,Left wheel,Grey,0,470.0,5261.502478600853
45768260,1714,MERCEDES-BENZ,GLE 350,2017,Jeep,Yes,Petrol,3.5,592800,6,Automatic,Rear,4-5,Left wheel,Black,0,4704.0,3897.6564378980966
45768300,645,TOYOTA,Prius,2021,Jeep,Yes,Hybrid,1.8,609600,4,Automatic,Front,4-5,Left wheel,Silver,12,314.0,-2124.0333650756074
45768362,1869,DODGE,Ramcharger,2005,Sedan,Yes,Petrol,3.6,405600,6,Automatic,Rear,4-5,Left wheel,Grey,12,16935.0,20484.621294173652
45768378,1324,TOYOTA,Highlander,2020,Sedan,Yes,Hybrid,3.3,707700,6,Automatic,4x4,4-5,Left wheel,Blue,12,125.0,18317.01258126775
45768472,1304,BMW,750,2022,Sedan,Yes,Petrol,4.4,809700,8,Automatic,Rear,4-5,Left wheel,Blue,12,392.0,-5884.655059179462
45768491,0,MERCEDES-BENZ,ML 350,2012,Jeep,Yes,Diesel,3.5,107000,6,Tiptronic,4x4,4-5,Left wheel,White,6,56450.0,47929.621991761014
45768524,640,FORD,Escape,2022,Jeep,Yes,Petrol,2,691000,4,Automatic,Front,4-5,Left wheel,Blue,12,1490.0,25597.564927390828
45768528,1324,TOYOTA,Highlander,2022,Sedan,Yes,Hybrid,3.3,739208,6,Automatic,4x4,4-5,Left wheel,Blue,12,125.0,15732.794080898353
45768530,0,AUDI,A4,2013,Sedan,Yes,Petrol,1.8 T,167498,4,Tiptronic,4x4,4-5,Left wheel,Grey,6,9300.0,19859.381364806664
45768548,1760,CHRYSLER,Pacifica,2018,Sedan,Yes,Petrol,3.6,656400,6,Automatic,Front,4-5,Left wheel,Grey,12,6586.0,-5652.54530824555
45768603,1750,TOYOTA,Highlander,2022,Jeep,Yes,Hybrid,3.3,670800,6,Automatic,4x4,4-5,Left wheel,Blue,12,251.0,13550.364280795751
45768606,1058,FORD,Taurus,2022,Sedan,Yes,Petrol,3.5,665900,6,Automatic,4x4,4-5,Left wheel,Grey,12,282.0,-6513.311230302072
45768648,0,SUBARU,Legacy,2006,Sedan,No,Petrol,2.0 T,540000,4,Manual,4x4,4-5,Right-hand drive,White,6,16000.0,767.1389365445393
45768660,645,LEXUS,CT 200h,2017,Hatchback,Yes,Hybrid,1.8,610400,4,Automatic,Front,4-5,Left wheel,Silver,0,3293.0,3136.80866893452
45768679,585,LEXUS,CT 200h,2020,Hatchback,Yes,Hybrid,1.8,535700,4,Automatic,Front,4-5,Left wheel,Black,0,1725.0,6758.618329276684
45768682,586,LEXUS,CT 200h,2021,Hatchback,Yes,Hybrid,1.8,784800,4,Automatic,Front,4-5,Left wheel,White,0,1490.0,-11496.998804638672
45768699,645,LEXUS,CT 200h,2022,Hatchback,Yes,Hybrid,1.8,649800,4,Automatic,Front,4-5,Left wheel,Silver,0,470.0,-1331.690746650711
45768700,746,TOYOTA,Prius,2022,Sedan,Yes,Hybrid,1.5,597000,4,Automatic,Front,4-5,Left wheel,White,12,941.0,-6906.1380096326175
45768732,0,MERCEDES-BENZ,C 250,1996,Sedan,Yes,Petrol,1.8 T,208800,4,Tiptronic,Rear,4-5,Left wheel,Grey,8,29166.0,39908.372166227506
45768758,1869,DODGE,Avenger,2011,Sedan,Yes,Petrol,3.6,505000,6,Automatic,Front,4-5,Left wheel,Grey,12,12074.0,-4450.861139248387
45768766,308,TOYOTA,Prius,2022,Jeep,Yes,Hybrid,1.8,688200,4,Automatic,Front,4-5,Left wheel,White,12,188.0,-7325.3902707528905
45768841,645,HYUNDAI,Elantra,2022,Jeep,Yes,Petrol,1.8,626300,4,Automatic,Front,4-5,Left wheel,Black,12,627.0,471.833749810663
45768856,777,MAZDA,1300,2017,Sedan,Yes,Petrol,2.5,412400,4,Automatic,Front,4-5,Left wheel,Grey,12,8154.0,17793.046355921462
45768878,831,HYUNDAI,Elantra,2020,Sedan,Yes,Petrol,1.6,516600,4,Automatic,Front,4-5,Left wheel,Black,12,1019.0,-5528.164888088839
45768886,640,AUDI,A4,2022,Sedan,Yes,Petrol,2,514479,4,Automatic,4x4,4-5,Left wheel,Black,0,282.0,2619.059083025568
45768918,0,TOYOTA,Prius,2005,Hatchback,No,Hybrid,1.8,188600,4,Tiptronic,Front,4-5,Left wheel,Silver,12,21953.0,33572.18375252401
45768946,1493,MERCEDES-BENZ,E 350,2022,Sedan,Yes,Diesel,3.5,651300,6,Automatic,Rear,4-5,Left wheel,Grey,12,1568.0,-7754.1251427643365
45768956,645,TOYOTA,Prius,2022,Hatchback,Yes,Hybrid,1.8,725800,4,Automatic,Front,4-5,Left wheel,Red,12,220.0,-14345.9883367078
45768957,0,MAZDA,MPV,2014,Minivan,No,LPG,2.3,618385,4,Automatic,Front,4-5,Right-hand drive,Silver,2,8154.0,12310.408020456765
45768960,1053,MERCEDES-BENZ,E 350,1997,Sedan,Yes,Diesel,3.5,115200,6,Automatic,4x4,4-5,Left wheel,Black,12,29793.0,47815.01075748362
45768989,0,TOYOTA,Prius,2004,Hatchback,No,Hybrid,1.8,441900,4,Automatic,Front,4-5,Left wheel,Silver,4,16621.0,19516.323506264343
45768991,0,FORD,Fiesta,2010,Hatchback,No,Petrol,1.4,440000,4,Manual,Front,4-5,Left wheel,White,4,12858.0,-1928.2661556924177
45769003,0,TOYOTA,Corolla,2008,Sedan,No,LPG,1.8,359800,4,Automatic,Front,4-5,Left wheel,White,6,18817.0,16499.987252803225
45769004,308,TOYOTA,Prius,2022,Jeep,Yes,Hybrid,1.8,757200,4,Automatic,Front,4-5,Left wheel,White,12,188.0,-10816.658536903153
45769021,753,HYUNDAI,Sonata,2022,Sedan,Yes,Hybrid,2.4,220622,4,Automatic,Front,4-5,Left wheel,Silver,0,251.0,21993.149677353907
45769023,0,NISSAN,March,2002,Sedan,No,Petrol,1.2,0,4,Automatic,Front,4-5,Right-hand drive,Yellow,2,5331.0,38523.19007016323
45769032,431,HYUNDAI,Sonata,2019,Sedan,Yes,Hybrid,2,666900,4,Automatic,Front,4-5,Left wheel,Black,0,5018.0,4895.345204124982
45769077,1017,MERCEDES-BENZ,E 300,2005,Sedan,Yes,Petrol,2,340400,4,Automatic,Rear,4-5,Left wheel,Black,12,22580.0,20508.74211863785
45769084,1820,TOYOTA,Tacoma,2001,Sedan,Yes,Petrol,3.5,242000,6,Automatic,4x4,4-5,Left wheel,Black,12,26971.0,31550.44757015976
45769088,1017,MERCEDES-BENZ,E 300,2022,Sedan,Yes,Petrol,2,625300,4,Automatic,Rear,4-5,Left wheel,Black,12,314.0,-2321.43172178269
45769091,0,HONDA,Stream,2010,Minivan,No,CNG,1.8,538400,4,Automatic,Front,4-5,Right-hand drive,Silver,4,10349.0,-137663.47856914054
45769134,2377,TOYOTA,Tundra,2014,Jeep,Yes,Petrol,5.7,522300,8,Automatic,Rear,4-5,Left wheel,Grey,12,11290.0,7575.3799670340795
45769155,1024,FORD,Escape,2022,Jeep,Yes,Hybrid,2.5,636300,4,Automatic,Front,4-5,Left wheel,Grey,0,862.0,675.3117715648696
45769164,1624,MERCEDES-BENZ,E 350,2022,Sedan,Yes,Diesel,3.5,675100,6,Automatic,4x4,4-5,Left wheel,Black,12,1411.0,742.8045686477635
45769166,0,MINI,Cooper,2009,Hatchback,Yes,Petrol,1.6,494900,4,Automatic,Front,2-3,Left wheel,White,8,14113.0,45857.709347617
45769174,289,FORD,Escape,2022,Sedan,Yes,Hybrid,0.4,246311,4,Automatic,Front,4-5,Left wheel,Grey,0,188.0,15319.793708730986
45769185,862,FORD,Escape,2016,Jeep,Yes,Hybrid,2.5,634300,4,Automatic,4x4,4-5,Left wheel,White,0,3607.0,-1936.7395897124625
45769186,1058,MERCEDES-BENZ,E 350,2016,Sedan,Yes,Diesel,3.5,576300,6,Automatic,Rear,4-5,Left wheel,Black,12,4861.0,3646.9121803071375
45769198,1399,MERCEDES-BENZ,E 350,2014,Sedan,Yes,Diesel,3.5,538100,6,Automatic,4x4,4-5,Left wheel,Black,12,12388.0,14143.787186358388
45769201,1234,MAZDA,CX-9,2020,Sedan,Yes,Petrol,3.7,659300,6,Automatic,4x4,4-5,Left wheel,Silver,12,706.0,-279.74402153117626
45769206,1172,MERCEDES-BENZ,E 350,2008,Sedan,Yes,Diesel,3.5,516900,6,Automatic,4x4,4-5,Left wheel,Silver,12,16621.0,20059.853853241053
45769214,1058,MERCEDES-BENZ,E 350,2022,Sedan,Yes,Diesel,3.5,678900,6,Automatic,4x4,4-5,Left wheel,Black,12,627.0,6862.434916898756
45769225,1811,LEXUS,GX 470,1992,Jeep,Yes,Petrol,4.6,0,8,Automatic,4x4,4-5,Left wheel,Grey,0,40142.0,46339.77118498599
45769247,1811,LEXUS,GX 460,1992,Jeep,Yes,Petrol,4.6,25500,8,Automatic,4x4,4-5,Left wheel,Black,0,39829.0,50387.03809386599
45769252,1363,LEXUS,GX 460,2022,Jeep,Yes,Petrol,4.6,675400,8,Automatic,4x4,4-5,Left wheel,Grey,0,157.0,7864.486998354105
45769265,934,MAZDA,1000,2022,Sedan,Yes,Petrol,2.5,757300,4,Automatic,Front,4-5,Left wheel,Grey,12,1176.0,55185.79994574246
45769272,1053,MERCEDES-BENZ,E 350,2021,Sedan,Yes,Petrol,3.5,662900,6,Automatic,Rear,4-5,Left wheel,Grey,12,1882.0,-20899.631005321906
45769280,1514,LEXUS,GX 470,2022,Sedan,Yes,Petrol,4.6,754200,8,Automatic,4x4,4-5,Left wheel,White,0,392.0,-7826.007349688236
45769283,1604,MERCEDES-BENZ,E 350,1995,Sedan,Yes,Petrol,5.5,221500,8,Automatic,4x4,4-5,Left wheel,Grey,12,32302.0,15355.746643590424
45769292,0,TOYOTA,Prius,2005,Hatchback,Yes,Hybrid,1.8,350500,4,Variator,Front,4-5,Left wheel,Grey,10,18817.0,27202.830404081244
45769314,1017,MERCEDES-BENZ,E 300,2004,Sedan,Yes,Petrol,2,366300,4,Automatic,Rear,4-5,Left wheel,Black,12,22580.0,19693.238494065678
45769315,1017,MERCEDES-BENZ,E 300,2019,Sedan,Yes,Petrol,2,647870,4,Automatic,4x4,4-5,Left wheel,Black,12,470.0,9398.338570175763
45769321,1750,TOYOTA,Highlander,2022,Sedan,Yes,Hybrid,3.3,671100,6,Automatic,4x4,4-5,Left wheel,White,12,125.0,-13422.984502188086
45769326,1172,TOYOTA,Highlander,2019,Jeep,Yes,Hybrid,3.5,730300,6,Automatic,4x4,4-5,Left wheel,Black,12,1568.0,-3357.7287078068257
45769329,1537,TOYOTA,Highlander,2015,Jeep,Yes,Hybrid,3.3,395300,6,Automatic,4x4,4-5,Left wheel,Blue,12,12074.0,33330.37428171257
45769357,751,HYUNDAI,Tucson,2021,Jeep,Yes,Petrol,2.4,586300,4,Automatic,4x4,4-5,Left wheel,Silver,0,3763.0,-56862.270822412975
45769371,1058,TOYOTA,Highlander,2001,Jeep,Yes,Petrol,3.5,262800,6,Automatic,4x4,4-5,Left wheel,Black,12,23521.0,30302.662929295097
45769381,1055,MERCEDES-BENZ,E 350,2018,Sedan,Yes,Diesel,3.5,565100,6,Automatic,Rear,4-5,Left wheel,Grey,12,5802.0,3471.854240779592
45769382,831,HYUNDAI,Tucson,2021,Jeep,Yes,Petrol,2.4,721100,4,Automatic,Front,4-5,Left wheel,White,0,392.0,-66933.04231413576
45769401,1624,MERCEDES-BENZ,E 350,2020,Sedan,Yes,Diesel,3.5,714091,6,Automatic,4x4,4-5,Left wheel,Black,12,1411.0,-240.0917352629549
45769412,1172,MERCEDES-BENZ,E 350,2019,Sedan,Yes,Diesel,3.5,680300,6,Automatic,4x4,4-5,Left wheel,Black,12,627.0,7005.256335804603
45769413,831,HYUNDAI,Elantra,2021,Sedan,Yes,Petrol,1.6,687800,4,Automatic,Front,4-5,Left wheel,Black,12,1019.0,-14685.544962911059
45769508,2410,MERCEDES-BENZ,E 350,2020,Sedan,Yes,Petrol,6.2,652400,8,Automatic,Rear,4-5,Left wheel,White,12,314.0,5122.092588402671
45769518,1053,MERCEDES-BENZ,E 350,2022,Sedan,Yes,Diesel,3.5,691400,6,Automatic,4x4,4-5,Left wheel,Silver,12,314.0,5627.73091889161
45769551,1017,MERCEDES-BENZ,E 300,2022,Sedan,Yes,Petrol,2,747200,4,Automatic,Rear,4-5,Left wheel,Black,12,314.0,-8489.338991981436
45769560,1194,TOYOTA,Tacoma,2002,Sedan,Yes,Petrol,4,424800,6,Automatic,4x4,4-5,Left wheel,Silver,12,19130.0,18821.54209678281
45769606,2018,TOYOTA,Tundra,2021,Jeep,Yes,Petrol,5.7,622796,8,Automatic,4x4,4-5,Left wheel,White,12,1568.0,9045.60440277526
45769627,1624,MERCEDES-BENZ,E 350,2017,Sedan,Yes,Diesel,3.5,551100,6,Automatic,Rear,4-5,Left wheel,Black,12,5018.0,-1884.9059520336377
45769645,1324,TOYOTA,Highlander,2022,Sedan,Yes,Hybrid,3.3,714200,6,Automatic,4x4,4-5,Left wheel,Blue,12,125.0,16998.151135969158
45769683,382,CHEVROLET,Volt,2002,Hatchback,Yes,Hybrid,1.5,279100,4,Automatic,Front,4-5,Left wheel,Blue,0,26030.0,62608.186555289314
45769727,1017,MERCEDES-BENZ,E 300,2022,Sedan,Yes,Petrol,2,660600,4,Automatic,Rear,4-5,Left wheel,Black,12,314.0,-4107.5443275088255
45769731,1058,TOYOTA,Highlander,2016,Jeep,Yes,Petrol,3.5,583500,6,Automatic,Front,4-5,Left wheel,Grey,12,9565.0,8995.313492687164
45769732,0,MERCEDES-BENZ,E 270,2010,Sedan,No,Diesel,2.7 T,558300,5,Tiptronic,Rear,4-5,Left wheel,Black,10,10976.0,1465.1705849690552
45769741,0,FORD,Transit,2000,Microbus,No,Diesel,2.4 T,305900,4,Manual,Rear,2-3,Left wheel,White,4,25089.0,62441.04432799501
45769794,308,TOYOTA,Prius,2011,Jeep,Yes,Hybrid,1.8,348700,4,Automatic,Front,4-5,Left wheel,White,12,14113.0,15297.517763072377
45769870,1624,MERCEDES-BENZ,E 350,2018,Sedan,Yes,Diesel,3.5,627900,6,Automatic,Rear,4-5,Left wheel,Black,12,5018.0,-6265.826254035819
45769895,1234,MAZDA,CX-9,2021,Sedan,Yes,Petrol,3.7,585400,6,Automatic,4x4,4-5,Left wheel,Black,12,549.0,3622.454686185638
45769920,639,SUBARU,Forester,2022,Jeep,Yes,Petrol,2,649200,4,Automatic,4x4,4-5,Left wheel,White,0,314.0,-2389.276237434471
45769926,639,VOLKSWAGEN,Jetta,2015,Sedan,Yes,Petrol,2,528000,4,Tiptronic,Front,4-5,Left wheel,Grey,8,9408.0,15337.829365922644
45770012,1017,MERCEDES-BENZ,GLA 250,2021,Jeep,Yes,Petrol,2,680900,4,Automatic,Front,4-5,Left wheel,Blue,0,2509.0,21115.68285271066
45770024,1714,MERCEDES-BENZ,GLE 350,2017,Jeep,Yes,Petrol,3.5,674400,6,Automatic,Rear,4-5,Left wheel,Black,0,4704.0,-231.14777250568295
45770026,1750,TOYOTA,Highlander,2022,Sedan,Yes,Hybrid,3.3,757900,6,Automatic,4x4,4-5,Left wheel,White,12,125.0,-17814.89878482344
45770035,1750,TOYOTA,Highlander,2018,Sedan,Yes,Hybrid,3.3,687800,6,Automatic,4x4,4-5,Left wheel,Grey,12,627.0,-6927.768914691249
45770039,1750,TOYOTA,Highlander,2022,Jeep,Yes,Hybrid,3.3,205113,6,Automatic,4x4,4-5,Left wheel,Silver,12,1646.0,13749.48631210691
45770060,0,MERCEDES-BENZ,E 320,2018,Sedan,Yes,Petrol,3.2,419200,6,Tiptronic,Rear,4-5,Left wheel,Black,8,9722.0,14918.277240012558
45770065,1055,MERCEDES-BENZ,E 350,2016,Sedan,Yes,Diesel,3.5,527756,6,Automatic,Rear,4-5,Left wheel,Grey,12,5802.0,6351.36319913815
45770072,1750,TOYOTA,Highlander,2022,Sedan,Yes,Hybrid,3.3,734000,6,Automatic,4x4,4-5,Left wheel,White,12,941.0,-16605.604414374306
45770082,1750,TOYOTA,Highlander,2019,Jeep,Yes,Hybrid,3.3,719600,6,Automatic,4x4,4-5,Left wheel,Black,12,470.0,-10139.62612980084
45770096,1172,TOYOTA,Highlander,2003,Jeep,Yes,Petrol,3.5,228000,6,Automatic,4x4,4-5,Left wheel,Grey,12,22580.0,30016.96257975496
45770107,1172,MERCEDES-BENZ,E 350,2020,Sedan,Yes,Diesel,3.5,696000,6,Automatic,Rear,4-5,Left wheel,Silver,12,314.0,-6318.915760671436
45770181,2410,MERCEDES-BENZ,E 350,2022,Sedan,Yes,Petrol,6.2,680800,8,Automatic,Rear,4-5,Left wheel,White,12,314.0,2695.1329542825024
45770212,831,HYUNDAI,Elantra,2022,Sedan,Yes,Petrol,1.6,674700,4,Automatic,Front,4-5,Left wheel,Black,12,1019.0,-14517.696900755174
45770235,1017,MERCEDES-BENZ,E 300,2022,Sedan,Yes,Petrol,2,687900,4,Automatic,4x4,4-5,Left wheel,Black,12,470.0,5887.936212386918
45770270,0,MERCEDES-BENZ,CLS 350 AMG,2001,Sedan,Yes,Petrol,3.5,305500,6,Tiptronic,Rear,4-5,Left wheel,Black,0,25089.0,22079.93416232618
45770274,0,KIA,Optima hybrid,1999,Sedan,No,Hybrid,2.4,270300,4,Tiptronic,Front,4-5,Left wheel,Golden,8,19444.0,33944.32354967648
45770279,521,FIAT,500,2015,Coupe,Yes,Petrol,1.4,465000,4,Manual,Front,2-3,Left wheel,Blue,6,11604.0,52902.781986290574
45770300,1624,MERCEDES-BENZ,E 350,2022,Sedan,Yes,Diesel,3.5,639900,6,Automatic,4x4,4-5,Left wheel,Black,12,1411.0,2523.857365292515
45770307,1172,MERCEDES-BENZ,E 350,2022,Sedan,Yes,Diesel,3.5,620100,6,Automatic,4x4,4-5,Left wheel,Black,12,627.0,8566.300620280075
45770311,1172,MERCEDES-BENZ,E 350,2022,Sedan,Yes,Diesel,3.5,618200,6,Automatic,Rear,4-5,Left wheel,Silver,12,314.0,-3372.358150369062
45770333,0,HONDA,FIT,2012,Hatchback,No,Petrol,1.3,533200,4,Automatic,Front,4-5,Right-hand drive,Black,6,9408.0,6374.485385809878
45770335,0,BMW,520,2019,Sedan,No,Petrol,2,546900,6,Manual,Rear,4-5,Left wheel,Green,2,5500.0,212.8119880938466
45770360,1017,MERCEDES-BENZ,E 300,2020,Sedan,Yes,Petrol,2,544300,4,Automatic,Rear,4-5,Left wheel,Black,12,314.0,2766.987489141902
45770452,1252,AUDI,A8,1994,Sedan,Yes,Petrol,4.2,88000,8,Automatic,4x4,4-5,Left wheel,Black,10,33870.0,29915.861797960944
45770461,0,NISSAN,Note,2016,Sedan,No,LPG,1.5,569200,4,Automatic,Front,4-5,Right-hand drive,Blue,2,7213.0,32348.229753905132
45770486,0,TOYOTA,RAV 4,2001,Jeep,No,Petrol,2.5,239500,4,Automatic,4x4,4-5,Left wheel,Brown,8,25089.0,31466.149324571234
45770503,0,TOYOTA,Camry,2003,Sedan,Yes,Hybrid,2.4,226900,4,Variator,Front,4-5,Left wheel,Golden,10,20385.0,31027.743503850514
45770554,502,TOYOTA,Prius C,2016,Hatchback,No,Hybrid,1.5,525700,4,Variator,Front,4-5,Left wheel,Red,0,13485.0,-4345.257264363885
45770557,0,BMW,X6,1992,Jeep,Yes,Petrol,3.5 T,0,16,Tiptronic,4x4,4-5,Left wheel,Grey,16,39829.0,62019.06147724721
45770565,0,HYUNDAI,Tucson,2000,Jeep,Yes,Petrol,2,149900,4,Automatic,4x4,4-5,Left wheel,Brown,2,26030.0,-14880.446826893443
45770567,1095,DODGE,Caliber,2014,Hatchback,No,Petrol,2,516500,4,Automatic,Front,4-5,Left wheel,White,4,8154.0,-5164.978030276012
45770591,0,BMW,X6 Limited,2012,Jeep,Yes,Petrol,3.0 T,95000,6,Tiptronic,4x4,4-5,Left wheel,Black,0,62722.0,46839.84040920423
45770641,0,FORD,Transit,2008,Microbus,No,Diesel,2.5 T,411500,4,Manual,Rear,4-5,Left wheel,White,2,14113.0,-9058.239159646746
45770717,0,BMW,328,2010,Sedan,Yes,Petrol,3,488800,6,Tiptronic,Rear,4-5,Left wheel,Black,10,15053.0,10116.581886534554
45770720,0,VOLKSWAGEN,Jetta TDI,2003,Sedan,Yes,Diesel,2.0 T,276100,4,Manual,Front,4-5,Left wheel,Red,10,22580.0,33202.28143152503
45770822,0,VOLKSWAGEN,Golf GTI,2022,Sedan,No,Petrol,2,624200,4,Manual,Front,4-5,Left wheel,Purple,2,40.0,12140.95593435868
45770824,0,HONDA,Civic,2012,Sedan,No,Hybrid,1.3,558000,4,Variator,Front,4-5,Left wheel,Grey,4,13172.0,-2303.7356247884127
45770830,308,TOYOTA,Prius,2002,Hatchback,No,Hybrid,1.8,301000,4,Automatic,Front,4-5,Left wheel,White,0,18817.0,19956.578763189318
45770838,722,MERCEDES-BENZ,Smart,2012,Cabriolet,No,Diesel,0.8 T,551800,3,Tiptronic,Rear,2-3,Left wheel,Black,2,6272.0,54938.4271699278
45770858,585,HYUNDAI,Elantra,2006,Sedan,No,Petrol,1.8,374600,4,Automatic,Front,4-5,Left wheel,Silver,0,17249.0,18392.954233161832
45770861,697,HYUNDAI,Elantra,2009,Sedan,No,Petrol,1.8,336500,4,Automatic,Front,4-5,Left wheel,Black,0,17249.0,18244.768942767565
45770888,442,TOYOTA,Prius,2022,Sedan,Yes,Hybrid,1.8,590600,4,Automatic,Front,4-5,Left wheel,White,12,1882.0,-2988.265070682639
45770891,746,TOYOTA,Prius,2020,Sedan,Yes,Hybrid,1.5,665500,4,Automatic,Front,4-5,Left wheel,White,12,1882.0,-9382.133375366939
45770895,1624,MERCEDES-BENZ,E 350,2022,Sedan,Yes,Diesel,3.5,710600,6,Automatic,4x4,4-5,Left wheel,Black,12,1411.0,-1053.4276552411393
45770909,1850,MERCEDES-BENZ,E 350,2022,Sedan,Yes,Diesel,3.5,565700,6,Automatic,4x4,4-5,Left wheel,Black,12,4547.0,3757.9351752369275
45770932,585,TOYOTA,Prius,2022,Jeep,Yes,Hybrid,1.8,602600,4,Automatic,Front,4-5,Left wheel,White,12,392.0,-6083.23461026734
45770955,0,MERCEDES-BENZ,Sprinter,2019,Microbus,Yes,Diesel,2.2 T,722400,4,Manual,Rear,4-5,Left wheel,White,4,100.0,-18056.044660678876
45771002,0,TOYOTA,Prius,2008,Hatchback,No,Hybrid,1.5,0,4,Automatic,Front,4-5,Left wheel,White,6,35.0,35082.626670890306
45771005,584,HYUNDAI,Elantra,2020,Sedan,Yes,Petrol,1.8,588600,4,Automatic,Front,4-5,Left wheel,Silver,12,4391.0,4284.716029757443
45771009,1405,MERCEDES-BENZ,GLK 300,1992,Jeep,Yes,Diesel,3.0 T,156400,6,Automatic,4x4,4-5,Left wheel,Black,8,36065.0,44814.0321188305
45771034,1091,FORD,Fusion,2022,Sedan,Yes,Petrol,2.5,652811,4,Automatic,Front,4-5,Left wheel,Black,12,1333.0,-5727.261380137781
45771071,1017,MERCEDES-BENZ,E 300,2022,Sedan,Yes,Petrol,2,590400,4,Automatic,4x4,4-5,Left wheel,Black,12,470.0,10821.250066729677
45771137,1760,DODGE,Challenger,2012,Sedan,Yes,Petrol,3.6,507600,6,Automatic,Rear,4-5,Left wheel,Grey,12,11604.0,-20775.93182941094
45771208,781,TOYOTA,Camry,2001,Sedan,No,Petrol,2.5,83424,4,Automatic,Front,4-5,Left wheel,Black,0,21953.0,32717.298730619656
45771212,924,VOLKSWAGEN,Passat,2020,Sedan,Yes,Petrol,1.8,439300,4,Automatic,Front,4-5,Left wheel,Red,12,1725.0,-19162.794458275835
45771217,1850,MERCEDES-BENZ,E 350,2020,Sedan,Yes,Diesel,3.5,644179,6,Automatic,4x4,4-5,Left wheel,Black,12,4547.0,777.0214612720083
45771222,900,HONDA,Accord,2013,Sedan,Yes,Petrol,2.4,564400,4,Automatic,Front,4-5,Left wheel,Black,12,8781.0,15276.020194555273
45771225,1058,MERCEDES-BENZ,E 350,2018,Sedan,Yes,Diesel,3.5,693700,6,Automatic,Rear,4-5,Left wheel,Black,12,4861.0,-3283.2775362386674
45771272,345,TOYOTA,Prius,2012,Sedan,Yes,Hybrid,1.5,492200,4,Automatic,Front,4-5,Left wheel,Black,12,12544.0,12963.765867285543
45771345,645,TOYOTA,Prius,2022,Sedan,Yes,Hybrid,1.8,680791,4,Automatic,Front,4-5,Left wheel,Grey,12,470.0,-4455.31125189265
45771354,0,TOYOTA,Prius C,2007,Hatchback,No,Hybrid,1.5,348808,4,Variator,Front,4-5,Left wheel,Black,8,15994.0,22106.209917659744
45771375,862,FORD,Escape,2019,Jeep,Yes,Hybrid,2.5,203018,4,Automatic,4x4,4-5,Left wheel,White,0,3607.0,18400.34543011907
45771377,1399,MERCEDES-BENZ,E 350,2022,Sedan,Yes,Petrol,3.5,648384,6,Automatic,4x4,4-5,Left wheel,Black,12,470.0,-13356.602807484342
45771409,761,TOYOTA,Prius,2022,Jeep,Yes,Hybrid,1.8,706400,4,Automatic,Front,4-5,Left wheel,Blue,12,706.0,14553.230021160578
45771414,0,VOLKSWAGEN,Jetta,2000,Sedan,Yes,Petrol,2.8,0,6,Manual,Front,4-5,Left wheel,Black,2,4234.0,49507.74759315908
45771453,1017,MERCEDES-BENZ,E 300,2021,Sedan,Yes,Petrol,2,136122,4,Automatic,Rear,4-5,Left wheel,Black,12,314.0,22925.028073821064
45771489,1811,LEXUS,GX 460,2008,Jeep,Yes,Petrol,4.6,402300,8,Automatic,4x4,4-5,Left wheel,Silver,0,15681.0,22743.899911080833
45771563,1297,BUICK,Century,2018,Sedan,Yes,Petrol,3.9,226911,6,Automatic,Front,4-5,Left wheel,Silver,12,314.0,74330.22560278655
45771576,1714,TOYOTA,Sienna,2021,Sedan,Yes,Petrol,3.5,576254,6,Automatic,Front,4-5,Left wheel,Grey,12,941.0,-2754.722880503359
45771607,0,TOYOTA,Aqua,2014,Hatchback,No,Hybrid,1.5,166023,4,Automatic,Front,4-5,Right-hand drive,White,8,14426.0,23909.236970184385
45771669,473,CHEVROLET,Cruze L T,2004,Sedan,No,Petrol,1.4,334000,4,Tiptronic,Front,4-5,Left wheel,Black,12,18189.0,-5743.248574491467
45771690,0,MERCEDES-BENZ,CLS 550,2012,Coupe,Yes,Petrol,4.7 T,178000,8,Tiptronic,Rear,4-5,Left wheel,Black,12,50178.0,34346.85513686565
45771752,0,TOYOTA,Prius,2022,Hatchback,No,Hybrid,1.5,621000,4,Variator,Front,4-5,Left wheel,White,4,40.0,-4466.20708137783
45771831,1172,MERCEDES-BENZ,E 350,2010,Coupe,Yes,Diesel,3.5,456200,6,Automatic,Rear,2-3,Left wheel,Silver,12,15994.0,34362.03121012123
45771864,1172,MERCEDES-BENZ,E 350,2022,Sedan,Yes,Diesel,3.5,714400,6,Automatic,Rear,4-5,Left wheel,Silver,12,314.0,-8239.894486653888
45771877,645,TOYOTA,Prius,2019,Jeep,Yes,Hybrid,1.8,648100,4,Automatic,Front,4-5,Left wheel,Grey,12,5018.0,-2209.3373006950787
45771899,1172,MERCEDES-BENZ,E 350,2009,Sedan,Yes,Diesel,3.5,415300,6,Automatic,4x4,4-5,Left wheel,Silver,12,16621.0,24705.63295241571
45771909,629,FORD,Fiesta,2021,Sedan,Yes,Petrol,1.6,608500,4,Automatic,Front,4-5,Left wheel,Blue,12,470.0,16714.422373256686
45771914,645,TOYOTA,Prius,2022,Sedan,Yes,Hybrid,1.8,686800,4,Automatic,Front,4-5,Left wheel,Grey,12,470.0,-4759.355179592603
45771915,1058,MERCEDES-BENZ,E 350,2020,Sedan,Yes,Diesel,3.5,726511,6,Automatic,4x4,4-5,Left wheel,Black,12,627.0,5443.383070173326
45771962,0,BMW,320,2012,Coupe,No,Diesel,2.0 T,512800,4,Manual,Rear,2-3,Left wheel,Blue,4,10663.0,57789.68307517463
45771995,640,FORD,Fusion,2020,Sedan,Yes,Hybrid,2,665500,4,Automatic,Front,4-5,Left wheel,White,0,157.0,-2768.5392426284925
45772001,1080,CHEVROLET,Traverse,2021,Jeep,Yes,Petrol,3.6,615600,6,Automatic,Front,4-5,Left wheel,Silver,12,3920.0,-8116.658409065902
45772002,1399,MERCEDES-BENZ,E 350,2022,Sedan,Yes,Petrol,3.5,623200,6,Automatic,4x4,4-5,Left wheel,White,12,1646.0,-17227.834500880912
45772021,481,FORD,Fusion,2022,Sedan,Yes,Hybrid,2,556187,4,Automatic,Front,4-5,Left wheel,White,0,392.0,3545.6477911942657
45772104,2386,HYUNDAI,Sonata,2022,Sedan,Yes,Petrol,3.3,623200,6,Automatic,Rear,4-5,Left wheel,Blue,12,549.0,-9051.722626258936
45772116,1935,TOYOTA,Tundra,2021,Jeep,Yes,Petrol,4.6,747500,8,Automatic,4x4,4-5,Left wheel,White,12,941.0,-6089.578434617604
45772147,753,HYUNDAI,Sonata,2022,Sedan,Yes,Hybrid,2.4,657800,4,Automatic,Front,4-5,Left wheel,Silver,0,251.0,-127.2224684292014
45772149,753,HYUNDAI,Sonata,2020,Sedan,Yes,Hybrid,2.4,661400,4,Automatic,Front,4-5,Left wheel,Black,0,4234.0,1338.5849837338756
45772157,1659,TOYOTA,Tundra,2022,Jeep,Yes,Petrol,5.7,680500,8,Automatic,4x4,4-5,Left wheel,Black,12,188.0,14779.88549305409
45772161,431,HYUNDAI,Sonata,2019,Sedan,Yes,Hybrid,2,634200,4,Automatic,Front,4-5,Left wheel,Black,0,5018.0,6549.902773735315
45772170,441,HYUNDAI,Sonata,2022,Sedan,Yes,Hybrid,2.4,619800,4,Automatic,Front,4-5,Left wheel,Black,0,94.0,5932.844648491344
45772240,0,OPEL,Astra,2014,Goods wagon,No,Petrol,1.6,460500,4,Manual,Front,4-5,Left wheel,Black,8,6272.0,72639.8890885877
45772347,1172,MERCEDES-BENZ,E 350,2010,Coupe,Yes,Diesel,3.5,390000,6,Automatic,Rear,2-3,Left wheel,Silver,12,15994.0,37711.62482199292
45772360,2151,LEXUS,GX 470,1996,Jeep,Yes,Petrol,4.7,153500,8,Automatic,4x4,4-5,Left wheel,Black,0,30734.0,34124.59518570523
45772395,831,HYUNDAI,Elantra,2020,Sedan,Yes,Petrol,1.6,528900,4,Automatic,Front,4-5,Left wheel,Black,12,1019.0,-6150.521405098225
45772396,2455,LEXUS,GX 470,2022,Jeep,Yes,Petrol,4.7,686100,8,Automatic,4x4,4-5,Left wheel,Black,0,282.0,-9083.746860743093
45772397,1017,HYUNDAI,Elantra,2018,Sedan,Yes,Petrol,2,489000,4,Automatic,Front,4-5,Left wheel,White,12,4547.0,23717.8744186989
45772428,1172,MERCEDES-BENZ,E 350,2009,Sedan,Yes,Diesel,3.5,443000,6,Automatic,4x4,4-5,Left wheel,Silver,12,16621.0,23304.065836874237
45772435,0,OPEL,Astra,2021,Universal,No,CNG,1.6,568300,4,Manual,Front,4-5,Left wheel,Blue,2,3000.0,18843.41080643063
45772506,0,MERCEDES-BENZ,CLK 320 AMG,2008,Coupe,Yes,Petrol,3.2,429800,6,Tiptronic,Rear,2-3,Left wheel,Black,10,14740.0,39604.382657132846
45772511,1750,TOYOTA,Highlander,2022,Sedan,Yes,Hybrid,3.3,566600,6,Automatic,4x4,4-5,Left wheel,Grey,12,627.0,-2775.2280180802663
45772575,1017,MERCEDES-BENZ,E 300,2001,Sedan,Yes,Petrol,2,299500,4,Automatic,Rear,4-5,Left wheel,Black,12,22580.0,24558.15174293921
45772582,1017,MERCEDES-BENZ,E 300,2022,Sedan,Yes,Petrol,2,591100,4,Automatic,Rear,4-5,Left wheel,Black,12,392.0,-590.9770159516702
45772590,1017,MERCEDES-BENZ,E 300,2022,Sedan,Yes,Petrol,2,552300,4,Automatic,Rear,4-5,Left wheel,Black,12,314.0,1372.2289076226662
45772591,0,TOYOTA,Camry,2004,Sedan,No,Hybrid,2.4,420898,4,Automatic,Front,4-5,Left wheel,Silver,4,16621.0,24212.9311183307
45772619,1058,TOYOTA,Highlander,2002,Jeep,Yes,Petrol,3.5,335900,6,Automatic,4x4,4-5,Left wheel,Black,12,23521.0,26108.95556330386
45772623,1058,TOYOTA,Highlander,2017,Jeep,Yes,Petrol,3.5,394400,6,Automatic,Front,4-5,Left wheel,Grey,12,9565.0,18068.42553806692
45772683,1935,LEXUS,GX 460,2016,Jeep,Yes,Petrol,4.6,155976,8,Automatic,4x4,4-5,Left wheel,White,0,81539.0,25377.20156532341
45772722,1363,LEXUS,GX 460,2022,Jeep,Yes,Petrol,4.6,568500,8,Automatic,4x4,4-5,Left wheel,Grey,0,157.0,13273.42290634628
45772748,1493,MERCEDES-BENZ,E 350,2022,Sedan,Yes,Diesel,3.5,663600,6,Automatic,Rear,4-5,Left wheel,Grey,12,1568.0,-8376.481659773632
45772768,1053,MERCEDES-BENZ,E 350,1995,Sedan,Yes,Diesel,3.5,59400,6,Automatic,4x4,4-5,Left wheel,Black,12,30734.0,51628.35807990114
45772841,919,MERCEDES-BENZ,E 350,2013,Sedan,Yes,Diesel,3,525900,6,Automatic,Rear,4-5,Left wheel,Black,12,9565.0,2919.770993088452
45772846,0,LEXUS,IS 250,1998,Sedan,Yes,Petrol,2.5,264200,6,Tiptronic,Rear,4-5,Left wheel,Black,12,26030.0,36307.11433329406
45772852,2410,MERCEDES-BENZ,E 350,2022,Sedan,Yes,Petrol,6.2,669738,8,Automatic,Rear,4-5,Left wheel,White,12,314.0,3254.8490348644464
45772853,1017,KIA,Avella,2017,Sedan,Yes,Petrol,2,0,4,Automatic,Front,4-5,Left wheel,Blue,12,4547.0,65821.36781554668
45772862,0,MERCEDES-BENZ,C 300,2015,Sedan,Yes,Petrol,2.0 T,83000,6,Tiptronic,Rear,4-5,Left wheel,Black,12,64917.0,33504.74477293124
45772865,0,FORD,Transit,2015,Microbus,No,Diesel,2.5,540400,4,Manual,Rear,4-5,Left wheel,White,2,9408.0,-13961.187319472225
45772870,0,VOLKSWAGEN,Passat,2020,Goods wagon,No,Petrol,1.8 T,539800,4,Manual,Front,4-5,Left wheel,Blue,0,5018.0,67050.46576645075
45772886,1528,TOYOTA,RAV 4,2022,Jeep,Yes,Petrol,2.4,705600,4,Automatic,4x4,4-5,Left wheel,Blue,12,314.0,8505.45883635534
45772889,1053,MERCEDES-BENZ,E 350,2022,Sedan,Yes,Diesel,3.5,690800,6,Automatic,4x4,4-5,Left wheel,Silver,12,314.0,5658.089773379876
45772938,1017,MERCEDES-BENZ,E 300,2022,Sedan,Yes,Petrol,2,682800,4,Automatic,Rear,4-5,Left wheel,Black,12,314.0,-5230.821943574549
45772981,891,MERCEDES-BENZ,GLA 250,2018,Jeep,Yes,Petrol,2,579600,4,Automatic,Front,4-5,Left wheel,White,0,8311.0,1280.0951642756736
45772997,690,TOYOTA,Yaris,2022,Hatchback,Yes,Petrol,1.5,628200,4,Automatic,Front,4-5,Left wheel,Silver,12,1098.0,-11134.04008444376
45773043,584,VOLKSWAGEN,Jetta,2008,Sedan,Yes,Petrol,1.8 T,342700,4,Tiptronic,Front,4-5,Left wheel,White,4,17249.0,9695.904133191092
45773126,2472,JAGUAR,S-type,2003,Sedan,Yes,Petrol,3,0,6,Automatic,Rear,4-5,Left wheel,Blue,12,314.0,35923.8809923057
45773141,900,JEEP,Compass,2020,Jeep,Yes,Petrol,2.4,710000,4,Automatic,Front,4-5,Left wheel,Black,12,941.0,-5362.09023712745
45773143,934,SUBARU,Forester,2009,Jeep,Yes,Petrol,2.5,507300,4,Automatic,4x4,4-5,Left wheel,Red,0,12858.0,3324.8603332506464
45773166,1760,JEEP,Grand Cherokee,2022,Jeep,Yes,Petrol,3.6,619900,6,Automatic,Front,4-5,Left wheel,Brown,12,1490.0,-7054.935112423438
45773171,749,HONDA,Cr-v,1991,Jeep,Yes,Petrol,2.4,27500,4,Tiptronic,4x4,4-5,Left wheel,White,10,39201.0,42358.44171776713
45773181,934,SUBARU,Forester,2022,Jeep,Yes,Petrol,2.5,643200,4,Automatic,4x4,4-5,Left wheel,Black,0,470.0,-2051.725485933159
45773189,1553,CHEVROLET,Avalanche,2020,Sedan,Yes,Petrol,5.3,597500,8,Automatic,Front,4-5,Left wheel,Black,12,5488.0,11301.134177197287
45773227,0,HYUNDAI,Elantra,2007,Sedan,No,Petrol,1.8,323800,4,Automatic,Front,4-5,Left wheel,Grey,10,17876.0,27256.726921943577
45773243,749,CHEVROLET,Equinox,1998,Jeep,No,Petrol,2.4,63738,4,Tiptronic,Front,4-5,Left wheel,White,12,26657.0,42335.48539111682
45773248,475,CHEVROLET,Volt,2018,Hatchback,Yes,Hybrid,1.4,626900,4,Automatic,Front,4-5,Left wheel,Blue,0,4547.0,17593.328572151226
45773270,1341,TOYOTA,Corolla,2021,Sedan,Yes,Petrol,1.8,610800,4,Automatic,Front,4-5,Left wheel,Silver,12,627.0,-5316.646385193955
45773457,0,BMW,320,2018,Coupe,No,Petrol,2,582000,6,Manual,Rear,2-3,Left wheel,Blue,2,6586.0,38824.799964987
45773504,382,CHEVROLET,Volt,2004,Hatchback,Yes,Hybrid,1.5,358600,4,Automatic,Front,4-5,Left wheel,Blue,0,26030.0,57595.664480585416
45773506,0,SUZUKI,Swift,2021,Sedan,No,Petrol,1.3,696500,4,Manual,Front,4-5,Right-hand drive,Grey,2,800.0,-6017.556973276503
45773513,382,CHEVROLET,Volt,2022,Hatchback,Yes,Hybrid,1.5,641000,4,Automatic,Front,4-5,Left wheel,Grey,0,188.0,11905.996559914809
45773524,394,TOYOTA,Camry,2022,Sedan,Yes,Hybrid,2.5,184680,4,Automatic,Front,4-5,Left wheel,Green,12,2274.0,22438.92848787454
45773555,528,FORD,Fiesta,2011,Sedan,Yes,Petrol,1.6,478000,4,Automatic,Front,4-5,Left wheel,Grey,0,12544.0,7632.459759552938
45773559,1301,BMW,550,1998,Sedan,Yes,Petrol,4.4,274400,8,Automatic,Rear,4-5,Left wheel,Black,0,26657.0,5713.724946179875
45773561,0,VOLKSWAGEN,Jetta,2007,Sedan,Yes,Hybrid,1.4 T,403300,4,Automatic,Front,4-5,Left wheel,Black,7,17249.0,8732.721134350308
45773576,781,TOYOTA,Camry,2017,Jeep,Yes,Hybrid,2.5,569400,4,Automatic,Front,4-5,Left wheel,Blue,12,188.0,25834.426445965477
45773581,0,OPEL,Vectra,2021,Sedan,No,Petrol,2,638856,4,Manual,Front,4-5,Left wheel,Green,2,3136.0,12773.847078088867
45773674,779,TOYOTA,RAV 4,2011,Jeep,Yes,Petrol,2.5,428400,4,Automatic,Front,4-5,Left wheel,Grey,12,11917.0,13894.714201851682
45773675,1624,MERCEDES-BENZ,E 350,2021,Sedan,Yes,Diesel,3.5,635400,6,Automatic,4x4,4-5,Left wheel,Black,12,1411.0,3246.5357014590154
45773678,394,TOYOTA,Camry,2014,Sedan,Yes,Hybrid,2.5,0,4,Automatic,Front,4-5,Left wheel,Black,12,5959.0,38633.000655194446
45773692,779,TOYOTA,Camry,2022,Jeep,Yes,Hybrid,2.5,663900,4,Automatic,Front,4-5,Left wheel,Black,12,392.0,-4105.488590357258
45773702,1172,MERCEDES-BENZ,E 350,2022,Sedan,Yes,Diesel,3.5,624800,6,Automatic,4x4,4-5,Left wheel,Black,12,627.0,8328.48959345535
45773713,1058,MERCEDES-BENZ,E 350,2018,Sedan,Yes,Diesel,3.5,591100,6,Automatic,Rear,4-5,Left wheel,Black,12,4861.0,1908.0865812542688
45773738,1053,MERCEDES-BENZ,E 350,1991,Sedan,Yes,Diesel,3.5,161300,6,Automatic,4x4,4-5,Left wheel,Black,12,30734.0,48452.360335995916
45773751,1055,TOYOTA,Highlander,2018,Jeep,Yes,Petrol,3.5,588700,6,Automatic,4x4,4-5,Left wheel,Black,12,4861.0,5431.422682259074
45773759,0,HONDA,Elysion,2008,Minivan,No,LPG,2.4,452200,4,Automatic,Front,4-5,Right-hand drive,Black,6,13485.0,19700.211094393962
45773767,521,CHEVROLET,Volt,2006,Sedan,Yes,Plug-in Hybrid,1.4,307900,4,Automatic,Front,4-5,Left wheel,Black,6,19444.0,16420.258806769598
45773833,880,KIA,RIO,2021,Jeep,Yes,Petrol,1.6,615800,4,Automatic,Front,4-5,Left wheel,Black,12,1646.0,143.7600420192539
45773842,1053,MERCEDES-BENZ,E 350,2017,Sedan,Yes,Petrol,3.5,693800,6,Automatic,Rear,4-5,Left wheel,Grey,12,1882.0,-20483.16430144933
45773847,1018,BMW,X5,2020,Jeep,Yes,Diesel,3,513000,6,Automatic,4x4,4-5,Left wheel,Black,12,3607.0,9731.227669863985
45773902,753,KIA,Optima,2022,Sedan,Yes,Petrol,2.4,638100,4,Automatic,Front,4-5,Left wheel,Grey,12,2587.0,-6216.00811651261
45773920,1273,KIA,Sportage,2008,Sedan,Yes,Petrol,2.4,104441,4,Automatic,4x4,2-3,Left wheel,Silver,12,12074.0,71125.84054056171
45773952,781,TOYOTA,Camry,2013,Sedan,Yes,Hybrid,2.5,531300,4,Automatic,Front,4-5,Left wheel,Black,12,9252.0,7929.486072699205
45773972,639,AUDI,A4,2020,Sedan,Yes,Petrol,2,609100,4,Automatic,Front,4-5,Left wheel,Black,0,706.0,962.0429777129248
45773976,779,TOYOTA,Camry,2022,Jeep,Yes,Hybrid,2.5,645200,4,Automatic,Front,4-5,Left wheel,Black,12,392.0,-3159.304292139728
45773983,980,NISSAN,Sentra,2022,Sedan,Yes,Petrol,1.8,518426,4,Automatic,Front,4-5,Left wheel,Black,12,1490.0,4760.612549029889
45774059,781,TOYOTA,Camry,2022,Jeep,Yes,Hybrid,2.5,578100,4,Automatic,Front,4-5,Left wheel,Blue,12,188.0,22919.288418363034
45774105,1058,MERCEDES-BENZ,E 350,2022,Sedan,Yes,Diesel,3.5,578500,6,Automatic,4x4,4-5,Left wheel,Black,12,627.0,11942.483234601405
45774162,934,NISSAN,Rogue,2022,Jeep,Yes,Petrol,2.5,792200,4,Automatic,4x4,4-5,Left wheel,Black,12,314.0,-10697.644117196585
45774170,1017,MERCEDES-BENZ,E 300,2022,Sedan,Yes,Petrol,2,63575,4,Automatic,Rear,4-5,Left wheel,Black,12,314.0,26100.780840583226
45774201,1399,MERCEDES-BENZ,E 350,2021,Sedan,Yes,Petrol,3.5,715900,6,Automatic,4x4,4-5,Left wheel,White,12,1646.0,-21423.290591813013
45774204,0,MERCEDES-BENZ,ML 350,2012,Jeep,Yes,Diesel,3.0 T,0,6,Tiptronic,4x4,4-5,Left wheel,Silver,12,59586.0,58132.860788668695
45774261,1053,FORD,Explorer,2022,Jeep,Yes,Petrol,3.5,594800,6,Automatic,Front,4-5,Left wheel,Silver,12,627.0,39189.08738383871
45774266,0,SEAT,Ibiza,2022,Hatchback,No,Diesel,1.9 T,676200,4,Manual,Front,2-3,Left wheel,Silver,2,3700.0,36751.42987806733
45774281,562,CHEVROLET,Cruze,2020,Sedan,Yes,Petrol,1.4,687800,4,Automatic,Front,4-5,Left wheel,Red,12,1490.0,-28894.344360946183
45774323,934,MAZDA,1000,2018,Jeep,Yes,Petrol,2.5,680400,4,Automatic,4x4,4-5,Left wheel,Blue,12,2979.0,80525.15398269217
45774328,1327,FORD,Ranger,2022,Pickup,Yes,Petrol,4,78598,6,Automatic,Rear,4-5,Left wheel,White,12,392.0,-8890.805875895618
45774348,751,HYUNDAI,Sonata,2021,Sedan,Yes,Petrol,2.4,291428,4,Automatic,Front,4-5,Left wheel,Blue,12,549.0,41386.46962418166
45774429,0,NISSAN,Tiida,2012,Sedan,No,Petrol,1.5,580400,4,Automatic,Front,4-5,Right-hand drive,White,0,8154.0,-516.7984464923757
45774579,0,MITSUBISHI,Pajero,2014,Jeep,No,Diesel,2.5,536800,6,Automatic,4x4,4-5,Right-hand drive,Black,2,10349.0,4357.447312251696
45774659,779,VOLKSWAGEN,Passat,2006,Sedan,Yes,Petrol,2.5,300900,6,Tiptronic,Front,4-5,Left wheel,White,12,16935.0,19116.250490392864
45774700,0,VOLKSWAGEN,Jetta se,2008,Sedan,Yes,Petrol,1.8 T,359400,4,Tiptronic,Front,4-5,Left wheel,Grey,0,14113.0,23027.457099221345
45775006,0,BMW,M6 Gran cupe,2014,Sedan,Yes,Petrol,0.4 T,100000,8,Automatic,Rear,4-5,Left wheel,Black,12,163077.0,14192.439524618752
45775252,0,CHEVROLET,Cruze,2020,Hatchback,No,Petrol,1.5,500700,4,Automatic,Front,4-5,Right-hand drive,Black,4,7213.0,10901.016634290994
45775284,0,RENAULT,Twingo,2021,Hatchback,No,Petrol,1.2,658100,4,Manual,Front,2-3,Left wheel,Blue,2,3000.0,-5001.425236722887
45775335,697,VOLKSWAGEN,Jetta SE,2008,Sedan,No,Petrol,1.8 T,415800,4,Tiptronic,Front,4-5,Left wheel,Silver,12,15897.0,32698.012396016624
45775377,531,NISSAN,Versa,2014,Sedan,No,Petrol,1.6,381800,4,Automatic,Front,4-5,Left wheel,Black,8,11290.0,6288.190068007772
45775402,0,VOLKSWAGEN,Jetta,2020,Sedan,No,CNG,1.8,756600,4,Manual,Front,4-5,Left wheel,White,1,3000.0,-51280.734897506714
45775406,0,FORD,Transit,2014,Microbus,Yes,Diesel,2.5,590900,4,Manual,Rear,4-5,Left wheel,White,0,7527.0,-11531.56311812641
45775574,0,TOYOTA,Prius C,2009,Hatchback,No,Hybrid,1.5,473810,6,Automatic,Front,4-5,Left wheel,White,6,17249.0,7908.201638015638
45775592,0,OPEL,Astra,2022,Cabriolet,No,Petrol,1.8,407500,4,Manual,Front,2-3,Left wheel,Green,0,4861.0,61946.2013865891
45775708,867,FIAT,Punto,2009,Hatchback,No,Diesel,1.3 T,447000,4,Automatic,Front,2-3,Left wheel,Blue,6,10976.0,-328121.5183808197
45775834,612,CHEVROLET,Cruze,2014,Sedan,Yes,Petrol,1.4,455100,6,Tiptronic,Front,4-5,Left wheel,White,16,12231.0,-13119.734374022602
45775889,1249,TOYOTA,Camry sport,2005,Sedan,Yes,Petrol,2.5,286800,4,Tiptronic,Front,4-5,Left wheel,Black,12,23521.0,13523.517590254265
45775904,0,FORD,Transit,2021,Microbus,No,Diesel,2.5,610900,4,Manual,Rear,2-3,Left wheel,Red,0,3763.0,34325.59803799937
45775907,0,MERCEDES-BENZ,C 180,2013,Sedan,Yes,Petrol,1.8,477400,4,Manual,Rear,4-5,Left wheel,Grey,6,14113.0,10405.034858911407
45775910,642,BMW,528,1993,Sedan,Yes,Petrol,2.0 T,22810,4,Automatic,Rear,4-5,Left wheel,White,6,37633.0,31726.45402330065
45775977,0,FORD,Fiesta,2011,Sedan,No,Petrol,1.6,406300,4,Manual,Front,4-5,Left wheel,White,6,15681.0,5928.691955049666
45776010,0,MERCEDES-BENZ,C 200,2017,Sedan,No,CNG,2,616100,4,Manual,Rear,4-5,Left wheel,Blue,4,5645.0,1670.3536457508635
45776011,0,TOYOTA,Prius,2003,Hatchback,Yes,Petrol,1.8,238600,4,Variator,Front,4-5,Left wheel,Silver,6,21012.0,33049.96291310053
45776012,0,MERCEDES-BENZ,Vito,2016,Minivan,No,CNG,2.3,570000,4,Manual,Front,>5,Left wheel,Silver,5,8000.0,-38631.23717205943
45776029,0,TOYOTA,Aqua,2009,Sedan,No,Hybrid,1.5,110339,4,Automatic,Front,4-5,Left wheel,Orange,8,18817.0,34413.80531089764
45776052,0,OPEL,Vectra,2015,Sedan,No,Petrol,1.8,510600,4,Manual,Front,4-5,Left wheel,Green,4,8467.0,-608.1937566193956
45776055,0,TOYOTA,Prius,2004,Hatchback,Yes,LPG,1.8,375986,4,Variator,Front,4-5,Left wheel,White,10,18503.0,17090.71309768311
45776058,0,OPEL,Zafira,1999,Universal,No,Petrol,1.6,0,4,Manual,Front,4-5,Left wheel,Black,4,6115.0,51324.43905375023
45776065,0,FORD,Fiesta,2009,Hatchback,No,Petrol,1.6,336500,4,Automatic,Front,4-5,Left wheel,Blue,4,19130.0,40085.7081048458
45776106,0,KIA,Optima,2005,Sedan,No,Petrol,2.4,276900,4,Tiptronic,Front,4-5,Left wheel,Brown,6,18817.0,27720.450325256257
45776394,0,NISSAN,Juke,2001,Jeep,No,Petrol,1.6 T,103946,4,Tiptronic,Front,4-5,Left wheel,Black,4,22580.0,42324.68449493079
45776405,0,BMW,320,2012,Sedan,No,Petrol,2.2,472900,6,Tiptronic,Rear,4-5,Right-hand drive,Silver,4,8300.0,2201.029472403967
45776418,0,HONDA,FIT,2012,Hatchback,No,Petrol,1.3,609186,4,Variator,Front,4-5,Right-hand drive,Sky blue,2,6272.0,-1792.0286105134182
45776455,836,DODGE,Caliber,2010,Hatchback,No,Petrol,2,508000,4,Variator,Front,4-5,Left wheel,Silver,8,13172.0,3058.372059545947
45776500,1266,HONDA,FIT,2013,Hatchback,Yes,Hybrid,1.5,449500,4,Automatic,Front,4-5,Right-hand drive,White,4,13172.0,-1068.8547891752642
45776502,0,OPEL,Astra,2017,Goods wagon,No,CNG,1.8,681168,4,Manual,Front,4-5,Left wheel,Blue,4,7840.0,69965.02797400107
45776507,0,MERCEDES-BENZ,320,2013,Sedan,Yes,Petrol,3.2,510200,4,Automatic,Rear,4-5,Left wheel,Black,6,13485.0,5835.067451113624
45776510,585,TOYOTA,Prius,2010,Hatchback,No,Plug-in Hybrid,1.8,174601,4,Automatic,Front,4-5,Left wheel,Silver,10,10976.0,24048.45541764243
45776511,0,VOLKSWAGEN,Golf TDI,2006,Hatchback,No,Diesel,2,304800,4,Tiptronic,Front,4-5,Left wheel,Black,8,19444.0,358.0972620529428
45776514,0,MERCEDES-BENZ,200,2022,Sedan,No,CNG,2.3,561100,4,Automatic,Rear,4-5,Left wheel,Brown,5,6.0,-26495.494087426443
45776520,0,HYUNDAI,H1 grandstarex,1995,Minivan,No,Diesel,2.5,133500,4,Automatic,Rear,4-5,Left wheel,Silver,4,31361.0,54662.153594870055
45776523,645,TOYOTA,Prius,2008,Hatchback,Yes,Hybrid,1.8,406400,4,Automatic,Front,4-5,Left wheel,Golden,8,16621.0,10084.477874778786
45776524,0,SUBARU,XV,2006,Jeep,No,Petrol,2,338800,4,Variator,4x4,4-5,Left wheel,Black,2,20542.0,23280.593806437748
45776545,0,BMW,X5,1992,Jeep,Yes,Diesel,3,101300,6,Tiptronic,4x4,4-5,Left wheel,Grey,12,37633.0,58210.239625567214
45776565,0,FORD,Cougar,2019,Coupe,Yes,Petrol,2.5,595200,6,Manual,Front,2-3,Left wheel,Silver,6,2300.0,36631.64724930298
45776587,0,NISSAN,March,2004,Hatchback,No,Petrol,1.2,0,4,Automatic,Front,4-5,Right-hand drive,Grey,2,5331.0,37709.10916354666
45776590,0,HONDA,FIT,2015,Hatchback,No,Hybrid,1.3,473900,4,Tiptronic,Front,4-5,Right-hand drive,Silver,4,12231.0,9749.796853834649
45776596,0,MAZDA,Demio mazda2,2018,Hatchback,No,CNG,1.4,564000,4,Manual,Front,4-5,Left wheel,Blue,4,7213.0,31486.07289002856
45776602,503,HONDA,FIT,2010,Sedan,No,Petrol,1.5,490100,4,Automatic,Front,4-5,Left wheel,Silver,5,12231.0,5205.442426314878
45776614,0,NISSAN,X-Terra,2020,Jeep,No,Petrol,3.3,681100,6,Automatic,4x4,4-5,Left wheel,Black,2,3.0,4121.885876072045
45776620,0,HYUNDAI,Sonata,2021,Sedan,Yes,Petrol,2.4,691800,4,Tiptronic,Front,4-5,Left wheel,White,6,3.0,4237.906581599851
45776621,781,TOYOTA,Camry,2004,Sedan,Yes,Petrol,2.5,375400,4,Tiptronic,Front,4-5,Left wheel,White,12,19757.0,17172.71208148045
45776676,0,MERCEDES-BENZ,ML 320,1999,Jeep,Yes,Diesel,3.2 T,270100,8,Tiptronic,4x4,4-5,Left wheel,White,12,26030.0,14344.233397470522
45776700,0,FORD,Transit,2000,Microbus,No,Diesel,2.0 T,0,4,Manual,Front,2-3,Left wheel,White,2,11604.0,85102.49074151294
45776706,0,MITSUBISHI,Pajero,2014,Jeep,Yes,Diesel,2.5 T,542300,4,Manual,4x4,2-3,Left wheel,White,2,9408.0,56748.803562273955
45776713,0,BMW,535,1999,Sedan,Yes,Petrol,3.0 T,258500,6,Tiptronic,4x4,4-5,Left wheel,Blue,8,26657.0,64405.79301645468
45776725,0,MERCEDES-BENZ,C 220,2011,Sedan,No,Diesel,2.2 T,456200,5,Automatic,Rear,4-5,Left wheel,Silver,4,10976.0,2515.0979570598283
45776738,0,BMW,128 M tech,2002,Cabriolet,Yes,Petrol,3,419465,6,Manual,Front,4-5,Left wheel,Black,8,22423.0,-1902.963672217942
45776745,0,NISSAN,Patrol,2004,Jeep,No,Diesel,2.8 T,377700,4,Manual,Rear,4-5,Left wheel,Black,0,18817.0,-37242.28697590829
45776746,753,TOYOTA,Camry,2006,Sedan,Yes,Hybrid,2.4,296200,4,Automatic,Front,4-5,Left wheel,Red,0,20698.0,18470.088065398082
45776755,1236,HONDA,FIT NAVI PREMIUM,2013,Hatchback,No,Hybrid,1.3,622044,4,Tiptronic,Front,4-5,Right-hand drive,Silver,4,8148.0,-16987.59104494023
45776798,0,MERCEDES-BENZ,Vito,1992,Microbus,No,Diesel,2.2 T,0,4,Manual,Front,4-5,Left wheel,White,0,40456.0,59649.65865674673
45776801,0,BMW,320,2012,Sedan,No,Petrol,2.5,573400,6,Tiptronic,Rear,4-5,Left wheel,Blue,6,8781.0,19914.491180578963
45776843,0,HONDA,FIT,2009,Hatchback,Yes,Petrol,1.5,326400,4,Automatic,Front,4-5,Right-hand drive,Grey,8,16935.0,26199.571464812812
45776854,0,MERCEDES-BENZ,E 280,2012,Sedan,Yes,CNG,2.8,480700,6,Automatic,Rear,4-5,Left wheel,Silver,6,10976.0,-38151.78091688533
45776855,0,BMW,X3,2011,Jeep,Yes,Petrol,3,485300,6,Automatic,4x4,4-5,Left wheel,Silver,10,14113.0,18871.95922488754
45776860,697,HYUNDAI,Elantra,2008,Sedan,Yes,Petrol,1.8,548200,6,Tiptronic,Front,4-5,Left wheel,Black,9,14740.0,10891.340231245096
45776880,0,TOYOTA,Prius C,2008,Hatchback,No,Hybrid,1.5,416500,4,Variator,Front,4-5,Left wheel,Silver,0,18189.0,18014.67739778027
45776906,0,VOLKSWAGEN,Jetta,2005,Sedan,Yes,Petrol,2.5,411600,5,Manual,Front,4-5,Left wheel,Silver,12,15681.0,25428.95161415369
45776908,0,SUZUKI,Escudo,2012,Jeep,No,Petrol,1.6,426570,4,Manual,4x4,4-5,Right-hand drive,Grey,2,8467.0,-11692.614951243275
45776956,308,TOYOTA,Prius,2007,Hatchback,No,Hybrid,1.8,388877,4,Automatic,Front,4-5,Left wheel,White,0,18817.0,13035.23569922488
45776994,584,HYUNDAI,Elantra,2006,Sedan,No,Petrol,1.8,486900,4,Automatic,Front,4-5,Left wheel,Blue,0,17249.0,36085.69149250678
45777033,585,HYUNDAI,Elantra,2011,Sedan,Yes,Petrol,1.8,422300,4,Automatic,Front,4-5,Left wheel,Blue,0,15681.0,41236.45083547219
45777042,0,TOYOTA,Camry,2003,Sedan,No,Hybrid,2.5,342400,4,Tiptronic,Rear,4-5,Left wheel,Black,8,25089.0,15736.492519149106
45777071,0,FORD,Transit,2010,Goods wagon,No,Diesel,2.0 T,473700,4,Manual,Front,4-5,Left wheel,White,2,10000.0,13721.82471941898
45777168,761,NISSAN,Versa,2012,Sedan,No,Petrol,1.8,451100,4,Automatic,Front,4-5,Left wheel,Silver,12,9095.0,11665.000775405082
45777224,585,MERCEDES-BENZ,C 250 luxury,2009,Sedan,Yes,Petrol,1.8 T,331500,4,Tiptronic,Rear,4-5,Left wheel,Black,12,18189.0,-4139.765241494475
45777384,0,HONDA,Odyssey,2015,Minivan,No,LPG,2.4,74747,4,Automatic,Front,4-5,Right-hand drive,Silver,6,7840.0,31234.747230975994
45777547,0,SUZUKI,Ignis,2012,Hatchback,No,Petrol,1.3,560100,4,Manual,Front,4-5,Left wheel,Silver,4,7840.0,-9156.75882135707
45777549,0,FORD,Fiesta,2007,Hatchback,No,Petrol,1.6,389739,4,Automatic,Front,4-5,Left wheel,Black,2,13485.0,15797.757615390958
45777575,0,VOLKSWAGEN,Jetta,2018,Sedan,No,Petrol,2,602400,4,Manual,Front,4-5,Left wheel,Silver,8,6899.0,8626.09117469558
45778126,1531,VOLKSWAGEN,Vento,2021,Sedan,No,Petrol,1.8,88934,4,Manual,Front,4-5,Left wheel,Blue,2,4077.0,38896.42617716782
45778228,0,AUDI,A6,2011,Sedan,Yes,Petrol,3.2,382900,6,Tiptronic,4x4,4-5,Left wheel,Silver,8,13485.0,26431.763667530784
45778517,0,TOYOTA,Aqua,2007,Hatchback,No,Hybrid,1.5,507200,4,Variator,Front,4-5,Right-hand drive,Grey,6,17249.0,14273.894255362049
45778526,0,TOYOTA,Aqua,2005,Hatchback,No,Hybrid,1.5,362000,4,Automatic,Front,4-5,Right-hand drive,White,8,16308.0,18448.057274314604
45778634,730,HYUNDAI,Veloster,2013,Coupe,Yes,Petrol,1.6 T,503700,4,Manual,Front,4-5,Left wheel,Red,0,12231.0,-66878.80488594853
45778727,0,BMW,X5,1992,Jeep,Yes,Diesel,3,133973,6,Tiptronic,4x4,4-5,Left wheel,Black,12,43905.0,56342.28622279074
45778944,574,HONDA,Insight,2011,Hatchback,No,Hybrid,1.3,380900,4,Automatic,Front,4-5,Left wheel,Silver,0,12544.0,13712.272008695072
45779032,0,VOLKSWAGEN,Golf,2015,Sedan,Yes,Diesel,1.9 T,98974,4,Manual,Front,4-5,Left wheel,Silver,4,7213.0,13767.685116519715
45779122,0,NISSAN,X-Trail,2010,Jeep,Yes,CNG,2,453600,4,Automatic,4x4,4-5,Right-hand drive,Silver,4,13172.0,-1251.4553569322088
45779138,862,NISSAN,Rogue,2006,Jeep,Yes,Petrol,2.5,410900,4,Automatic,Front,4-5,Left wheel,Red,16,17562.0,11269.838242961672
45779180,0,FORD,Transit,2006,Microbus,No,Diesel,2.4 T,363000,4,Manual,Rear,4-5,Left wheel,Orange,2,19444.0,5972.844918920913
45779323,862,FORD,Fusion,2011,Sedan,Yes,Hybrid,2.5,425200,4,Automatic,Front,4-5,Left wheel,Silver,0,12544.0,14035.119184226507
45779324,640,FORD,Fusion TITANIUM,2004,Sedan,Yes,Petrol,2.0 T,110388,4,Tiptronic,Front,4-5,Left wheel,Silver,0,20665.0,29830.105820947974
45779354,0,LEXUS,CT 200h,2000,Hatchback,Yes,Hybrid,1.8,210900,4,Automatic,Front,4-5,Left wheel,White,12,29793.0,33741.118886705925
45779376,0,BMW,X5,2002,Jeep,No,Petrol,3.0 T,153800,6,Tiptronic,4x4,4-5,Left wheel,Carnelian red,8,28225.0,33272.109376947374
45779415,0,NISSAN,Note,2014,Hatchback,No,Petrol,1.5,429200,4,Variator,Front,4-5,Right-hand drive,Silver,6,8311.0,19813.689437876466
45779422,777,TOYOTA,Camry,2003,Sedan,Yes,Petrol,2.5,276700,4,Automatic,Front,4-5,Left wheel,Red,8,23521.0,17939.69257561393
45779425,944,OPEL,Astra,2017,Universal,No,Diesel,1.7,588300,4,Manual,Front,4-5,Left wheel,Silver,8,7700.0,304320.56511020975
45779504,0,FORD,Fiesta,2011,Hatchback,No,Petrol,1.6,539900,4,Automatic,Front,4-5,Left wheel,Silver,8,12231.0,5197.067945296652
45779688,0,OPEL,Astra,2015,Goods wagon,No,Diesel,1.7 T,512900,4,Manual,Front,4-5,Left wheel,White,2,6899.0,-340470.46697831305
45779722,777,TOYOTA,Camry,2005,Sedan,Yes,Petrol,2.5,363900,4,Tiptronic,Front,4-5,Left wheel,Grey,8,23521.0,22907.729828939147
45779744,0,MERCEDES-BENZ,E 500,2015,Sedan,Yes,CNG,5,503900,8,Tiptronic,Rear,4-5,Left wheel,Blue,10,7840.0,4380.886929503018
45779788,1017,FORD,Focus,2010,Hatchback,No,Petrol,2,505100,4,Automatic,Front,4-5,Left wheel,Red,12,12544.0,-3151.732981201596
45780200,0,TOYOTA,Celica,2017,Coupe,No,Petrol,1.8,520100,4,Automatic,Front,2-3,Right-hand drive,White,4,8467.0,4033.5544261544674
45780214,0,NISSAN,Tiida,2010,Hatchback,Yes,Petrol,1.5,597500,5,Variator,Front,4-5,Right-hand drive,Silver,2,10000.0,5969.505765117441
45780352,0,HYUNDAI,Elantra,2010,Sedan,No,Petrol,1.8,350400,4,Tiptronic,Front,4-5,Left wheel,Grey,6,18189.0,26889.998337031295
45780356,0,TOYOTA,Prius,2006,Hatchback,Yes,Hybrid,1.8,396700,4,Automatic,Front,4-5,Left wheel,Silver,12,20385.0,24695.065347131393
45780478,988,TOYOTA,Prius,2016,Sedan,No,Hybrid,1.5,541800,4,Variator,Front,4-5,Left wheel,White,4,7997.0,-9042.84685283314
45780573,0,TOYOTA,Aqua,2010,Hatchback,No,Hybrid,1.3,472000,4,Variator,Front,4-5,Right-hand drive,White,4,11917.0,5916.2612270093105
45780604,0,FORD,Transit,2011,Goods wagon,No,Diesel,2,477700,4,Manual,Front,2-3,Left wheel,Silver,0,13172.0,83648.52888496785
45780665,0,VOLVO,S80,2020,Sedan,Yes,Petrol,2.4,634800,5,Automatic,Front,4-5,Left wheel,Silver,6,5802.0,10499.828591808706
45781106,697,CHEVROLET,Cruze,2006,Sedan,No,Petrol,1.8,456600,4,Automatic,Front,4-5,Left wheel,Silver,0,17249.0,10530.224311512862
45781231,0,FORD,Transit,2010,Microbus,No,Diesel,2.5 T,577843,4,Manual,Rear,4-5,Left wheel,White,2,9408.0,-18464.851234891015
45781242,0,HONDA,FIT RS MODELI,2010,Hatchback,No,Petrol,1.5,462900,4,Tiptronic,Front,4-5,Right-hand drive,Black,5,14426.0,10170.331912194939
45781326,584,MERCEDES-BENZ,C 250,2010,Sedan,Yes,Petrol,1.8 T,383000,4,Tiptronic,Rear,4-5,Left wheel,Blue,12,14113.0,39899.471599809585
45781359,781,TOYOTA,RAV 4,2009,Jeep,No,Petrol,2.5,301000,4,Automatic,4x4,4-5,Left wheel,Black,12,21639.0,14596.109995931103
45781361,891,HYUNDAI,Elantra,2001,Sedan,No,Petrol,2,328900,4,Tiptronic,Front,4-5,Left wheel,Black,12,25716.0,44636.692621018665
45781372,0,SUBARU,Legacy,2014,Universal,No,CNG,2,546500,4,Automatic,4x4,4-5,Right-hand drive,Silver,2,6899.0,-10710.667206763857
45781407,0,MERCEDES-BENZ,E 240,2017,Sedan,Yes,LPG,2.6,516600,6,Automatic,Rear,4-5,Left wheel,Green,7,8154.0,12088.41810712311
45781494,0,FIAT,500 Abarth,2009,Hatchback,Yes,Petrol,1.4 T,408300,4,Manual,Front,2-3,Left wheel,White,4,14113.0,29137.70884620694
45781498,1246,FORD,Escape,2013,Jeep,No,Hybrid,2.3,513600,4,Automatic,Front,4-5,Left wheel,Black,6,11604.0,9760.867983747545
45781534,0,VOLKSWAGEN,CC,2011,Sedan,Yes,Petrol,2.0 T,336800,4,Manual,Front,4-5,Left wheel,Carnelian red,8,14426.0,10597.823547148135
45781633,0,FORD,Transit,2008,Microbus,No,Diesel,2.0 T,356300,4,Manual,Front,4-5,Left wheel,White,2,16308.0,5623.224245912834
45781677,0,MITSUBISHI,Pajero,2016,Jeep,No,CNG,3,593500,6,Manual,4x4,2-3,Left wheel,Grey,0,7527.0,12293.692615588803
45781678,988,TOYOTA,Prius,2010,Hatchback,Yes,Hybrid,1.5,483500,4,Automatic,Front,4-5,Left wheel,Blue,0,12544.0,31194.887706018922
45781683,1529,OPEL,Vectra,2020,Sedan,No,CNG,1.8,729500,4,Manual,Front,4-5,Left wheel,Green,4,2600.0,-55543.10141525828
45781694,0,PEUGEOT,508,2002,Sedan,Yes,Petrol,1.6 T,233600,4,Automatic,Front,4-5,Left wheel,White,4,21326.0,9271.86535757807
45781707,746,RENAULT,Scenic,2011,Minivan,No,Diesel,1.5 T,523419,4,Manual,Front,4-5,Left wheel,Golden,12,12544.0,-2294.1915918119157
45781770,0,HYUNDAI,Santa FE,2009,Jeep,Yes,LPG,2.7,508400,6,Tiptronic,4x4,4-5,Left wheel,Brown,4,10349.0,2903.90787975234
45781772,0,OPEL,Tigra,2020,Coupe,No,Petrol,1.6,560800,4,Manual,Front,2-3,Left wheel,Black,2,3500.0,12804.864704883075
45781773,1325,TOYOTA,Camry,2005,Sedan,No,Petrol,2.5,356000,6,Tiptronic,Front,4-5,Left wheel,Brown,10,23521.0,10158.700577279487
45781776,0,TOYOTA,Yaris RS,2001,Hatchback,Yes,Petrol,1.5,297200,4,Tiptronic,Front,4-5,Left wheel,Blue,12,26030.0,47956.44340682237
45781786,0,VOLVO,S70,1998,Sedan,No,Petrol,2.4,0,5,Automatic,Front,4-5,Left wheel,Red,4,4500.0,41986.093677207915
45781789,891,VOLKSWAGEN,Golf GTI,2017,Hatchback,No,Petrol,2,624100,4,Tiptronic,Front,4-5,Left wheel,Black,8,7527.0,5338.670809535119
45781790,0,OPEL,Astra,2019,Sedan,No,Petrol,1.6,571800,4,Manual,Front,4-5,Left wheel,Carnelian red,5,5331.0,16327.180466811988
45781802,0,TOYOTA,4Runner,2018,Jeep,No,Petrol,2.7,581500,4,Automatic,4x4,4-5,Right-hand drive,Silver,4,10349.0,17008.437442815703
45781803,1832,MERCEDES-BENZ,Sprinter,2010,Microbus,No,Diesel,2.2 T,555300,4,Tiptronic,Rear,4-5,Left wheel,Red,1,15681.0,-29203.756164808874
45781829,0,MITSUBISHI,Pajero,2014,Jeep,No,CNG,2.4,555730,6,Automatic,4x4,2-3,Left wheel,Blue,2,9408.0,42363.49817297424
45781830,0,OPEL,Astra,2015,Hatchback,No,Petrol,1.6,227895,4,Manual,Front,4-5,Left wheel,Black,4,8500.0,38315.65179256411
45781831,0,BMW,528,2013,Sedan,Yes,Petrol,2.8,586200,6,Manual,Rear,4-5,Left wheel,Black,0,7000.0,9487.841706720574
45781854,562,FIAT,500 46 ml,2013,Coupe,Yes,Petrol,1.4,420000,4,Tiptronic,Front,2-3,Left wheel,White,8,11917.0,8666.899736801952
45781871,0,VOLKSWAGEN,Jetta,2008,Sedan,Yes,LPG,2.5,372300,5,Tiptronic,Front,4-5,Left wheel,Black,8,16308.0,26399.027452646515
45781880,0,MERCEDES-BENZ,E 350,2014,Sedan,Yes,Petrol,3.5,117700,6,Tiptronic,4x4,4-5,Left wheel,Black,8,48610.0,35520.36062857785
45781892,0,MITSUBISHI,Eclipse,2015,Cabriolet,No,Petrol,2.4,634700,4,Automatic,Front,2-3,Left wheel,Black,0,4704.0,-20478.144957850578
45781900,0,HYUNDAI,H1,2006,Minivan,Yes,Diesel,2.5 T,305500,4,Automatic,Rear,4-5,Left wheel,Yellow,2,22000.0,15788.842966605282
45781909,0,BMW,328,2013,Sedan,No,LPG,2.8,197932,6,Manual,Rear,4-5,Left wheel,Black,6,7527.0,14795.905710268406
45781922,518,TOYOTA,Camry,1997,Sedan,No,Hybrid,2.5,0,5,Automatic,Front,4-5,Left wheel,Blue,12,36065.0,62413.24204720005
45781979,639,BMW,428 i,1993,Coupe,Yes,Petrol,2.0 T,80000,4,Tiptronic,Rear,2-3,Left wheel,Black,12,40456.0,53359.76097941739
45781980,843,TOYOTA,Prius,2010,Sedan,No,Hybrid,1.5,549700,4,Automatic,Front,4-5,Left wheel,Black,0,10036.0,1852.3484765842077
45781992,738,CHEVROLET,Cruze,2001,Sedan,Yes,Petrol,1.4 T,193438,4,Automatic,Front,4-5,Left wheel,Black,0,24462.0,31808.439600059017
45782005,986,SUZUKI,Kizashi,2011,Sedan,No,Petrol,2.4,115559,4,Tiptronic,4x4,4-5,Left wheel,Sky blue,12,7840.0,17413.454919040705
45782088,585,LEXUS,CT 200h,2007,Hatchback,Yes,Hybrid,1.8 T,338900,4,Tiptronic,Front,4-5,Left wheel,White,12,17876.0,28237.57025075324
45782093,0,AUDI,A4 S4,2013,Sedan,Yes,Petrol,2.0 T,480100,4,Tiptronic,4x4,4-5,Left wheel,Grey,8,10976.0,23877.240171689744
45782095,1172,BMW,X5,2005,Jeep,Yes,Petrol,3.5 T,353400,4,Tiptronic,4x4,4-5,Left wheel,Black,12,20071.0,30981.954334197388
45782173,0,AUDI,50,2021,Coupe,Yes,Petrol,0.5,696300,1,Tiptronic,Rear,>5,Right-hand drive,Blue,0,1300.0,-20530.82642149084
45782192,862,TOYOTA,RAV 4,2000,Jeep,No,Petrol,2.5,386300,4,Automatic,Front,4-5,Left wheel,Black,12,23521.0,15961.181863148018
45782203,0,MERCEDES-BENZ,GLK 350,2003,Jeep,Yes,Petrol,3.5,368400,6,Tiptronic,Rear,4-5,Left wheel,Black,8,22580.0,30385.149643480217
45782216,640,FORD,C-MAX,2003,Hatchback,No,Hybrid,2,137314,4,Automatic,Front,4-5,Left wheel,White,6,21326.0,23416.497238333075
45782218,0,MERCEDES-BENZ,E 240,2013,Sedan,No,Petrol,2.4,551800,6,Manual,Rear,4-5,Left wheel,Silver,5,8000.0,-2008.3517070217058
45782220,1267,TOYOTA,Aqua,2013,Hatchback,No,Hybrid,1.5,109411,4,Variator,Front,4-5,Right-hand drive,Black,4,10976.0,17208.910988805488
45782230,0,TOYOTA,Prius,2010,Hatchback,No,Hybrid,1.5,445400,4,Variator,Front,4-5,Left wheel,Silver,8,11469.0,14602.904536404518
45782231,0,BMW,330,2003,Sedan,No,Petrol,3,0,6,Manual,Rear,4-5,Left wheel,Grey,8,11917.0,10306.322933970434
45782276,0,HYUNDAI,Getz,2008,Hatchback,No,Petrol,1.4,0,4,Manual,Front,4-5,Left wheel,Blue,2,4704.0,49729.44448957015
45782280,475,CHEVROLET,Cruze,2007,Sedan,Yes,Petrol,1.4 T,421500,4,Tiptronic,Front,4-5,Left wheel,Red,12,15367.0,13788.494792670725
45782321,562,VOLKSWAGEN,Jetta,2006,Sedan,No,Petrol,1.4 T,313200,4,Tiptronic,Front,4-5,Left wheel,Black,6,18817.0,5257.502156371482
45782406,271,TOYOTA,Prius C,2006,Hatchback,No,Hybrid,1.5,395500,4,Variator,Front,4-5,Left wheel,White,12,17249.0,11827.78294922481
45782430,0,TOYOTA,Camry,2005,Sedan,No,Hybrid,2.4,437400,4,Automatic,Front,4-5,Left wheel,Silver,8,21012.0,22639.71094868007
45782470,0,HONDA,FIT,2016,Sedan,No,Petrol,1.5,520100,4,Tiptronic,Front,4-5,Right-hand drive,Grey,5,8154.0,10432.950075642148
45782535,0,FIAT,Cinquecento,2019,Hatchback,No,Petrol,1.1,731400,4,Manual,Front,2-3,Left wheel,Black,2,2600.0,40543.38238793343
45782587,0,MITSUBISHI,Outlander,2022,Jeep,No,CNG,2.4,614500,4,Tiptronic,Front,4-5,Left wheel,White,4,6272.0,-19867.518681817644
45782597,640,FORD,Fusion,2010,Sedan,Yes,Hybrid,2,585991,4,Automatic,Front,4-5,Left wheel,Beige,10,12074.0,10540.805089511901
45782659,0,MERCEDES-BENZ,CLK 200,2000,Coupe,Yes,Petrol,2.0 T,0,6,Manual,Rear,2-3,Left wheel,Black,6,5959.0,41606.49035932782
45782741,1185,FORD,Escape,2008,Jeep,No,Hybrid,2.5,407700,4,Automatic,Front,4-5,Left wheel,White,7,15681.0,7222.240696024048
45782789,779,TOYOTA,Camry,2003,Sedan,Yes,Petrol,2.5,199000,4,Automatic,Front,4-5,Left wheel,Black,10,24462.0,29661.753693542574
45782917,0,MERCEDES-BENZ,Vito,2011,Minivan,No,Diesel,2.2 T,575100,4,Manual,Front,4-5,Left wheel,Yellow,2,10036.0,3384.176782725559
45783199,0,KIA,Optima,1999,Sedan,No,Petrol,2.4,246000,4,Automatic,Front,4-5,Left wheel,Black,10,26657.0,28944.14783419536
45783587,474,FIAT,500,2011,Coupe,Yes,Petrol,1.4,608200,4,Tiptronic,Front,2-3,Left wheel,Blue,8,11917.0,51386.88874161716
45783701,0,SUBARU,Forester,1999,Jeep,Yes,Petrol,2.5,187416,6,Tiptronic,4x4,4-5,Left wheel,Silver,12,23521.0,40465.086066720294
45783822,0,MERCEDES-BENZ,E 280,2015,Sedan,Yes,CNG,2.8,585300,6,Automatic,4x4,4-5,Left wheel,Black,6,7840.0,-32894.50685532411
45783942,0,LAND ROVER,Freelander,2019,Jeep,No,Petrol,1.8,604900,4,Manual,4x4,2-3,Right-hand drive,Carnelian red,4,5331.0,39790.35341404679
45783952,0,NISSAN,Serena,2014,Minivan,No,Petrol,2,486400,4,Automatic,Front,4-5,Right-hand drive,Brown,2,9722.0,16228.08425624099
45784205,353,TOYOTA,Prius,2007,Hatchback,No,Hybrid,1.8,322800,4,Variator,Front,4-5,Left wheel,Blue,12,17249.0,41679.00958030466
45784214,0,OPEL,Astra,1996,Sedan,No,LPG,2,0,4,Manual,Front,4-5,Left wheel,Green,2,2700.0,86244.64566167015
45784217,397,TOYOTA,Prius,1996,Hatchback,Yes,Hybrid,1.8,66500,4,Automatic,Front,4-5,Left wheel,White,8,31361.0,37680.926884914166
45784221,0,VOLKSWAGEN,Golf 3,2019,Hatchback,No,Petrol,1.6,707600,4,Manual,Front,4-5,Right-hand drive,Black,2,2500.0,90881.17900408072
45784334,0,TOYOTA,Camry,2001,Sedan,No,Hybrid,2.4,429200,4,Automatic,Front,4-5,Left wheel,Black,0,17876.0,26179.076822529205
45784461,0,HYUNDAI,Elantra,2004,Sedan,No,Petrol,1.8,467880,4,Tiptronic,Front,4-5,Left wheel,Blue,8,16621.0,46285.02679926796
45784716,0,TOYOTA,Camry sel,2010,Sedan,Yes,Hybrid,2.4,411600,4,Tiptronic,Front,4-5,Left wheel,Silver,10,15994.0,37284.877189405146
45784829,0,TOYOTA,Alphard,2008,Minivan,No,LPG,2.4,367400,4,Automatic,Front,4-5,Right-hand drive,Black,2,17249.0,77094.16338226234
45784836,0,NISSAN,March,2015,Sedan,No,Petrol,1.2,508200,3,Automatic,Front,4-5,Right-hand drive,Purple,2,9408.0,10253.272423146085
45784918,0,BMW,X1,2022,Hatchback,No,Diesel,2.0 T,641100,4,Manual,Rear,4-5,Left wheel,Black,8,1111.0,-2679.5728750253547
45784953,0,TOYOTA,Prius,2009,Sedan,No,Hybrid,1.8,392300,4,Automatic,Front,4-5,Left wheel,Black,8,18817.0,19429.79820344449
45784972,0,HYUNDAI,Veloster,2004,Hatchback,Yes,Petrol,1.6 T,338700,4,Tiptronic,Front,2-3,Left wheel,Silver,6,19757.0,56245.3693154477
45785053,0,VOLKSWAGEN,Golf,1999,Hatchback,Yes,Petrol,2.0 T,201800,4,Manual,Front,4-5,Left wheel,Black,0,29793.0,40694.86841943912
45785058,0,HONDA,Civic,2010,Sedan,No,Hybrid,1.3,399300,4,Variator,Front,4-5,Left wheel,White,7,14113.0,1173.4515876445403
45785118,584,HYUNDAI,Elantra,2006,Sedan,No,Petrol,1.8,355700,4,Automatic,Front,4-5,Left wheel,Grey,8,17249.0,19746.631532419065
45785198,0,TOYOTA,Camry,1996,Sedan,No,Petrol,2.5,35800,4,Tiptronic,Front,4-5,Left wheel,Brown,8,34497.0,48891.365391712956
45785254,0,VOLKSWAGEN,Passat,2012,Sedan,Yes,Petrol,2.0 T,559800,6,Automatic,Front,4-5,Left wheel,Grey,6,10036.0,8536.073162486658
45785270,0,FORD,C-MAX,2003,Hatchback,No,Hybrid,2,311170,4,Automatic,Front,4-5,Left wheel,Grey,6,19757.0,27117.105795705553
45785315,0,MITSUBISHI,Pajero,2019,Jeep,No,Petrol,3,541300,6,Manual,4x4,2-3,Left wheel,Silver,0,7840.0,36910.19464000731
45785346,0,JEEP,Grand Cherokee,1997,Jeep,No,Petrol,3.6,115100,6,Tiptronic,4x4,4-5,Left wheel,Black,10,36065.0,45488.010163500876
45785371,658,HONDA,Insight,2015,Hatchback,No,Hybrid,1.3,519800,4,Variator,Front,4-5,Left wheel,Black,6,10349.0,2741.3578728238317
45785485,503,TOYOTA,Prius C,2006,Hatchback,No,Hybrid,1.5,401600,4,Automatic,Front,4-5,Left wheel,White,8,17249.0,10494.421126483528
45785545,0,GAZ,3796,2012,Goods wagon,No,Petrol,5,617500,6,Manual,Rear,2-3,Left wheel,Brown,0,4704.0,113654.85057809751
45785551,0,HONDA,Inspire,2020,Sedan,No,CNG,3,646800,6,Tiptronic,Front,4-5,Right-hand drive,Black,6,5959.0,-19659.232246092113
45785573,0,NISSAN,Tiida,2017,Hatchback,Yes,Petrol,1.5,484163,4,Variator,Front,4-5,Right-hand drive,Silver,8,7840.0,9463.609661675959
45785703,5877,MERCEDES-BENZ,CLK 430,2014,Cabriolet,No,Petrol,7.3,563000,12,Automatic,Rear,4-5,Left wheel,Black,12,7840.0,-160717.68429015722
45785705,742,HONDA,Civic,2011,Sedan,No,Hybrid,1.3,463500,4,Automatic,Front,4-5,Left wheel,Black,8,11917.0,-4440.6355082111695
45785868,0,VOLKSWAGEN,Golf 3,2016,Hatchback,No,CNG,1.6,674400,4,Manual,Front,4-5,Left wheel,White,2,3500.0,63555.107291261316
45785915,0,MERCEDES-BENZ,Sprinter,2002,Microbus,No,Diesel,2.2 T,0,4,Manual,Rear,>5,Left wheel,White,2,11604.0,12379.023479021327
45786004,1266,TOYOTA,Aqua G,2010,Hatchback,Yes,Hybrid,1.5,453800,4,Variator,Front,4-5,Right-hand drive,Black,8,14113.0,14215.043978919657
45786030,0,OPEL,Astra,1992,Sedan,No,Petrol,1.1,0,4,Manual,Front,4-5,Left wheel,White,2,700.0,60478.043973774096
45786318,0,MERCEDES-BENZ,E 200,2016,Sedan,No,Petrol,2,510106,4,Manual,Rear,4-5,Left wheel,Purple,0,9408.0,-2736.789380858965
45786365,629,VOLKSWAGEN,Polo,2010,Sedan,No,Petrol,1.6,461287,4,Manual,Front,4-5,Left wheel,White,2,12544.0,-14898.669896245352
45786421,0,TOYOTA,Vitz,2020,Hatchback,No,Petrol,1.5,606400,4,Manual,Front,4-5,Right-hand drive,Sky blue,3,5488.0,4309.768877028608
45786448,0,FORD,Focus,2014,Sedan,No,Petrol,2,500500,4,Automatic,Front,4-5,Left wheel,White,8,13485.0,8938.738073338842
45786455,0,BMW,330,2014,Coupe,Yes,CNG,3,272900,6,Tiptronic,Rear,2-3,Left wheel,Blue,4,10976.0,20767.69123615007
45786693,0,MERCEDES-BENZ,C 250,1993,Sedan,Yes,Petrol,1.8 T,26323,4,Automatic,Rear,4-5,Left wheel,Black,12,36065.0,47947.41737129996
45786698,1451,BMW,550,1995,Sedan,Yes,Petrol,4.4 T,155932,8,Tiptronic,Rear,4-5,Left wheel,White,12,30420.0,27240.43166419666
45786714,751,HYUNDAI,Sonata,2007,Sedan,No,Petrol,2.4,494300,4,Tiptronic,Front,4-5,Left wheel,Black,10,15053.0,13319.886921586301
45786723,697,VOLKSWAGEN,Jetta,2000,Sedan,Yes,Petrol,1.8 T,300800,4,Tiptronic,Front,4-5,Left wheel,Grey,12,23521.0,19389.438193099828
45786730,531,NISSAN,Juke,2004,Hatchback,Yes,Petrol,1.6,217400,4,Automatic,4x4,4-5,Left wheel,Black,12,21953.0,23638.323377531186
45786756,0,BMW,328,2016,Coupe,Yes,Petrol,3,478444,6,Tiptronic,Rear,2-3,Left wheel,Silver,16,8154.0,30245.427623190364
45786764,0,MERCEDES-BENZ,C 180,2014,Sedan,No,CNG,2,544500,4,Manual,Rear,4-5,Left wheel,Silver,2,6272.0,-95.93001730676042
45786773,0,TOYOTA,Prius,2006,Sedan,Yes,Hybrid,1.8,306856,4,Tiptronic,Front,4-5,Left wheel,Silver,12,18817.0,30925.898937707614
45786787,893,HYUNDAI,I30,2012,Sedan,Yes,Diesel,1.6 T,502900,4,Manual,Front,4-5,Left wheel,Black,8,12858.0,17157.211377723044
45786813,0,TOYOTA,Ist,2015,Hatchback,No,Petrol,1.3,619200,4,Automatic,Front,4-5,Right-hand drive,Silver,2,8800.0,2703.580248522052
45786818,1111,HONDA,FIT,2012,Hatchback,No,Hybrid,1.3,140582,4,Variator,Front,4-5,Right-hand drive,Black,4,8467.0,12828.267813522449
45786852,640,FORD,Fusion,1999,Sedan,Yes,Hybrid,2,403200,4,Variator,Front,4-5,Left wheel,White,12,25402.0,18849.04066718593
45786898,0,MERCEDES-BENZ,E 270,2011,Sedan,No,Diesel,2.7,462600,6,Automatic,Rear,4-5,Left wheel,Silver,4,13485.0,23785.81204260087
45786901,0,MAZDA,Demio,2017,Hatchback,No,LPG,1.5,485800,4,Tiptronic,Front,4-5,Right-hand drive,Blue,4,5959.0,30780.937510034608
45786951,0,MERCEDES-BENZ,C 250,1999,Sedan,Yes,Petrol,1.8 T,98900,4,Automatic,Rear,4-5,Left wheel,Red,12,32929.0,33370.713389315046
45786983,0,TOYOTA,Prius,2019,Hatchback,No,Hybrid,1.5,749300,4,Automatic,Front,4-5,Left wheel,Black,16,40.0,-3738.0438348110256
45786992,645,NISSAN,Versa,2014,Hatchback,Yes,Petrol,1.8,522500,4,Automatic,Front,4-5,Left wheel,Black,10,10663.0,14039.735547487635
45787023,0,TOYOTA,RAV 4,2008,Hatchback,No,Petrol,2.4,333800,4,Automatic,Front,4-5,Left wheel,Grey,4,16621.0,28473.437995316614
45787059,753,KIA,Optima,2010,Sedan,No,Petrol,2.4,368600,6,Tiptronic,Front,4-5,Left wheel,Black,0,14740.0,8549.174144717836
45787064,0,HONDA,FIT S,2010,Hatchback,No,Petrol,1.3,516400,4,Automatic,4x4,4-5,Right-hand drive,Silver,7,11760.0,-1081.763350406749
45787078,0,FORD,Transit,2007,Microbus,No,Diesel,2.4,0,2,Manual,Front,4-5,Left wheel,Silver,0,20385.0,40708.47472377532
45787109,810,NISSAN,Sentra,2005,Sedan,No,Petrol,1.8,383100,4,Automatic,Front,4-5,Left wheel,Red,12,17245.0,9615.694970389462
45787118,0,TOYOTA,Prius,2011,Sedan,No,Hybrid,1.8,491300,4,Variator,Front,4-5,Left wheel,Golden,6,14583.0,5394.841679020043
45787150,1529,BMW,318,2015,Coupe,Yes,Petrol,1.8,536800,4,Manual,Rear,2-3,Left wheel,Black,2,9095.0,10313.06081657653
45787152,0,MERCEDES-BENZ,Vito,2010,Minivan,Yes,LPG,2.3,402700,4,Automatic,Front,4-5,Left wheel,Silver,6,11917.0,9073.725991590194
45787163,0,FORD,Transit,2019,Microbus,No,Diesel,2.5,710520,4,Manual,Rear,4-5,Left wheel,Blue,0,3450.0,3424.007908888163
45787224,0,FIAT,Doblo,2014,Goods wagon,No,Diesel,1.9 T,596900,4,Manual,Front,4-5,Left wheel,Carnelian red,2,8154.0,-18612.466448695784
45787225,0,FORD,Focus,2012,Sedan,Yes,Petrol,2,473600,4,Tiptronic,Front,4-5,Left wheel,White,6,11604.0,18000.519296885464
45787228,781,TOYOTA,Camry,2002,Sedan,Yes,Hybrid,2.5,233200,4,Variator,Front,4-5,Left wheel,Silver,10,23521.0,26602.044050898105
45787249,586,TOYOTA,Prius,2010,Sedan,No,Hybrid,1.8,508500,4,Automatic,Front,4-5,Left wheel,Black,5,14426.0,6702.822245694862
45787250,0,MITSUBISHI,Colt,2017,Hatchback,Yes,Petrol,1.5,650200,4,Automatic,4x4,4-5,Right-hand drive,Silver,4,6899.0,22393.86178909629
45787271,1055,MERCEDES-BENZ,E 350,1995,Coupe,Yes,Petrol,3.5,126200,6,Tiptronic,Rear,2-3,Left wheel,Black,8,33556.0,44950.755855282136
45787282,0,BMW,550,1997,Sedan,Yes,Petrol,4.4 T,0,8,Tiptronic,Rear,4-5,Left wheel,White,12,36065.0,50321.54084030899
45787300,0,HONDA,FIT,2004,Hatchback,Yes,Petrol,1.5,400400,4,Variator,Front,4-5,Right-hand drive,Black,4,17249.0,23639.514802414236
45787317,0,TOYOTA,Camry Se,2018,Sedan,Yes,Petrol,2.5,25000,4,Tiptronic,Front,4-5,Left wheel,Blue,12,56450.0,57511.267373296076
45787341,639,BMW,528,1990,Sedan,Yes,Petrol,2.0 T,0,4,Tiptronic,Rear,4-5,Left wheel,White,12,42337.0,36254.99511843005
45787357,781,SUBARU,Forester,2009,Jeep,No,Petrol,2.5,565600,4,Automatic,4x4,4-5,Left wheel,White,12,12544.0,-227.75616824839017
45787361,0,FORD,Mondeo,2018,Hatchback,No,CNG,1.6,669900,4,Manual,Front,4-5,Left wheel,Silver,2,3136.0,-44129.15937312618
45787400,0,BMW,525,2016,Sedan,No,Petrol,2.5,623400,6,Manual,Rear,4-5,Left wheel,Blue,4,6800.0,21795.10148449391
45787418,0,OPEL,Astra,2019,Hatchback,No,CNG,1.6,656600,4,Manual,Front,4-5,Left wheel,Silver,6,6899.0,-10468.5601097791
45787438,0,NISSAN,X-Trail,2012,Universal,Yes,Petrol,2,404400,3,Automatic,4x4,4-5,Left wheel,Golden,2,12231.0,22755.492068854408
45787449,0,BMW,318,2019,Sedan,Yes,Petrol,1.8,601400,4,Automatic,Rear,4-5,Right-hand drive,Blue,2,4704.0,23362.47524051518
45787451,0,SKODA,Fabia,2021,Hatchback,No,Petrol,1.2,522100,4,Manual,Front,4-5,Left wheel,Grey,4,8467.0,-13548.37040631388
45787490,0,HONDA,Insight,2014,Hatchback,No,Hybrid,1.3,491700,4,Automatic,Front,4-5,Right-hand drive,Silver,2,10976.0,13912.932187332804
45787516,779,SUBARU,Forester,2007,Jeep,No,Petrol,2.5,369900,4,Manual,4x4,4-5,Left wheel,Grey,6,15367.0,15285.292656727994
45787549,0,VOLKSWAGEN,Golf,2000,Sedan,No,Petrol,1.8 T,0,4,Automatic,Front,4-5,Right-hand drive,Silver,8,6586.0,41045.36244982468
45787560,0,OPEL,Vectra,1999,Sedan,No,CNG,2,0,4,Manual,Front,4-5,Left wheel,Blue,4,4704.0,57129.31613938237
45787599,0,FORD,C-MAX,2003,Hatchback,Yes,Plug-in Hybrid,2,335705,4,Tiptronic,Front,4-5,Left wheel,Grey,12,21953.0,32965.78975553114
45787712,0,MERCEDES-BENZ,CL 550,2008,Coupe,Yes,Petrol,5,105624,8,Tiptronic,Rear,2-3,Left wheel,Silver,12,15524.0,68180.34264923702
45787838,0,HONDA,FIT,2016,Hatchback,No,Petrol,1.3,495300,4,Variator,Front,4-5,Right-hand drive,Grey,4,8154.0,5329.364927399185
45787846,1505,TOYOTA,Prius,2008,Sedan,No,Hybrid,1.8,320800,4,Automatic,Front,4-5,Right-hand drive,Silver,10,18503.0,6991.916816192786
45787922,475,CHEVROLET,Volt,2019,Sedan,Yes,Plug-in Hybrid,1.4,93041,4,Automatic,Front,4-5,Left wheel,Black,8,9095.0,21248.233693085545
45788014,0,HYUNDAI,Sonata,2010,Sedan,Yes,Hybrid,2.4,388195,4,Tiptronic,Front,4-5,Left wheel,Black,6,16308.0,30365.37270800175
45788151,0,NISSAN,Tiida,2012,Sedan,No,LPG,1.6,398200,4,Automatic,Front,4-5,Left wheel,Silver,2,11917.0,-2881.9134998512236
45788154,0,TOYOTA,Camry,2008,Sedan,Yes,Hybrid,2.4,274300,4,Automatic,Front,4-5,Left wheel,Black,10,16621.0,34311.862814375745
45788160,0,HONDA,Cr-v,2010,Jeep,No,Petrol,2.4,434500,4,Automatic,4x4,4-5,Left wheel,Silver,6,13172.0,18854.628433044556
45788165,0,MERCEDES-BENZ,C 63 AMG,2011,Sedan,Yes,Petrol,6.3 T,73000,8,Tiptronic,Rear,2-3,Left wheel,Red,10,109764.0,150629.97806965647
45788188,0,NISSAN,Tiida,2015,Hatchback,Yes,Petrol,1.5,627700,4,Automatic,4x4,4-5,Right-hand drive,Black,6,9095.0,3160.237780703683
45788265,585,MERCEDES-BENZ,C 250,1999,Sedan,Yes,Petrol,1.8 T,70751,4,Automatic,Rear,4-5,Left wheel,White,12,25089.0,31060.243049059874
45788294,0,VOLKSWAGEN,Jetta,2012,Sedan,Yes,Petrol,2.5,512400,8,Tiptronic,Rear,4-5,Left wheel,White,12,14113.0,-2550.57190583806
45788302,862,VOLKSWAGEN,Passat,2008,Sedan,Yes,Petrol,2.5,326600,4,Automatic,Front,4-5,Left wheel,Black,8,18189.0,22246.732082691597
45788305,645,HYUNDAI,Elantra,2009,Sedan,No,Petrol,1.8,502800,1,Tiptronic,Front,4-5,Left wheel,Silver,5,15681.0,16436.825980135094
45788327,645,HYUNDAI,Elantra,2012,Sedan,No,Petrol,1.8,385300,4,Automatic,Front,4-5,Left wheel,Black,12,13485.0,14140.722842915837
45788373,0,FORD,Fiesta,2010,Sedan,Yes,Petrol,1.6,364700,4,Tiptronic,Front,4-5,Left wheel,Black,4,17876.0,21511.19846066662
45788396,0,FORD,Transit,2003,Microbus,No,Diesel,2.0 T,0,4,Manual,Front,4-5,Left wheel,Red,2,9722.0,23337.227872866202
45788440,0,HONDA,FIT,2009,Hatchback,No,Petrol,1.3,381500,4,Variator,Front,4-5,Right-hand drive,White,4,12544.0,9192.080160469355
45788463,1211,BMW,328 i,2005,Sedan,Yes,Petrol,3.0 T,419600,6,Tiptronic,4x4,4-5,Left wheel,Sky blue,0,21326.0,15001.06300158266
45788465,0,MERCEDES-BENZ,E 350,1987,Sedan,Yes,Diesel,3.0 T,0,6,Tiptronic,Rear,4-5,Left wheel,Black,12,47042.0,61847.2968326055
45788496,0,MERCEDES-BENZ,E 300,2016,Sedan,No,Petrol,3,651500,6,Automatic,Rear,4-5,Left wheel,Grey,0,5331.0,639.8349241641772
45788510,0,MERCEDES-BENZ,ML 350,2005,Jeep,Yes,CNG,3.5,338600,6,Tiptronic,4x4,4-5,Left wheel,Silver,12,19757.0,1505.2987202289005
45788524,0,MERCEDES-BENZ,E 350,2010,Sedan,Yes,Petrol,3.5,364500,6,Tiptronic,Rear,4-5,Left wheel,Black,15,16308.0,13210.179898455237
45788601,0,FORD,Mustang,2004,Coupe,Yes,Petrol,3.7,249100,6,Automatic,Rear,2-3,Right-hand drive,Grey,7,24462.0,52347.51675350982
45788610,1011,FORD,Mustang,1986,Coupe,No,Petrol,2.3 T,0,4,Tiptronic,Rear,2-3,Left wheel,Blue,8,43905.0,50861.5512555974
45788617,490,HONDA,Insight,2006,Hatchback,No,Hybrid,1.3,518975,4,Variator,Front,4-5,Left wheel,Blue,6,13328.0,31817.245744637545
45788694,0,TOYOTA,Prius,2022,Hatchback,Yes,LPG,1.5,702400,4,Automatic,Front,4-5,Left wheel,White,8,20.0,-7098.017286720875
45788697,761,TOYOTA,Prius,2013,Hatchback,Yes,Hybrid,1.8,511900,6,Automatic,Front,4-5,Left wheel,White,6,11917.0,-386.3976399185012
45788704,0,PEUGEOT,206,2016,Hatchback,Yes,Petrol,1.6,605900,4,Tiptronic,Front,4-5,Left wheel,Silver,0,8467.0,9844.879475225147
45788770,0,SUBARU,Forester,2011,Jeep,No,CNG,2.0 T,603900,4,Automatic,4x4,4-5,Right-hand drive,Carnelian red,2,6899.0,-20725.743384232563
45788774,1058,MERCEDES-BENZ,E 350,2002,Sedan,Yes,Petrol,3.5,221300,6,Tiptronic,Rear,4-5,Left wheel,Black,0,25089.0,13529.385186081076
45788789,0,OPEL,Vectra,2019,Goods wagon,No,Petrol,1.6,524000,4,Manual,Front,4-5,Left wheel,Silver,6,6586.0,33862.366495562615
45788806,0,MAZDA,Mazda 6,2017,Sedan,No,Petrol,2.3,638500,4,Manual,Front,4-5,Left wheel,Blue,0,6272.0,32140.105327550486
45788809,0,OPEL,Zafira,2002,Minivan,No,CNG,1.8,0,4,Manual,Rear,4-5,Left wheel,White,8,8781.0,23196.35861435207
45788831,0,CHRYSLER,PT Cruiser pt cruiser,2017,Universal,No,Petrol,2,601500,4,Automatic,Front,4-5,Right-hand drive,Black,4,5645.0,16573.521124717085
45788844,518,TOYOTA,RAV 4,1985,Jeep,No,Hybrid,2.5,0,4,Variator,4x4,4-5,Left wheel,Blue,6,47042.0,66565.4457796312
45788865,0,NISSAN,Tiida,2014,Hatchback,No,Petrol,1.5,648400,4,Automatic,Front,4-5,Right-hand drive,Black,0,7840.0,734.0306818193712
45788872,584,HYUNDAI,Elantra,2008,Sedan,No,Petrol,1.8,363800,4,Automatic,Front,4-5,Left wheel,Grey,8,17249.0,18346.813141818453
45788882,0,MERCEDES-BENZ,C 180,2021,Sedan,No,Petrol,1.8,522132,6,Automatic,Rear,4-5,Left wheel,Silver,4,5331.0,-2989.6578990170565
45788902,0,NISSAN,Serena,2015,Minivan,No,CNG,2.5,589800,4,Automatic,Front,4-5,Right-hand drive,White,6,7683.0,-21887.81663469979
45788918,639,HYUNDAI,Sonata,2003,Sedan,Yes,Petrol,2.0 T,287100,4,Automatic,Front,4-5,Left wheel,Red,12,20698.0,12349.451259305068
45788963,645,LEXUS,CT 200h,1999,Hatchback,Yes,Hybrid,1.8,349600,6,Automatic,Front,4-5,Left wheel,Grey,10,24775.0,22328.60150143494
45789007,0,VOLKSWAGEN,Caddy,2013,Goods wagon,No,Diesel,2,569000,4,Manual,Front,4-5,Left wheel,Grey,2,10663.0,16953.78743399447
45789029,0,VOLKSWAGEN,Passat,2011,Sedan,Yes,Petrol,4,402500,8,Tiptronic,4x4,4-5,Left wheel,Silver,8,12074.0,15014.861002784815
45789051,1079,BMW,X1,1996,Jeep,Yes,Petrol,2.0 T,302100,4,Automatic,4x4,4-5,Left wheel,White,12,28852.0,7403.361085147135
45789085,0,FORD,Fusion phev,2001,Sedan,No,Plug-in Hybrid,2.0 T,415100,4,Automatic,Front,4-5,Left wheel,Black,8,24775.0,17502.08067199085
45789088,0,HYUNDAI,Elantra,2005,Sedan,No,Petrol,1.8,389700,4,Tiptronic,Front,4-5,Left wheel,Grey,8,18503.0,27254.796231804077
45789103,0,MERCEDES-BENZ,C 200,2010,Sedan,Yes,Petrol,2,559800,4,Manual,Rear,4-5,Left wheel,Silver,6,8467.0,13199.752050170526
45789121,530,FORD,Fusion 1.6,2006,Sedan,Yes,Petrol,1.6 T,349100,4,Tiptronic,Front,4-5,Left wheel,Black,10,20698.0,-1173.5462975055634
45789168,1451,BMW,550,2013,Hatchback,Yes,Petrol,4.4,547500,4,Automatic,Rear,4-5,Left wheel,Black,12,12858.0,-11038.90733415015
45789222,0,VOLKSWAGEN,Jetta,2006,Sedan,Yes,Hybrid,1.4,518300,4,Tiptronic,Front,4-5,Left wheel,Grey,0,17876.0,-13312.376787124602
45789297,742,OPEL,Corsa,2014,Hatchback,No,Diesel,1.3,492200,4,Manual,Front,4-5,Left wheel,Silver,8,9722.0,111327.37333423748
45789302,777,SUBARU,Forester,2010,Jeep,No,Petrol,2.5,283800,4,Tiptronic,4x4,4-5,Left wheel,White,8,19444.0,16044.54739781444
45789314,687,NISSAN,Juke,2004,Jeep,Yes,Petrol,1.6 T,325400,4,Tiptronic,4x4,4-5,Left wheel,Black,8,20385.0,23968.751894096793
45789394,0,TOYOTA,RAV 4,2012,Jeep,No,Petrol,2,448800,4,Automatic,4x4,4-5,Left wheel,Golden,2,10036.0,9934.034072183218
45789445,707,KIA,Optima,2011,Sedan,Yes,Petrol,2,0,4,Tiptronic,Front,4-5,Left wheel,Grey,0,14500.0,34728.33199406575
45789450,0,MERCEDES-BENZ,S 500,2005,Sedan,Yes,LPG,5,441900,8,Tiptronic,Rear,4-5,Left wheel,White,12,14740.0,14529.400817078933
45789464,0,SUBARU,Legacy,2017,Sedan,No,Petrol,3,646100,6,Tiptronic,4x4,4-5,Right-hand drive,Silver,4,7840.0,-166.73929157263046
45789486,640,KIA,Optima,2013,Sedan,Yes,Petrol,2,0,4,Tiptronic,Front,4-5,Left wheel,White,0,12600.0,29125.27088571944
45789502,0,MAZDA,MPV,2013,Minivan,No,LPG,2.3,563400,4,Automatic,Front,4-5,Right-hand drive,Silver,4,8781.0,15465.899197587918
45789510,0,BMW,325 CI,2013,Cabriolet,Yes,Petrol,2.5,418100,6,Tiptronic,Rear,2-3,Left wheel,Silver,6,11917.0,41117.53645789208
45789515,1054,MERCEDES-BENZ,Sprinter,2004,Microbus,No,Diesel,2.2 T,450300,4,Manual,Rear,4-5,Left wheel,White,2,20385.0,-12864.045501291417
45789536,0,OPEL,Astra G,2016,Hatchback,No,Petrol,1.8,638300,4,Automatic,Front,4-5,Right-hand drive,Blue,2,4547.0,91032.10980401865
45789552,0,BMW,530,2009,Sedan,Yes,Petrol,3,373500,6,Manual,Rear,4-5,Left wheel,Black,0,14113.0,11974.626897422051
45789581,0,TOYOTA,Prius,2002,Sedan,No,Hybrid,1.8,74836,4,Automatic,Front,4-5,Left wheel,White,10,17876.0,33690.65321186013
45789616,0,FORD,Mondeo,2020,Goods wagon,No,CNG,1.8,556600,4,Manual,Front,4-5,Left wheel,Green,4,2822.0,15461.589340217253
45789643,1681,GAZ,3110,2021,Sedan,No,CNG,2,584800,4,Manual,Rear,4-5,Left wheel,White,0,150.0,-61534.880804286324
45789666,0,MERCEDES-BENZ,E 350,2005,Sedan,Yes,Petrol,3.5,359700,6,Tiptronic,4x4,4-5,Left wheel,White,8,18817.0,22585.010986735244
45789687,0,INFINITI,FX45,2012,Jeep,Yes,Petrol,4.5,570000,6,Tiptronic,Rear,4-5,Left wheel,Grey,6,10036.0,-17659.839496359054
45789694,0,PORSCHE,Cayenne,2012,Jeep,Yes,Petrol,3.6,111000,6,Tiptronic,4x4,4-5,Left wheel,Grey,12,61154.0,44057.85012567097
45789708,0,OPEL,Astra H,2010,Goods wagon,No,Diesel,1.7,491400,4,Manual,Front,4-5,Left wheel,Blue,2,11604.0,455136.5772647339
45789727,0,SUBARU,Legacy,2000,Sedan,Yes,Petrol,2.5,83500,4,Tiptronic,4x4,4-5,Left wheel,Silver,12,26030.0,44362.72429680725
45789774,0,VOLKSWAGEN,Touran,2013,Minivan,No,Petrol,2,549100,4,Tiptronic,Front,4-5,Right-hand drive,Black,12,11604.0,9873.133638594032
45789778,565,CHEVROLET,Matiz,2020,Sedan,Yes,Petrol,0.8,684700,3,Automatic,Front,4-5,Left wheel,Silver,4,3763.0,2233.477097928455
45789795,0,MAZDA,MPV,2018,Minivan,No,CNG,2.5,704200,6,Automatic,4x4,4-5,Right-hand drive,Blue,2,5331.0,-2352.724144262964
45789823,0,MERCEDES-BENZ,E 350,2003,Sedan,Yes,CNG,3.5,392765,6,Tiptronic,4x4,4-5,Left wheel,Brown,12,17249.0,3316.761910731373
45789840,1282,CHEVROLET,Captiva,2014,Jeep,Yes,Diesel,2,495600,4,Automatic,Front,4-5,Left wheel,Silver,4,6429.0,8033.547097231525
45789887,1705,SSANGYONG,REXTON,2014,Jeep,Yes,Diesel,2.7,530300,4,Automatic,Front,4-5,Left wheel,Silver,4,5645.0,-1825.152895538573
45789904,0,TOYOTA,4Runner,1994,Jeep,No,Petrol,4.7,293900,8,Automatic,4x4,4-5,Left wheel,Black,4,28225.0,34222.52071657093
45789907,769,KIA,Carnival,2007,Minivan,Yes,Diesel,2.2,455700,4,Automatic,Front,4-5,Left wheel,White,4,12513.0,43672.59616047033
45789927,526,KIA,Picanto,2016,Sedan,Yes,Petrol,1,590800,4,Automatic,Front,4-5,Left wheel,Silver,4,4391.0,3957.7563156612614
45789938,1586,KIA,Sorento,2017,Jeep,Yes,Diesel,2.5,532900,4,Automatic,Front,4-5,Left wheel,White,4,6272.0,5014.833306298449
45789953,911,KIA,Sorento,2008,Jeep,Yes,Diesel,2.2,482200,4,Automatic,Front,4-5,Left wheel,Grey,4,16308.0,24353.886671738706
45790001,1090,KIA,Sportage,2013,Jeep,Yes,Diesel,2,507800,4,Automatic,Front,4-5,Left wheel,Black,4,7837.0,12881.665467388699
45790002,1282,KIA,Sportage,2018,Jeep,Yes,Diesel,2,503100,4,Automatic,Front,4-5,Left wheel,Silver,4,7119.0,7845.4148606603285
45790363,0,NISSAN,Teana,2016,Sedan,No,Petrol,2.3,510800,6,Automatic,Front,4-5,Right-hand drive,White,6,5645.0,4373.995013088361
45790387,586,TOYOTA,Prius,2004,Hatchback,No,Hybrid,1.8,365300,4,Automatic,Front,4-5,Left wheel,Grey,0,18817.0,17973.210977500425
45790461,586,HYUNDAI,Elantra,2010,Sedan,No,Petrol,1.8,488100,4,Automatic,Front,4-5,Left wheel,Silver,0,15681.0,10658.971443530969
45790471,781,VOLKSWAGEN,Passat,2012,Sedan,Yes,Petrol,2.5,358933,6,Tiptronic,Front,4-5,Left wheel,Carnelian red,8,10349.0,16565.631775325608
45790649,0,BMW,328,2009,Coupe,Yes,Petrol,3,472300,6,Automatic,Rear,2-3,Left wheel,White,6,13485.0,27920.984500447597
45790794,0,JEEP,Grand Cherokee,1997,Jeep,Yes,Petrol,4,0,6,Automatic,4x4,4-5,Left wheel,Red,2,3450.0,36062.302277727395
45790799,0,MERCEDES-BENZ,E 320,2013,Sedan,Yes,Diesel,3.2,502100,6,Tiptronic,Rear,4-5,Left wheel,Blue,10,11917.0,53743.097463203565
45790835,0,SUBARU,Legacy,2018,Sedan,No,Petrol,2,608100,4,Tiptronic,4x4,4-5,Right-hand drive,Silver,8,4391.0,7618.418540098646
45790884,0,NISSAN,X-Trail,2012,Jeep,Yes,CNG,2,534900,4,Automatic,4x4,4-5,Right-hand drive,Black,6,10349.0,-5818.699044785913
45790935,1528,PEUGEOT,406,2020,Sedan,No,Petrol,1.8,660300,4,Manual,Front,4-5,Left wheel,Green,2,2200.0,-78118.6456692191
45790960,557,FORD,Fiesta,2008,Hatchback,Yes,Petrol,1.7,527700,4,Automatic,Front,4-5,Left wheel,Black,0,12544.0,283072.27311987587
45790978,751,HYUNDAI,Sonata,1997,Sedan,Yes,Petrol,2.4,198800,4,Automatic,Front,4-5,Left wheel,Black,0,26657.0,35976.98212140194
45791032,586,MERCEDES-BENZ,C 250,2001,Sedan,Yes,Petrol,1.8,222600,4,Automatic,Rear,4-5,Left wheel,White,0,23521.0,14364.81419131297
45791035,777,TOYOTA,RAV 4,1999,Jeep,Yes,Petrol,2.5,346500,4,Automatic,4x4,4-5,Left wheel,Grey,0,28225.0,22601.134938346608
45791273,0,MERCEDES-BENZ,E 270,2017,Sedan,No,Diesel,2.7 T,583100,5,Tiptronic,Rear,4-5,Left wheel,Silver,6,9565.0,-3669.2937362905286
45791317,0,TOYOTA,Prius,2010,Hatchback,Yes,Hybrid,1.5,493900,4,Automatic,Front,4-5,Left wheel,Red,10,14113.0,10438.170534074303
45791559,0,VOLKSWAGEN,Polo,1995,Sedan,No,Petrol,1.4,0,4,Manual,Front,2-3,Left wheel,Blue,2,3000.0,100918.96967327873
45791662,0,SUZUKI,Swift Sport,2016,Hatchback,No,Petrol,1.6,514800,4,Automatic,Front,4-5,Right-hand drive,Black,8,9722.0,-14031.494871888455
45791663,0,ALFA ROMEO,147,2018,Coupe,Yes,Petrol,1.8,577500,4,Manual,Front,2-3,Left wheel,Black,4,3700.0,14699.219547516193
45791669,0,MERCEDES-BENZ,GL 320,1993,Jeep,Yes,Diesel,3.2,0,6,Tiptronic,4x4,4-5,Left wheel,Silver,12,39829.0,48313.10557064174
45791722,0,SUZUKI,Grand Vitara,2001,Jeep,Yes,Petrol,2.7,245800,6,Automatic,4x4,4-5,Left wheel,Grey,8,18817.0,39394.49967769503
45791823,0,BMW,320,1994,Sedan,Yes,Petrol,2,0,6,Manual,Rear,4-5,Left wheel,Green,2,2900.0,35327.6429490793
45791826,751,HYUNDAI,Sonata,2010,Sedan,No,Hybrid,2.4,407700,6,Tiptronic,Front,4-5,Left wheel,White,12,15053.0,7946.333783541155
45791839,1017,NISSAN,Rogue Sport,1991,Jeep,No,Petrol,2,140200,6,Automatic,Front,4-5,Left wheel,White,8,34497.0,35523.141485792716
45791916,1249,TOYOTA,Camry,2009,Sedan,Yes,Petrol,2.5,296000,4,Automatic,Front,4-5,Left wheel,Grey,12,13799.0,16635.61457005916
45791949,0,NISSAN,Serena,2009,Minivan,Yes,Petrol,2,492000,4,Automatic,Front,4-5,Right-hand drive,Black,12,10663.0,21334.15615354555
45791965,0,MAZDA,Demio,2017,Sedan,No,Petrol,1.3,567047,4,Variator,Front,4-5,Right-hand drive,Silver,7,6272.0,-585.3735527008466
45791970,1249,NISSAN,Altima,2019,Sedan,Yes,Petrol,2.5,687900,4,Automatic,Front,4-5,Left wheel,Grey,12,3293.0,-2598.5623263142334
45791981,0,HONDA,Cr-v,2005,Jeep,No,Petrol,2.4,421600,4,Manual,4x4,4-5,Left wheel,Black,6,15994.0,21513.83890398664
45792001,623,KIA,Cerato,2009,Sedan,Yes,Diesel,1.6,381100,4,Automatic,Front,4-5,Left wheel,Black,4,16151.0,25378.833925022955
45792009,0,KIA,Cerato,2008,Sedan,No,Petrol,1.6,506700,4,Tiptronic,Front,4-5,Left wheel,Grey,0,14740.0,6816.6143400923775
45792036,1714,TOYOTA,Highlander,2004,Sedan,Yes,Petrol,3.5,300400,6,Automatic,Front,4-5,Left wheel,Blue,12,17876.0,45328.00493419092
45792047,831,CHEVROLET,Malibu,2020,Sedan,Yes,Petrol,2.4,612700,4,Automatic,Front,4-5,Left wheel,Silver,12,627.0,-556.1988137939697
45792067,1077,HYUNDAI,Tucson,2005,Sedan,Yes,Petrol,2,424232,4,Automatic,4x4,4-5,Left wheel,Blue,12,17876.0,-21101.38476481341
45792091,0,TOYOTA,Prius,2016,Sedan,No,Hybrid,1.5,621400,4,Automatic,Front,4-5,Left wheel,White,8,10976.0,-976.5333007988265
45792111,919,KIA,Cadenza,2007,Sedan,Yes,Petrol,3,381000,6,Automatic,Front,4-5,Left wheel,Silver,4,17876.0,14017.43314891122
45792128,924,KIA,Cadenza,2011,Sedan,Yes,Petrol,2.7,536100,6,Automatic,Front,4-5,Left wheel,Silver,4,10036.0,8538.395606499013
45792134,0,FORD,Transit,2006,Microbus,No,Diesel,2.4 T,350700,4,Manual,Rear,4-5,Left wheel,White,1,16621.0,-104.49536345329034
45792166,1273,TOYOTA,Avalon,2019,Sedan,Yes,Petrol,3.5,603900,6,Automatic,Front,4-5,Left wheel,Blue,12,3293.0,16274.118762013388
45792171,890,KIA,Optima,2005,Sedan,Yes,Petrol,2,292100,4,Automatic,Front,4-5,Left wheel,Black,4,20855.0,18198.87351582514
45792179,528,NISSAN,Versa,2021,Sedan,Yes,Petrol,1.6,629900,4,Automatic,Front,4-5,Left wheel,Silver,12,549.0,-6229.69062412421
45792192,528,HYUNDAI,Accent,2022,Hatchback,Yes,Petrol,1.6,638700,4,Automatic,Front,4-5,Left wheel,Blue,12,1803.0,11267.019605582333
45792193,0,MITSUBISHI,Outlander Sport,2006,Jeep,No,Petrol,2,353000,4,Variator,4x4,4-5,Left wheel,Black,0,23521.0,20506.714020491476
45792204,640,KIA,Optima,2016,Sedan,Yes,Petrol,2,450700,4,Automatic,Front,4-5,Left wheel,White,4,10349.0,2371.6091601913577
45792216,0,BMW,640 GRAN-COUPE,2013,Sedan,Yes,Petrol,3.0 T,71000,6,Tiptronic,Rear,4-5,Left wheel,White,12,97219.0,31200.2036051652
45792230,1202,HYUNDAI,Sonata,2017,Sedan,No,Petrol,2.4,0,4,Automatic,Front,4-5,Left wheel,Grey,0,17719.0,26953.24763591403
45792250,0,MERCEDES-BENZ,Sprinter,1997,Microbus,No,Diesel,2.7 T,159700,5,Tiptronic,Rear,2-3,Left wheel,White,4,30734.0,65263.15454478384
45792262,0,TOYOTA,Prius,2004,Hatchback,No,LPG,1.8,459100,4,Variator,Front,4-5,Left wheel,White,8,21953.0,8638.726065387804
45792273,640,KIA,Optima,2010,Sedan,Yes,Petrol,2,424500,4,Automatic,Front,4-5,Left wheel,Silver,4,11917.0,11154.70799290634
45792274,1079,HYUNDAI,Elantra,2018,Sedan,Yes,Petrol,2,554200,4,Automatic,Front,4-5,Left wheel,Black,12,5018.0,24872.963030608753
45792285,1624,MERCEDES-BENZ,C 320,2001,Sedan,Yes,Petrol,3.5,400200,6,Tiptronic,Rear,4-5,Left wheel,Beige,0,20385.0,14909.355023660755
45792286,638,KIA,Optima,2007,Sedan,Yes,Petrol,2,518700,4,Automatic,Front,4-5,Left wheel,White,4,16778.0,3408.12487689507
45792288,638,KIA,Optima,2007,Sedan,Yes,Petrol,2,251300,4,Automatic,Front,4-5,Left wheel,White,4,21326.0,16938.054360497616
45792290,0,AUDI,A6,1998,Sedan,No,Petrol,2.4,0,6,Manual,Front,4-5,Left wheel,Blue,6,4704.0,63211.37239019215
45792321,890,KIA,Optima,2001,Sedan,Yes,Petrol,2,428200,4,Automatic,Front,4-5,Left wheel,Silver,4,19287.0,12634.434342005323
45792325,764,KIA,Optima,2004,Sedan,Yes,Petrol,2,324000,4,Automatic,Front,4-5,Left wheel,White,4,18660.0,13339.410637384868
45792335,889,KIA,Optima,2003,Sedan,Yes,Petrol,2,293600,4,Automatic,Front,4-5,Left wheel,White,4,22580.0,13978.607994412652
45792340,764,KIA,Optima,2007,Sedan,Yes,Petrol,2,385600,4,Automatic,Front,4-5,Left wheel,Black,4,18033.0,13883.101473193565
45792343,764,KIA,Optima,2007,Sedan,Yes,Petrol,2,342100,4,Automatic,Front,4-5,Left wheel,Black,4,17092.0,16084.118423592628
45792346,1236,HONDA,FIT,2014,Sedan,No,Petrol,1.3,481500,4,Automatic,Front,4-5,Right-hand drive,Black,2,8154.0,-6075.873273454454
45792357,870,KIA,Optima,1990,Sedan,Yes,Diesel,1.7,54500,4,Automatic,Front,4-5,Left wheel,White,4,39044.0,293076.1400904791
45792360,764,KIA,Optima,2000,Sedan,Yes,Petrol,1.7,240000,4,Automatic,Front,4-5,Left wheel,White,4,26500.0,261962.0781014494
45792370,0,OPEL,Astra,2017,Hatchback,No,Petrol,1.6,647200,4,Automatic,Front,2-3,Left wheel,Silver,0,7213.0,74312.61987311908
45792372,640,MERCEDES-BENZ,CLA 250,1991,Sedan,Yes,Petrol,2.0 T,51100,4,Tiptronic,Front,4-5,Left wheel,Black,12,35900.0,49083.61154255748
45792408,764,KIA,Optima,2009,Sedan,Yes,Petrol,2,479800,4,Automatic,Front,4-5,Left wheel,Silver,4,14426.0,7468.800739443608
45792424,0,BMW,X6,1992,Jeep,Yes,Petrol,4.4 T,67200,6,Tiptronic,4x4,4-5,Left wheel,Black,12,37633.0,81966.7023466037
45792454,0,SUBARU,Legacy,2014,Sedan,No,Petrol,2,503400,4,Tiptronic,4x4,4-5,Right-hand drive,White,4,10976.0,10651.742617488906
45792463,640,KIA,Optima,2015,Sedan,Yes,Petrol,2,768115,4,Automatic,Front,4-5,Left wheel,Silver,4,5488.0,-8706.489619590466
45792492,0,NISSAN,Tiida,2014,Hatchback,No,Petrol,1.5,286537,4,Automatic,Front,4-5,Right-hand drive,Red,0,8311.0,11109.082837996535
45792530,0,BMW,320,2014,Sedan,No,Petrol,2.2,621300,6,Tiptronic,Rear,4-5,Right-hand drive,Silver,4,8154.0,-6297.701059368832
45792539,0,VOLKSWAGEN,Golf 4,2022,Hatchback,No,Petrol,1.8,635700,4,Automatic,Front,4-5,Right-hand drive,Red,4,1800.0,-5758.644070464015
45792574,0,MERCEDES-BENZ,ML 320 cdi,2001,Jeep,Yes,Diesel,3.2 T,54480,6,Tiptronic,4x4,>5,Left wheel,Brown,12,21953.0,31034.33213712881
45792637,0,VOLKSWAGEN,Caddy,2018,Goods wagon,No,Diesel,1.9,677400,4,Manual,Front,2-3,Left wheel,Blue,2,4077.0,57151.5120894397
45792640,0,TOYOTA,Prius,2010,Hatchback,No,Hybrid,1.5,320400,4,Variator,Front,4-5,Left wheel,Beige,4,15053.0,21628.052470722258
45792647,0,HYUNDAI,Sonata,2006,Sedan,Yes,Hybrid,2.4,422900,4,Tiptronic,Front,4-5,Left wheel,Red,8,17249.0,22533.157122592627
45792663,0,PEUGEOT,807,2016,Minivan,No,Diesel,2.2 T,566100,4,Manual,Front,4-5,Left wheel,Black,16,7997.0,27796.65227448568
45792674,843,TOYOTA,Prius,2014,Hatchback,No,Hybrid,1.5,482900,4,Automatic,Front,4-5,Left wheel,Sky blue,12,10976.0,-187.25513314306954
45792747,0,BMW,528,1996,Sedan,Yes,Petrol,2.8,0,6,Manual,Rear,4-5,Left wheel,Silver,4,4600.0,46661.97003770957
45792773,0,GAZ,20,2021,Jeep,No,Petrol,3.2,777700,4,Manual,4x4,2-3,Left wheel,Green,0,3200.0,48511.834720099425
45792855,0,TOYOTA,Camry,2005,Sedan,Yes,Hybrid,2.4,360600,4,Automatic,Front,4-5,Left wheel,Grey,10,16308.0,31644.970341278928
45792922,994,OPEL,Astra H,2008,Hatchback,No,Petrol,1.8,474500,4,Manual,Front,4-5,Left wheel,Black,4,12544.0,94154.86405974242
45792924,638,CHEVROLET,Cruze,2012,Sedan,Yes,Diesel,2,440700,4,Automatic,Front,4-5,Left wheel,Blue,4,14426.0,77191.63766514936
45793026,658,HONDA,Insight EX,2017,Sedan,No,Petrol,1.3,508500,4,Tiptronic,Front,4-5,Left wheel,Grey,12,7175.0,8329.265420426787
45793047,627,CHEVROLET,Malibu,2009,Sedan,Yes,Diesel,2,553000,4,Automatic,Front,4-5,Left wheel,Black,4,14113.0,29038.36562289165
45793053,789,CHEVROLET,Cruze,2011,Sedan,Yes,Diesel,1.6,557600,4,Automatic,Front,4-5,Left wheel,Silver,4,8781.0,12644.75728511635
45793063,789,CHEVROLET,Cruze,2015,Sedan,Yes,Petrol,1.6,486200,4,Automatic,Front,4-5,Left wheel,Black,4,6586.0,-3024.834743215404
45793067,0,BMW,M3,2012,Hatchback,No,Diesel,1.9 T,517161,4,Manual,Rear,4-5,Left wheel,Silver,6,10976.0,2543.0390977973257
45793077,636,CHEVROLET,Malibu,2014,Sedan,Yes,Diesel,2,495600,4,Automatic,Front,4-5,Left wheel,Black,4,14113.0,29367.395447831994
45793088,397,CITROEN,C1,2010,Hatchback,No,Petrol,1,476000,4,Manual,Front,4-5,Left wheel,White,6,14740.0,-23158.279042712893
45793102,965,CHEVROLET,Cruze,2017,Sedan,Yes,Diesel,2,703300,4,Automatic,Front,4-5,Left wheel,Black,4,6752.0,35077.250492872685
45793103,0,BMW,X1,1988,Jeep,Yes,Diesel,2.0 T,0,4,Tiptronic,4x4,4-5,Left wheel,Blue,12,43902.0,86714.17296353471
45793121,760,CHEVROLET,Cruze,2021,Sedan,Yes,Petrol,1.8,616700,4,Automatic,Front,4-5,Left wheel,Carnelian red,4,5328.0,-2925.7554906908626
45793131,961,CHEVROLET,Cruze,2016,Sedan,Yes,Diesel,2,684600,4,Automatic,Front,4-5,Left wheel,Black,4,6429.0,36563.02880759364
45793185,460,CHEVROLET,Matiz,2018,Sedan,Yes,Petrol,1,701100,4,Automatic,Front,4-5,Left wheel,Black,4,5802.0,10879.662817801487
45793192,641,CHEVROLET,Orlando,2010,Jeep,Yes,Diesel,2,581800,4,Automatic,Front,4-5,Left wheel,Silver,4,9405.0,20208.069061530423
45793223,687,CHEVROLET,Cruze,2016,Sedan,Yes,Petrol,1.6,531800,4,Automatic,Front,4-5,Left wheel,White,4,5175.0,-9835.107854806745
45793240,760,CHEVROLET,Cruze,2018,Sedan,Yes,Petrol,1.8,621500,4,Automatic,Front,4-5,Left wheel,Silver,4,6115.0,-330.8601068341013
45793263,488,CHEVROLET,Spark,2014,Sedan,Yes,Petrol,1,415100,4,Automatic,Front,4-5,Left wheel,White,4,11604.0,7508.640419333493
45793278,686,CHEVROLET,Cruze,2022,Sedan,Yes,Petrol,1.6,486200,4,Automatic,Front,4-5,Left wheel,Silver,4,5488.0,-5999.097418109195
45793288,790,CHEVROLET,Cruze,2018,Sedan,Yes,Petrol,1.6,651600,4,Automatic,Front,4-5,Left wheel,Black,4,6595.0,-12889.871518576532
45793330,0,HYUNDAI,Sonata,2014,Sedan,Yes,LPG,3.3,510400,6,Tiptronic,Front,4-5,Left wheel,Black,10,10036.0,16584.797193453473
45793347,0,MITSUBISHI,Delica 5,2006,Minivan,Yes,Petrol,3,362800,6,Automatic,4x4,4-5,Right-hand drive,Silver,6,14740.0,35182.540877782085
45793348,362,CHEVROLET,Spark,2013,Sedan,Yes,Petrol,1,366100,4,Automatic,Front,4-5,Left wheel,Black,4,9405.0,17033.55111262856
45793350,639,MITSUBISHI,Outlander SPORT,2006,Jeep,No,Petrol,2,366100,4,Tiptronic,4x4,4-5,Left wheel,Black,10,22266.0,15481.233803244719
45793352,551,CHEVROLET,Spark,2009,Sedan,Yes,Petrol,1,420000,3,Automatic,Front,4-5,Left wheel,Black,4,12858.0,15767.848664422321
45793381,1195,MERCEDES-BENZ,C 220,2002,Universal,No,Diesel,2.2 T,230241,4,Tiptronic,Rear,4-5,Left wheel,White,12,23521.0,6675.919708025294
45793390,0,MERCEDES-BENZ,E 220 211,2008,Sedan,Yes,Diesel,2.2 T,0,4,Automatic,Rear,4-5,Left wheel,Beige,8,15681.0,39241.964212826366
45793417,0,HYUNDAI,Elantra,2008,Sedan,No,Petrol,1.8,311700,4,Tiptronic,Front,4-5,Left wheel,Black,4,17562.0,29744.988098683818
45793423,0,MERCEDES-BENZ,ML 350,2017,Jeep,Yes,CNG,3.5,82321,6,Automatic,4x4,4-5,Left wheel,Blue,8,7213.0,29918.82047314577
45793450,738,VOLKSWAGEN,Jetta,2007,Sedan,No,Petrol,1.4 T,315800,4,Manual,Front,4-5,Left wheel,White,6,18817.0,-5824.549863522909
45793455,1185,FORD,Fusion,2009,Sedan,Yes,Hybrid,2.5,0,6,Automatic,4x4,4-5,Left wheel,White,12,14113.0,22412.036883622175
45793463,1282,CHEVROLET,Captiva,2015,Jeep,Yes,Diesel,2,652400,4,Automatic,Front,4-5,Left wheel,White,4,7213.0,-4882.727758239387
45793471,0,BMW,318,2020,Sedan,No,Petrol,1.8,692800,4,Manual,Rear,4-5,Left wheel,Grey,2,5600.0,-10755.21884122274
45793475,833,CHEVROLET,Captiva,2013,Jeep,Yes,Diesel,2,492700,4,Automatic,Front,4-5,Left wheel,Black,4,11917.0,14340.400952305285
45793489,0,HONDA,FIT,2017,Hatchback,No,Petrol,1.3,612400,4,Variator,Front,4-5,Right-hand drive,Blue,2,10036.0,21521.975719150647
45793499,0,MINI,Cooper,2016,Coupe,No,Petrol,1.6,543600,4,Tiptronic,Front,2-3,Right-hand drive,Yellow,4,7683.0,10327.757330942988
45793506,833,CHEVROLET,Captiva,2007,Jeep,Yes,Diesel,2,408100,4,Automatic,Front,4-5,Left wheel,White,4,11917.0,16445.426987726914
45793543,503,TOYOTA,Prius C,2019,Sedan,No,Hybrid,1.5,523000,4,Variator,Front,4-5,Left wheel,White,12,7213.0,-4181.493995232337
45793567,961,CHEVROLET,Captiva,2017,Jeep,Yes,Diesel,2,515400,4,Automatic,Front,4-5,Left wheel,Black,4,7850.0,9784.449732850035
45793577,961,CHEVROLET,Captiva,2015,Jeep,Yes,Diesel,2,558689,4,Automatic,Front,4-5,Left wheel,White,4,9722.0,3438.588822171101
45793582,1090,CHEVROLET,Captiva,2014,Jeep,Yes,Diesel,2,519200,4,Automatic,Front,4-5,Left wheel,White,4,9377.0,4493.065137606372
45793590,0,DAIHATSU,YRV,2022,Universal,No,Petrol,1.3,748600,4,Manual,Front,4-5,Left wheel,White,2,4077.0,-16520.68740014224
45793599,0,LEXUS,CT 200h 1.8,2003,Sedan,Yes,Hybrid,1.8,131500,4,Tiptronic,Front,4-5,Left wheel,White,12,26030.0,30468.48206470076
45793614,0,HYUNDAI,Accent,2013,Sedan,No,Petrol,1.6,609900,4,Automatic,Front,4-5,Left wheel,Black,10,7840.0,-4421.058103590738
45793619,333,FORD,C-MAX,2006,Hatchback,Yes,Hybrid,2,405000,4,Automatic,Front,4-5,Left wheel,Grey,12,19444.0,21174.299757840217
45793636,1282,CHEVROLET,Captiva,2015,Jeep,Yes,Diesel,2,550100,4,Automatic,Front,4-5,Left wheel,Silver,4,6115.0,4780.96422037644
45793652,1282,CHEVROLET,Captiva,2015,Jeep,Yes,Diesel,2,516900,4,Automatic,Front,4-5,Left wheel,Silver,4,6115.0,6460.82083539365
45793661,769,FORD,Transit,2002,Microbus,No,Diesel,2.2 T,65791,4,Manual,Front,4-5,Left wheel,White,2,23521.0,13069.123747078305
45793695,1288,CHEVROLET,Captiva,2021,Jeep,Yes,Diesel,2,610100,4,Automatic,Front,4-5,Left wheel,Silver,4,4861.0,-1291.7534269753596
45793702,1288,CHEVROLET,Captiva,2022,Jeep,Yes,Diesel,2,562000,4,Automatic,Front,4-5,Left wheel,Silver,4,5331.0,647.0278136625348
45793707,1282,CHEVROLET,Captiva,2019,Jeep,Yes,Diesel,2,641250,4,Automatic,Front,4-5,Left wheel,White,4,5018.0,-6298.506755683949
45793734,0,TOYOTA,RAV 4,2014,Jeep,No,Petrol,2,578526,4,Manual,4x4,4-5,Left wheel,Green,2,9408.0,5202.193997308037
45793749,1285,CHEVROLET,Captiva,2018,Jeep,Yes,Diesel,2,591600,4,Automatic,Front,4-5,Left wheel,Silver,4,4359.0,1162.7273523421827
45793795,0,HONDA,Cr-v,2015,Jeep,No,Petrol,2,413511,4,Manual,4x4,4-5,Right-hand drive,Silver,4,8000.0,17198.498688915173
45793808,0,MERCEDES-BENZ,CLK 320,2016,Sedan,Yes,CNG,3.2,446100,6,Automatic,Rear,2-3,Left wheel,Beige,0,9408.0,11486.724416024826
45793832,1282,CHEVROLET,Captiva,2019,Jeep,Yes,Diesel,2,537582,4,Automatic,Front,4-5,Left wheel,White,4,5488.0,-1053.1038772018692
45793840,521,CHEVROLET,Cruze,2008,Sedan,Yes,Petrol,1.4 T,381000,4,Automatic,Front,4-5,Left wheel,Blue,8,15681.0,43492.423842828335
45793860,0,JAGUAR,XJ,2005,Sedan,Yes,Petrol,4,408200,8,Tiptronic,4x4,4-5,Left wheel,Green,7,19200.0,24431.05570219766
45793870,1090,CHEVROLET,Captiva,2016,Jeep,Yes,Diesel,2,459800,4,Automatic,Front,4-5,Left wheel,White,4,8781.0,6508.617876935321
45793881,1286,CHEVROLET,Captiva,2020,Jeep,Yes,Diesel,2,591300,4,Automatic,Front,4-5,Left wheel,White,4,7213.0,-4310.726136039477
45793887,751,KIA,Optima,2009,Sedan,No,Hybrid,2.4,271400,4,Automatic,Front,4-5,Left wheel,Black,10,18817.0,14509.388642824486
45793908,1282,CHEVROLET,Captiva,2018,Jeep,Yes,Diesel,2,562800,4,Automatic,Front,4-5,Left wheel,Silver,4,4924.0,2653.407684527967
45793988,0,MERCEDES-BENZ,B 220,2018,Sedan,No,Petrol,1.8,619900,4,Manual,Front,4-5,Left wheel,Black,4,5000.0,-19126.852076294002
45794012,0,VOLKSWAGEN,Passat,2017,Sedan,Yes,Petrol,2.8,149592,6,Tiptronic,Front,4-5,Left wheel,Grey,12,6586.0,36475.59025073964
45794041,0,FORD,Mustang,2004,Coupe,Yes,Petrol,3.7,381900,6,Manual,Rear,2-3,Left wheel,Black,12,20385.0,42970.41868949476
45794076,0,MAZDA,323,2019,Sedan,No,Petrol,1.5,582100,4,Manual,Front,4-5,Left wheel,Blue,4,3763.0,31108.748249059645
45794078,779,FORD,Fusion,2011,Sedan,No,Petrol,2.5,450600,4,Variator,Front,4-5,Left wheel,Carnelian red,16,15053.0,5486.939365209777
45794119,0,HYUNDAI,Elantra,2014,Sedan,No,Petrol,1.8,0,6,Automatic,Front,4-5,Left wheel,Black,6,70.0,37025.438017159024
45794120,0,TOYOTA,Camry,2014,Sedan,No,Hybrid,2.4,0,6,Automatic,Front,4-5,Left wheel,Black,6,80.0,37917.508237263995
45794124,0,HONDA,Cr-v,2017,Jeep,No,LPG,2,617200,4,Automatic,4x4,4-5,Right-hand drive,Silver,12,6586.0,2760.1267337592653
45794162,0,MERCEDES-BENZ,ML 350 ML350,2009,Jeep,Yes,Petrol,3.7,387300,6,Tiptronic,4x4,4-5,Left wheel,Black,12,15681.0,15163.933753237448
45794178,0,MERCEDES-BENZ,CLK 230,2018,Coupe,No,Petrol,2.3,72530,4,Manual,Rear,2-3,Left wheel,Black,2,6272.0,33655.76112623811
45794229,781,CHEVROLET,Cruze,2003,Sedan,No,Petrol,1.4 T,68826,4,Tiptronic,Front,4-5,Left wheel,White,0,23521.0,29351.243597889224
45794262,0,MERCEDES-BENZ,ML 320,2014,Jeep,Yes,Petrol,3.2,521600,6,Tiptronic,4x4,4-5,Left wheel,Black,5,11917.0,11293.995744580705
45794280,0,MERCEDES-BENZ,S 430,2000,Sedan,Yes,Petrol,4.3,0,8,Tiptronic,Rear,4-5,Left wheel,Silver,0,9408.0,19175.225075031485
45794310,0,HONDA,Civic,2019,Sedan,No,Petrol,1.7,629400,4,Variator,Front,4-5,Right-hand drive,Silver,2,5331.0,259435.98334557924
45794336,0,OPEL,Vectra,2022,Sedan,No,Petrol,1.6,659500,4,Automatic,Front,2-3,Left wheel,Blue,2,3607.0,61368.214645580534
45794339,1079,LEXUS,NX 300,2018,Jeep,Yes,Petrol,2.0 T,25600,4,Tiptronic,Front,>5,Left wheel,White,7,97219.0,45605.29888916905
45794376,0,HONDA,FIT,2011,Sedan,No,Petrol,1.5,424100,4,Automatic,Front,4-5,Right-hand drive,Silver,4,8781.0,14732.490746759075
45794448,0,MERCEDES-BENZ,Sprinter,1991,Microbus,No,Petrol,2.7,0,4,Manual,Rear,2-3,Left wheel,White,2,37633.0,78793.48827858394
45794491,779,TOYOTA,Camry,2004,Sedan,Yes,LPG,2.5,385700,4,Tiptronic,Front,4-5,Left wheel,White,6,18817.0,13256.72786443606
45794503,0,FORD,Transit,2015,Microbus,No,Diesel,2.5,483500,4,Manual,Front,2-3,Left wheel,White,2,10976.0,59915.424003878696
45794536,0,BMW,318,2017,Sedan,No,Petrol,1.9,620900,4,Manual,Rear,4-5,Left wheel,Blue,6,7300.0,7510.541503205264
45794543,382,LINCOLN,MKZ hybrid,2012,Sedan,Yes,Hybrid,2,413700,4,Tiptronic,Front,4-5,Left wheel,Grey,10,15681.0,23695.65019979443
45794577,777,TOYOTA,Camry,2003,Sedan,No,Petrol,2.5,373900,4,Tiptronic,Front,4-5,Left wheel,Grey,10,18189.0,18901.88191587375
45794593,0,TOYOTA,Prius,2006,Sedan,No,Hybrid,1.8,404700,4,Variator,Front,4-5,Left wheel,Grey,8,20385.0,19182.870495864147
45794607,0,MERCEDES-BENZ,ML 350 370,2010,Jeep,Yes,Petrol,3.7,198208,6,Tiptronic,4x4,4-5,Left wheel,Silver,10,16590.0,33877.05654395323
45794608,0,MERCEDES-BENZ,E 280,2002,Sedan,Yes,Diesel,2.8 T,134673,6,Tiptronic,Rear,4-5,Left wheel,Silver,12,21639.0,-5528.079865611213
45794683,0,HONDA,Civic,2016,Hatchback,No,Petrol,1.5,515400,4,Variator,Front,4-5,Right-hand drive,Silver,2,7213.0,1908.879746175964
45794793,781,TOYOTA,Camry,2006,Sedan,No,Hybrid,2.5,316300,4,Automatic,Front,4-5,Left wheel,Golden,12,19130.0,11066.60569702434
45794808,0,SUZUKI,XL7,2016,Jeep,No,CNG,2.7,551000,6,Automatic,4x4,4-5,Left wheel,Golden,8,6899.0,-23984.28774059227
45794848,0,HYUNDAI,Veloster,2004,Sedan,Yes,Petrol,1.6 T,368300,4,Automatic,Front,2-3,Left wheel,Blue,6,19444.0,75354.55990092478
45794871,0,MITSUBISHI,Airtrek,2017,Jeep,No,Petrol,2,606500,4,Tiptronic,4x4,4-5,Right-hand drive,Black,2,6899.0,12704.097694606226
45794876,0,MERCEDES-BENZ,S 430,2014,Sedan,Yes,Petrol,4.3,456100,8,Automatic,Rear,4-5,Left wheel,Golden,8,10349.0,-19719.968673893723
45794877,0,MERCEDES-BENZ,A 170,2014,Sedan,No,Petrol,1.7,578800,4,Tiptronic,Front,4-5,Right-hand drive,Carnelian red,6,6899.0,188258.8980597327
45794943,0,VOLKSWAGEN,Golf 4,2021,Hatchback,No,Petrol,1.6,620800,4,Manual,Front,4-5,Left wheel,Black,4,7840.0,-10073.493432613963
45795054,0,BMW,318,2000,Sedan,Yes,Petrol,2,0,4,Manual,Rear,4-5,Left wheel,Grey,4,7840.0,61165.29369842614
45795180,2004,MERCEDES-BENZ,240,2017,Sedan,No,Petrol,2.4,595300,6,Automatic,Rear,4-5,Left wheel,Silver,6,5959.0,-33102.70112658139
45795192,761,FORD,Transit Connect,2014,Goods wagon,Yes,Diesel,1.8 T,540400,4,Manual,Front,2-3,Left wheel,Silver,4,9095.0,54555.91423512439
45795502,0,HONDA,FIT,2010,Hatchback,No,Petrol,1.3,0,4,Variator,Front,4-5,Right-hand drive,Black,4,12544.0,33145.758890869285
45795511,0,MITSUBISHI,Outlander,2013,Universal,No,CNG,2.4,448400,6,Automatic,4x4,4-5,Left wheel,Silver,6,8467.0,-6515.152919551747
45795520,0,TOYOTA,Camry,2006,Sedan,Yes,Hybrid,2.5,43911,4,Variator,Front,4-5,Left wheel,White,12,17249.0,38300.15341782615
45795563,0,TOYOTA,Prius,2014,Hatchback,Yes,Hybrid,1.5,622200,4,Tiptronic,Front,4-5,Left wheel,Golden,6,9408.0,5526.984658864212
45795572,0,FORD,Transit,2015,Microbus,No,Diesel,2.5,469700,4,Manual,Rear,4-5,Left wheel,Carnelian red,2,13328.0,-7249.200447820847
45795597,0,VOLKSWAGEN,Jetta 2.0,2014,Sedan,No,Petrol,2,679700,4,Automatic,Front,4-5,Left wheel,Silver,6,6115.0,10653.394855074399
45795869,751,KIA,Optima,2009,Sedan,Yes,Petrol,2.4,512400,4,Automatic,Front,4-5,Left wheel,Silver,8,15367.0,5971.820342672352
45795945,0,BMW,318,2019,Sedan,No,CNG,1.8,687900,4,Manual,Rear,4-5,Left wheel,Blue,0,4704.0,-11732.65828733698
45795966,0,NISSAN,Elgrand,2011,Minivan,No,Petrol,3.5,454700,6,Tiptronic,Rear,4-5,Right-hand drive,Beige,12,12544.0,19411.50624084675
45796070,738,CHEVROLET,Cruze,2008,Sedan,Yes,Petrol,1.4,367300,4,Automatic,Front,4-5,Left wheel,Red,0,15681.0,-7970.734398417586
45796176,843,TOYOTA,Prius,2012,Hatchback,No,Petrol,1.5,539500,4,Automatic,Front,4-5,Left wheel,White,12,10036.0,-4136.112910866366
45796251,0,OPEL,Vectra,2014,Sedan,No,Petrol,1.6,393700,4,Manual,Front,4-5,Left wheel,Green,2,8154.0,-5436.100674056099
45796555,0,BMW,428,1997,Coupe,Yes,Petrol,2.0 T,176800,4,Tiptronic,Rear,2-3,Left wheel,Black,12,36692.0,42741.71943748872
45796621,0,TOYOTA,Prius,2000,Sedan,No,Hybrid,1.8,130576,4,Automatic,Front,4-5,Left wheel,Green,2,24148.0,34602.58925663828
45796657,0,MERCEDES-BENZ,E 500,2013,Sedan,Yes,Petrol,5,448500,8,Tiptronic,Front,4-5,Left wheel,Black,12,14113.0,23185.898690013357
45796658,0,MERCEDES-BENZ,E 55,2022,Coupe,Yes,Petrol,5.5,621900,8,Tiptronic,Rear,2-3,Left wheel,Black,12,180.0,14363.375966328575
45796743,0,HONDA,FIT,2010,Hatchback,Yes,Petrol,1.3,446000,4,Variator,Front,4-5,Right-hand drive,Blue,4,11604.0,37652.98383549342
45796771,781,HYUNDAI,H1,2006,Universal,Yes,Diesel,2.5,560318,4,Automatic,Front,4-5,Left wheel,Yellow,4,19369.0,7429.240359002239
45796775,0,OPEL,Astra CNG,2016,Universal,No,CNG,1.6,618700,4,Manual,Front,4-5,Left wheel,Red,4,6272.0,17842.096667384492
45796783,1347,HYUNDAI,H1,2010,Universal,Yes,Diesel,2.5,483100,4,Automatic,Front,4-5,Left wheel,Yellow,4,13589.0,3044.4729320985916
45796790,0,NISSAN,Skyline,2010,Sedan,Yes,Petrol,2.5,368200,6,Tiptronic,Rear,4-5,Right-hand drive,Blue,8,11604.0,38531.83504508374
45796795,862,HYUNDAI,H1,2001,Minivan,Yes,Diesel,2.5,273400,4,Automatic,Front,4-5,Left wheel,Silver,4,24628.0,27511.044838735637
45796804,1024,HYUNDAI,H1,2008,Universal,Yes,Diesel,2.5,415600,4,Automatic,Front,4-5,Left wheel,Silver,4,18450.0,9819.005450181965
45796806,777,TOYOTA,Camry,2001,Sedan,Yes,Petrol,2.5,270500,4,Tiptronic,Front,4-5,Left wheel,Grey,12,25089.0,29370.275673426266
45796813,1185,HYUNDAI,H1,2007,Universal,Yes,Diesel,2.5,465600,4,Automatic,Front,4-5,Left wheel,Yellow,4,16766.0,7221.487408308365
45796824,777,HYUNDAI,H1,1995,Universal,Yes,Diesel,2.5,164600,4,Automatic,Front,4-5,Left wheel,Black,4,30326.0,32366.430771762727
45796833,0,MERCEDES-BENZ,C 200,2016,Sedan,No,Petrol,2,545000,4,Manual,Rear,4-5,Left wheel,Blue,2,7527.0,30217.48777603805
45796850,1024,HYUNDAI,H1,2006,Universal,Yes,Diesel,2.5,394700,4,Automatic,Front,4-5,Left wheel,Grey,4,16766.0,12739.228108900552
45796866,781,VOLKSWAGEN,Passat,2010,Sedan,Yes,Petrol,2.5,391100,4,Tiptronic,Front,4-5,Left wheel,Grey,8,15681.0,21332.11476975034
45796969,0,FORD,Transit,2005,Microbus,No,Diesel,2.4 T,495100,4,Manual,Rear,2-3,Left wheel,White,2,17876.0,50514.58268227543
45796990,1091,HYUNDAI,H1,2000,Universal,Yes,Diesel,2.5,143800,4,Automatic,Front,4-5,Left wheel,Grey,4,27463.0,27657.041918371528
45796996,777,HYUNDAI,H1,1996,Minivan,Yes,Diesel,2.5,169375,4,Automatic,Front,4-5,Left wheel,White,4,30750.0,31709.83922602037
45797003,777,HYUNDAI,H1,1998,Minivan,Yes,Diesel,2.5,188032,4,Automatic,Front,4-5,Left wheel,Silver,4,30784.0,34263.36407906575
45797004,1030,NISSAN,Note,2013,Hatchback,No,Petrol,1.2,386800,3,Automatic,Front,4-5,Right-hand drive,Silver,2,9722.0,-13184.30875591806
45797011,0,NISSAN,Elgrand,2012,Minivan,Yes,Petrol,3.5,534026,6,Tiptronic,Rear,4-5,Right-hand drive,Green,12,12544.0,16582.126600845284
45797037,765,HYUNDAI,Genesis,1992,Coupe,Yes,Petrol,2,10523,4,Automatic,Front,4-5,Left wheel,White,4,38737.0,35779.04548305496
45797052,765,HYUNDAI,Genesis,2001,Coupe,Yes,Petrol,2,199075,4,Automatic,Front,4-5,Left wheel,Grey,4,29777.0,27144.04791046466
45797053,777,HYUNDAI,H1,1993,Minivan,Yes,Diesel,2.5,163600,4,Automatic,Front,4-5,Left wheel,Silver,4,34657.0,37974.51127135048
45797054,836,HYUNDAI,Genesis,2004,Coupe,Yes,Petrol,2,464200,4,Automatic,Front,4-5,Left wheel,Grey,4,15323.0,11452.492471219553
45797057,639,HYUNDAI,Genesis,1997,Coupe,Yes,Petrol,2,245200,4,Automatic,Front,4-5,Left wheel,Grey,4,31797.0,28195.281985162695
45797062,777,HYUNDAI,H1,1994,Minivan,Yes,Diesel,2.5,17069,4,Automatic,Front,4-5,Left wheel,Yellow,4,35736.0,46126.54809239459
45797073,777,HYUNDAI,H1,1996,Minivan,Yes,Diesel,2.5,165000,4,Automatic,Front,4-5,Left wheel,Black,4,32910.0,37076.69988578122
45797094,1091,HYUNDAI,H1,1994,Minivan,Yes,Diesel,2.5,97752,4,Automatic,Front,4-5,Left wheel,Black,4,36567.0,37967.6376654217
45797097,583,HYUNDAI,Elantra,2010,Sedan,Yes,Petrol,1.6,433700,4,Automatic,Front,4-5,Left wheel,Silver,4,14454.0,6210.466004340362
45797108,531,HYUNDAI,Elantra,2007,Sedan,Yes,Petrol,1.6,413400,4,Automatic,Front,4-5,Left wheel,Grey,4,13589.0,10175.208893060819
45797129,966,HYUNDAI,Genesis,2006,Coupe,Yes,Petrol,2,455800,4,Automatic,Front,4-5,Left wheel,Grey,4,17553.0,9437.812186582176
45797130,583,HYUNDAI,Elantra,2009,Sedan,Yes,Petrol,1.6,547000,4,Automatic,Front,4-5,Left wheel,White,4,14454.0,-3514.81804572243
45797136,966,HYUNDAI,Genesis,2003,Coupe,Yes,Petrol,2,513200,4,Automatic,Front,4-5,Left wheel,Grey,4,16358.0,8018.442556385271
45797143,528,HYUNDAI,Elantra,2003,Sedan,Yes,Petrol,1.6,384300,4,Automatic,Front,4-5,Left wheel,Silver,4,18500.0,12788.267656807107
45797149,1091,HYUNDAI,H1,1987,Minivan,Yes,Diesel,2.5,182100,4,Automatic,Front,4-5,Left wheel,Silver,4,41886.0,36506.711669909775
45797159,831,HYUNDAI,Elantra,2000,Sedan,Yes,LPG,1.6,374200,4,Automatic,Front,4-5,Left wheel,White,4,23678.0,3135.7521290387976
45797176,1091,HYUNDAI,H1,1996,Minivan,Yes,Diesel,2.5,120900,4,Automatic,Front,4-5,Left wheel,White,4,32578.0,30660.925191804836
45797178,586,HYUNDAI,Elantra,2005,Sedan,Yes,Petrol,1.8,351900,4,Automatic,Front,4-5,Left wheel,White,4,19068.0,19662.80430015313
45797182,836,HYUNDAI,Genesis,2006,Coupe,Yes,Petrol,2,422300,4,Automatic,Front,4-5,Left wheel,Grey,4,16091.0,12582.57862130753
45797189,810,HYUNDAI,Elantra,1993,Sedan,Yes,Petrol,1.8,208600,4,Automatic,Front,4-5,Left wheel,White,4,32274.0,30355.356859882926
45797199,707,HYUNDAI,Genesis,2010,Coupe,Yes,Petrol,2,109031,4,Automatic,Front,4-5,Left wheel,Grey,4,15245.0,27892.02284264314
45797213,831,HYUNDAI,Elantra,2002,Sedan,Yes,Diesel,1.6,316400,4,Automatic,Front,4-5,Left wheel,White,4,20071.0,26812.705397034137
45797217,645,HYUNDAI,Elantra,1997,Sedan,Yes,Petrol,1.8,53423,4,Automatic,Front,4-5,Left wheel,Black,4,28523.0,43212.60552172839
45797220,1756,HYUNDAI,Genesis,2009,Coupe,Yes,Petrol,3.8,359000,4,Automatic,Front,4-5,Left wheel,White,4,13463.0,-12627.663203300202
45797241,0,FORD,Fiesta,2009,Hatchback,No,Petrol,1.3,471600,4,Manual,Front,4-5,Left wheel,White,8,11447.0,11769.393071187493
45797273,583,HYUNDAI,Elantra,2010,Sedan,Yes,Petrol,1.6,504700,4,Automatic,Front,4-5,Left wheel,Silver,4,15323.0,2618.0015565625763
45797275,777,HYUNDAI,H1,1996,Minivan,Yes,Diesel,2.5,3600,4,Automatic,Front,4-5,Left wheel,Silver,4,35902.0,44585.24501904034
45797309,893,HYUNDAI,I30,2019,Hatchback,Yes,Petrol,1.6,477100,4,Automatic,Front,4-5,Left wheel,Silver,4,7840.0,-8214.544412969604
45797319,777,HYUNDAI,H1,2005,Minivan,Yes,Diesel,2.5,257500,4,Automatic,Front,4-5,Left wheel,Black,4,23436.0,27941.494137966572
45797331,0,MERCEDES-BENZ,C 250,1990,Coupe,Yes,Petrol,1.8 T,0,4,Tiptronic,Rear,2-3,Left wheel,Blue,12,40769.0,99288.56944401798
45797335,1138,HYUNDAI,Genesis,1993,Coupe,Yes,Petrol,3.8,0,4,Automatic,Front,4-5,Left wheel,White,4,41883.0,20348.637489245146
45797345,528,HYUNDAI,Elantra,2006,Sedan,Yes,Petrol,1.6,436000,4,Automatic,Front,4-5,Left wheel,Silver,4,16465.0,8687.385579221565
45797372,583,HYUNDAI,I30,2014,Hatchback,Yes,Diesel,1.6,460800,4,Automatic,Front,4-5,Left wheel,Black,4,10381.0,17160.509952815868
45797380,687,HYUNDAI,Elantra,2011,Sedan,Yes,Petrol,1.6,447400,4,Automatic,Front,4-5,Left wheel,White,4,10117.0,-625.0063696510442
45797402,531,HYUNDAI,I30,2014,Hatchback,Yes,Diesel,1.6,557350,4,Automatic,Front,4-5,Left wheel,Silver,4,11917.0,12197.16971764822
45797403,687,HYUNDAI,Elantra,2008,Sedan,Yes,Petrol,1.6,252800,4,Automatic,Front,4-5,Left wheel,White,4,15612.0,10706.342885222455
45797432,862,HYUNDAI,H1,2006,Minivan,Yes,Diesel,2.5,559200,4,Automatic,Front,4-5,Left wheel,White,4,16778.0,6087.668558270099
45797437,1047,HYUNDAI,Elantra,2014,Sedan,Yes,Petrol,1.6,600500,4,Automatic,Front,4-5,Left wheel,Grey,4,10406.0,-8510.916871584726
45797463,1091,HYUNDAI,H1,1986,Universal,Yes,Diesel,2.5,27131,4,Automatic,Front,4-5,Left wheel,Grey,4,44843.0,40490.08756058686
45797476,1047,HYUNDAI,Elantra,2014,Sedan,Yes,Petrol,1.6,564100,4,Automatic,Front,4-5,Left wheel,Silver,4,11704.0,-7541.8950716651525
45797486,531,HYUNDAI,Elantra,2002,Sedan,Yes,Petrol,1.6,344100,4,Automatic,Front,4-5,Left wheel,White,4,19933.0,10796.335229909086
45797493,531,HYUNDAI,Elantra,2007,Sedan,Yes,Petrol,1.6,101283,4,Automatic,Front,4-5,Left wheel,Grey,4,16618.0,25967.733203582746
45797501,1091,HYUNDAI,H1,1989,Universal,Yes,Diesel,2.5,0,4,Automatic,Front,4-5,Left wheel,Black,4,43655.0,40163.1415983236
45797504,1091,HYUNDAI,H1,1990,Universal,Yes,Diesel,2.5,0,4,Automatic,Front,4-5,Left wheel,Silver,4,42171.0,39010.16794673547
45797526,1249,HYUNDAI,H1,1992,Universal,Yes,Diesel,2.5,44000,4,Automatic,Front,4-5,Left wheel,Silver,4,38016.0,34031.89808046422
45797536,531,HYUNDAI,Elantra,2004,Sedan,Yes,Petrol,1.6,261800,4,Automatic,Front,4-5,Left wheel,White,4,20266.0,13970.584248873434
45797553,531,HYUNDAI,Elantra,2003,Sedan,Yes,Petrol,1.6,324700,4,Automatic,Front,4-5,Left wheel,Grey,4,20266.0,16643.207258260438
45797561,528,HYUNDAI,Elantra,2004,Sedan,Yes,Diesel,1.6,390100,4,Automatic,Front,4-5,Left wheel,White,4,20266.0,25472.639240716253
45797585,1185,HYUNDAI,H1,2007,Minivan,Yes,Diesel,2.5,93715,4,Automatic,Front,4-5,Left wheel,White,4,18189.0,25543.311496553433
45797609,583,HYUNDAI,Elantra,2006,Sedan,Yes,Petrol,1.6,412200,4,Automatic,Front,4-5,Left wheel,Silver,4,20005.0,9278.272666854553
45797613,531,HYUNDAI,Elantra,2006,Sedan,Yes,Petrol,1.6,396300,4,Automatic,Front,4-5,Left wheel,Black,4,20005.0,11320.661191862706
45797614,1249,HYUNDAI,H1,1999,Minivan,Yes,Diesel,2.5,143300,4,Automatic,Front,4-5,Left wheel,Silver,4,29636.0,30768.094447973497
45797618,531,HYUNDAI,Elantra,2004,Sedan,Yes,Petrol,1.6,368000,4,Automatic,Front,4-5,Left wheel,White,4,20005.0,8597.06700445089
45797634,0,TOYOTA,CHR,2018,Jeep,Yes,Petrol,1.2,12000,4,Tiptronic,4x4,4-5,Left wheel,White,12,57391.0,-7366.5318830926735
45797654,583,HYUNDAI,Elantra,2003,Sedan,Yes,Petrol,1.6,308700,4,Automatic,Front,4-5,Left wheel,Grey,4,20005.0,16872.884554295182
45797656,1024,HYUNDAI,H1,2008,Minivan,Yes,Diesel,2.5,472043,4,Automatic,Front,4-5,Left wheel,Silver,4,13172.0,12188.592688228779
45797686,531,HYUNDAI,Elantra,2006,Sedan,Yes,Petrol,1.6,369100,4,Automatic,Front,4-5,Left wheel,White,4,19707.0,7551.43524954669
45797690,583,HYUNDAI,Elantra,2005,Sedan,Yes,Petrol,1.6,414000,4,Automatic,Front,4-5,Left wheel,White,4,19707.0,5194.67574252729
45797693,0,MERCEDES-BENZ,ML 270,2013,Jeep,Yes,Diesel,2.7 T,509500,5,Tiptronic,4x4,4-5,Right-hand drive,Silver,6,11604.0,14164.6982399913
45797747,531,HYUNDAI,Elantra,2006,Sedan,Yes,Petrol,1.6,343600,4,Automatic,Front,4-5,Left wheel,Black,4,19416.0,13987.180577748466
45797792,1185,HYUNDAI,H1,2010,Minivan,Yes,Diesel,2.5,390200,4,Automatic,Front,4-5,Left wheel,Silver,4,15053.0,13544.283047485795
45797799,1347,HYUNDAI,H1,2008,Minivan,Yes,Diesel,2.5,362800,4,Automatic,Front,4-5,Left wheel,Silver,4,12544.0,14114.057486337035
45797808,583,HYUNDAI,Elantra,2002,Sedan,Yes,Petrol,1.6,266100,4,Automatic,Front,4-5,Left wheel,Silver,4,19121.0,18650.60144476466
45797860,583,HYUNDAI,Elantra,2006,Sedan,Yes,Petrol,1.6,416700,4,Automatic,Front,4-5,Left wheel,White,4,18798.0,4563.073969825582
45797876,1185,HYUNDAI,H1,2006,Minivan,Yes,Diesel,2.5,370000,4,Automatic,Front,4-5,Left wheel,Silver,4,17710.0,16546.3121919421
45797900,0,TOYOTA,Aqua,2009,Hatchback,No,Hybrid,1.5,404700,4,Automatic,Front,4-5,Right-hand drive,White,4,16308.0,14550.834634085695
45797925,583,HYUNDAI,Elantra,2005,Sedan,Yes,Petrol,1.6,390369,4,Automatic,Front,4-5,Left wheel,White,4,18240.0,6390.359226547502
45797937,583,HYUNDAI,Elantra,2007,Sedan,Yes,Petrol,1.6,398000,4,Automatic,Front,4-5,Left wheel,White,4,17484.0,5014.271340538582
45797956,530,HYUNDAI,Elantra,2009,Sedan,Yes,Petrol,1.6,317800,4,Automatic,Front,4-5,Left wheel,White,4,16894.0,8673.308298029313
45797992,687,HYUNDAI,Elantra,2004,Sedan,Yes,Petrol,1.6,434600,4,Automatic,Front,4-5,Left wheel,Silver,4,15718.0,7975.064973663912
45797999,687,HYUNDAI,Elantra,2009,Sedan,Yes,Petrol,1.6,136100,4,Automatic,Front,4-5,Left wheel,Silver,4,15423.0,20603.660444052068
45798004,687,HYUNDAI,Elantra,2009,Sedan,Yes,Petrol,1.6,414700,4,Automatic,Front,4-5,Left wheel,Silver,4,15132.0,6507.032343335337
45798077,687,HYUNDAI,Elantra,2009,Sedan,Yes,Petrol,1.6,456300,4,Automatic,Front,4-5,Left wheel,Silver,4,13178.0,4402.151765482444
45798110,1047,HYUNDAI,Elantra,2009,Sedan,Yes,Petrol,1.6,452100,4,Automatic,Front,4-5,Left wheel,Silver,4,12585.0,600.0257369999308
45798158,1047,HYUNDAI,Elantra,2013,Sedan,Yes,Petrol,1.6,414000,4,Automatic,Front,4-5,Left wheel,Silver,4,10635.0,547.8652869865255
45798184,1047,HYUNDAI,Elantra,2013,Sedan,Yes,Petrol,1.6,408800,4,Automatic,Front,4-5,Left wheel,Silver,4,11368.0,810.9753592181369
45798209,0,KIA,Sorento,2004,Jeep,Yes,LPG,2.4,0,4,Manual,4x4,4-5,Left wheel,Black,8,10976.0,38076.610121253994
45798238,880,HYUNDAI,Elantra,1995,Sedan,Yes,Petrol,1.6,29778,4,Automatic,Front,4-5,Left wheel,Red,4,31581.0,23484.33754053763
45798252,531,HYUNDAI,Elantra,2011,Sedan,Yes,Petrol,1.6,479100,4,Automatic,Front,4-5,Left wheel,White,4,13495.0,-489.2893774907825
45798274,0,MERCEDES-BENZ,ML 350,2014,Jeep,Yes,Diesel,3.5 T,207568,6,Tiptronic,4x4,4-5,Left wheel,Grey,10,68994.0,60684.50315832994
45798275,629,HYUNDAI,Elantra,2003,Sedan,Yes,Diesel,1.6,90596,4,Automatic,Front,4-5,Left wheel,White,4,19864.0,39995.627762086595
45798306,629,HYUNDAI,Elantra,2002,Sedan,Yes,LPG,1.6,439600,4,Automatic,Front,4-5,Left wheel,Grey,4,18346.0,6449.5771233219075
45798311,730,HYUNDAI,Elantra,2010,Sedan,Yes,LPG,1.6,384600,4,Automatic,Front,4-5,Left wheel,White,4,18503.0,-1214.0082932476107
45798336,0,HONDA,FIT,2012,Hatchback,No,Petrol,1.5,502200,4,Variator,Front,4-5,Right-hand drive,Black,4,9408.0,10160.524651367989
45798355,0,MERCEDES-BENZ,CLK 200,2013,Coupe,Yes,CNG,2.0 T,534900,4,Manual,Rear,2-3,Left wheel,Silver,5,8467.0,-13644.876700200388
45798372,0,MITSUBISHI,Pajero,2008,Jeep,Yes,Diesel,2.8 T,445400,4,Automatic,4x4,4-5,Left wheel,Blue,2,17249.0,8309.17890774561
45798379,0,TOYOTA,Prius,2010,Hatchback,Yes,Hybrid,1.5,356300,4,Automatic,Front,4-5,Left wheel,Grey,6,14113.0,25793.018139171287
45798397,0,TOYOTA,Prius,2002,Hatchback,Yes,Hybrid,1.8,353500,4,Variator,Front,4-5,Left wheel,Grey,6,23207.0,28779.26046169077
45798430,0,TOYOTA,Prius,2001,Hatchback,Yes,Hybrid,1.8,156500,4,Automatic,Front,4-5,Left wheel,Blue,12,23834.0,62687.41248360368
45798433,0,VOLKSWAGEN,Jetta GLI,2009,Sedan,No,Petrol,2.0 T,199217,4,Manual,Front,4-5,Left wheel,Black,8,16500.0,19364.098171473335
45798462,0,HYUNDAI,Veloster,2009,Hatchback,No,Petrol,1.6,366363,4,Tiptronic,Front,4-5,Left wheel,White,4,18817.0,-20354.24177411772
45798473,0,BMW,325,2012,Hatchback,Yes,Petrol,2.5,380700,6,Manual,Rear,2-3,Left wheel,Blue,4,10349.0,88280.50881591371
45798479,0,BMW,523,2011,Sedan,No,Petrol,2.3,606000,6,Manual,Rear,4-5,Left wheel,Blue,12,8311.0,25723.196862661745
45798480,0,MERCEDES-BENZ,CLK 320,2015,Coupe,Yes,Petrol,3.2,686000,6,Tiptronic,Rear,2-3,Left wheel,Silver,4,7840.0,-8196.903987437603
45798484,0,GAZ,20,1953,Sedan,No,Petrol,2,0,4,Manual,Rear,4-5,Left wheel,Beige,0,51746.0,49055.539900361815
45798496,502,MERCEDES-BENZ,Citan,2006,Goods wagon,No,Diesel,1.5 T,389500,4,Manual,Front,2-3,Left wheel,Black,10,17249.0,114724.76679069626
45798508,1528,FORD,Transit,2003,Microbus,No,Diesel,2.4 T,388400,4,Manual,Rear,4-5,Left wheel,White,3,23521.0,-17688.62237596455
45798604,0,OPEL,Vectra,2018,Sedan,No,Petrol,2,612900,4,Manual,Front,4-5,Left wheel,White,0,3450.0,13437.991002879073
45798660,0,TOYOTA,Prius,2003,Hatchback,No,Plug-in Hybrid,1.8,236949,4,Automatic,Front,4-5,Left wheel,White,12,23834.0,26273.32184806949
45798725,0,MERCEDES-BENZ,E 240,2017,Sedan,No,Petrol,2.4,532900,6,Manual,Rear,4-5,Left wheel,Silver,6,7527.0,-3092.811387543843
45798730,503,TOYOTA,Prius C,2009,Hatchback,No,Hybrid,1.5,499400,4,Automatic,Front,4-5,Left wheel,Black,12,10900.0,8963.197527296454
45798733,0,BMW,X5,1998,Jeep,Yes,Petrol,3.5,186145,6,Tiptronic,4x4,4-5,Left wheel,Silver,10,23834.0,38548.21347646984
45798932,0,HONDA,Inspire,2015,Sedan,No,Petrol,3,600100,6,Tiptronic,Front,4-5,Right-hand drive,Black,6,8154.0,9511.62440458855
45798933,934,NISSAN,Rogue,2004,Jeep,No,Petrol,2.5,436200,4,Automatic,4x4,4-5,Left wheel,Silver,0,17562.0,11928.635739947676
45799216,0,MITSUBISHI,Airtrek,2017,Jeep,No,Petrol,2,509500,4,Automatic,Front,4-5,Right-hand drive,Black,4,8467.0,17399.10308238156
45799218,0,OPEL,Vectra,2020,Sedan,No,Petrol,1.6,711100,4,Manual,Front,4-5,Left wheel,Blue,4,5018.0,1007.997660051431
45799286,0,TOYOTA,Aqua,2009,Hatchback,No,Petrol,1.5,422300,4,Automatic,Front,4-5,Right-hand drive,Sky blue,4,14426.0,15384.722828663631
45799301,922,OPEL,Astra H,2013,Sedan,No,Diesel,1.9 T,503300,4,Manual,Front,4-5,Left wheel,Silver,10,9722.0,80889.9747719529
45799420,0,MERCEDES-BENZ,C 180,2013,Universal,No,CNG,1.8,581200,4,Variator,Rear,4-5,Left wheel,Black,2,9408.0,-20949.455677870945
45799852,0,OPEL,Astra,2018,Sedan,No,Petrol,1.4,648599,4,Manual,Front,4-5,Left wheel,Green,0,3000.0,5057.034580069958
45799856,640,BMW,X1,2001,Jeep,Yes,Petrol,2,239000,12,Tiptronic,Front,4-5,Left wheel,Black,12,28225.0,18322.164032952125
45799860,0,FORD,Transit,2020,Microbus,No,Diesel,2.5 T,614600,4,Manual,Rear,>5,Left wheel,Carnelian red,2,8781.0,-32425.045802206223
45799887,0,TOYOTA,Camry,1999,Sedan,No,Petrol,2.5,243500,4,Automatic,Front,4-5,Left wheel,White,0,26657.0,29171.772715106617
45800052,1699,AUDI,A6,2015,Sedan,Yes,Petrol,3.2,631700,6,Tiptronic,4x4,4-5,Left wheel,Golden,12,5466.0,-13507.296219686454
45800057,1408,MERCEDES-BENZ,Viano,1991,Minivan,Yes,Diesel,2.2 T,62049,4,Manual,Rear,4-5,Left wheel,Black,10,37633.0,23949.236660070826
45800062,0,NISSAN,X-Trail,2011,Jeep,Yes,Petrol,2,584100,4,Automatic,4x4,4-5,Right-hand drive,White,2,11604.0,11617.622521922576
45800165,0,MERCEDES-BENZ,Vito,1985,Minivan,Yes,Diesel,2.2,0,6,Automatic,Front,4-5,Left wheel,Beige,12,45473.0,54065.58935464601
45800331,0,MERCEDES-BENZ,A 190,2017,Sedan,Yes,Petrol,1.9,585700,4,Automatic,Front,4-5,Right-hand drive,Black,4,5488.0,3561.1721007285105
45800358,0,NISSAN,Teana,2014,Sedan,Yes,LPG,2.3,537452,6,Automatic,Front,4-5,Left wheel,Beige,6,8781.0,8533.841288110363
45800493,0,MITSUBISHI,Colt,2016,Hatchback,No,Petrol,1.5,575300,4,Variator,4x4,4-5,Right-hand drive,Silver,4,5959.0,20991.20248676295
45800513,0,VOLKSWAGEN,Passat,2007,Sedan,Yes,Petrol,1.8 T,389700,4,Tiptronic,Front,4-5,Left wheel,Golden,10,17249.0,12265.62795595606
45800581,893,TOYOTA,Prius,2015,Sedan,No,Hybrid,1.6,566200,1,Automatic,4x4,4-5,Left wheel,Sky blue,1,9408.0,-13838.876612225587
45800730,639,HYUNDAI,Elantra GT,2005,Hatchback,Yes,Petrol,2,308900,4,Tiptronic,Front,4-5,Left wheel,Blue,7,19444.0,63260.41291284296
45800749,0,HONDA,FIT,2012,Sedan,No,Petrol,1.3,528400,4,Automatic,Front,4-5,Right-hand drive,White,4,9095.0,1057.5148368273403
45800762,584,HYUNDAI,Elantra,2014,Sedan,Yes,Petrol,1.8,406300,4,Automatic,Front,4-5,Left wheel,Blue,0,10976.0,40572.21127822868
45800763,0,TOYOTA,Prius,2012,Sedan,Yes,Petrol,1.5,193115,4,Automatic,Front,4-5,Left wheel,Blue,8,14113.0,54718.00264352594
45800773,585,TOYOTA,Prius,2011,Sedan,No,Hybrid,1.8,283200,4,Variator,Front,4-5,Left wheel,Silver,6,15053.0,15580.700194193614
45800776,0,MERCEDES-BENZ,C 180,2015,Universal,No,CNG,1.8,595500,4,Manual,Rear,4-5,Left wheel,Black,6,7524.0,-22713.437895594718
45800821,0,MERCEDES-BENZ,C 180,1994,Sedan,No,Petrol,1.8,0,4,Automatic,Rear,4-5,Left wheel,Black,4,4800.0,40630.40200413619
45800846,612,HYUNDAI,i20,2016,Sedan,No,Diesel,1.4 T,407000,4,Manual,Front,>5,Left wheel,Blue,8,10976.0,20851.281672408444
45800883,0,INFINITI,FX45,2009,Jeep,No,Petrol,4.5,317200,8,Tiptronic,4x4,4-5,Left wheel,Black,0,14113.0,596.5075328360763
45800910,0,MERCEDES-BENZ,ML 270,2017,Jeep,Yes,Diesel,2.7 T,76111,5,Tiptronic,4x4,4-5,Left wheel,Blue,10,8311.0,56221.49012186264
45801022,0,SUBARU,Forester,2001,Universal,No,Petrol,2.0 T,0,4,Automatic,4x4,4-5,Right-hand drive,Silver,2,5331.0,44122.29642631293
45801053,0,TOYOTA,Altezza,2013,Sedan,No,Petrol,2,569800,6,Automatic,Rear,4-5,Right-hand drive,Blue,4,8781.0,11706.318218390537
45801112,1832,MERCEDES-BENZ,Sprinter,2009,Microbus,No,Diesel,2.2 T,259700,4,Manual,Rear,2-3,Left wheel,White,2,16935.0,43120.208478623266
45801113,0,NISSAN,March,2016,Hatchback,No,Petrol,1.2,562095,4,Automatic,Front,4-5,Left wheel,Yellow,2,5500.0,2676.0144495948207
45801168,0,MERCEDES-BENZ,C 220,2010,Sedan,No,Diesel,2.2 T,666900,4,Manual,Rear,4-5,Left wheel,Silver,2,8781.0,-7066.455446454929
45801197,0,TOYOTA,Prius,2014,Sedan,No,Petrol,1.5,456300,4,Automatic,Front,4-5,Left wheel,White,0,10036.0,8678.429892752109
45801230,0,BMW,318 318,1998,Sedan,No,Petrol,1.8,0,4,Manual,Rear,4-5,Left wheel,Silver,4,6272.0,16377.86142709307
45801256,474,CHEVROLET,Cruze,2008,Sedan,No,Petrol,1.4 T,488700,4,Automatic,Front,4-5,Left wheel,Silver,12,14113.0,10591.919038735028
45801260,0,BMW,X6,1989,Jeep,Yes,Petrol,3.5 T,75600,6,Tiptronic,4x4,4-5,Left wheel,Black,10,42337.0,75721.65885228367
45801277,0,OPEL,Vectra,2018,Sedan,No,Petrol,1.8,114488,4,Manual,Front,4-5,Left wheel,Blue,4,4391.0,43544.84210648626
45801304,2078,BMW,325,2017,Sedan,Yes,Petrol,2.5,509600,6,Manual,Rear,4-5,Left wheel,Grey,6,8467.0,-24529.78708080134
45801329,0,TOYOTA,Prius,2010,Hatchback,No,Hybrid,1.6,478500,4,Automatic,Front,4-5,Left wheel,Red,6,13799.0,-4063.100447038334
45801383,0,FORD,Tourneo Connect,2003,Goods wagon,No,Diesel,1.8 T,0,4,Manual,Front,2-3,Left wheel,Blue,1,8154.0,105642.6071918806
45801385,0,BMW,330,2009,Sedan,No,Petrol,3,530500,6,Manual,Rear,4-5,Left wheel,White,0,14740.0,-24379.614706756838
45801394,0,OPEL,Corsa Corsa,2018,Hatchback,No,Petrol,1.2,502900,4,Manual,Front,4-5,Left wheel,Silver,4,6800.0,35945.539938736
45801409,475,HYUNDAI,Accent,2009,Sedan,Yes,Petrol,1.4,451589,4,Automatic,Front,4-5,Left wheel,Silver,4,13877.0,-2957.25047177956
45801419,730,HYUNDAI,Accent,2001,Sedan,Yes,Diesel,1.6,237000,4,Automatic,Front,4-5,Left wheel,White,4,21652.0,29793.96447014496
45801464,583,HYUNDAI,Accent,2014,Sedan,Yes,Diesel,1.6,456700,4,Automatic,Front,4-5,Left wheel,White,4,11143.0,13882.044381509844
45801466,583,HYUNDAI,Accent,2011,Sedan,Yes,Petrol,1.6,411800,4,Automatic,Front,4-5,Left wheel,Black,4,11290.0,4824.018727511839
45801468,531,HYUNDAI,Accent,2014,Hatchback,Yes,Diesel,1.6,507400,4,Automatic,Front,4-5,Left wheel,Black,4,10192.0,17578.086492894487
45801470,730,HYUNDAI,Elantra,2005,Sedan,Yes,Petrol,1.6,341900,4,Automatic,Front,4-5,Left wheel,White,4,21395.0,7203.487569490886
45801475,629,HYUNDAI,Elantra,2008,Sedan,Yes,Diesel,1.6,333900,4,Automatic,Front,4-5,Left wheel,White,4,16568.0,25209.975237210067
45801480,583,HYUNDAI,Elantra,2007,Sedan,Yes,Petrol,1.6,484000,4,Automatic,Front,4-5,Left wheel,Silver,4,14454.0,5150.342818921234
45801491,583,HYUNDAI,Elantra,2010,Sedan,Yes,Petrol,1.6,642300,4,Automatic,Front,4-5,Left wheel,White,4,14454.0,-8831.803027779417
45801492,531,HYUNDAI,Elantra,2008,Sedan,Yes,Petrol,1.6,441800,4,Automatic,Front,4-5,Left wheel,Black,4,15323.0,8028.474204827076
45801516,831,HYUNDAI,Elantra,2001,Sedan,Yes,Diesel,1.6,203200,4,Automatic,Front,4-5,Left wheel,White,4,28909.0,33035.39620465763
45801525,583,HYUNDAI,Elantra,2011,Sedan,Yes,Petrol,1.6,365700,4,Automatic,Front,4-5,Left wheel,Silver,4,14454.0,9156.1492521723
45801527,583,HYUNDAI,Elantra,2013,Sedan,Yes,Petrol,1.6,477900,4,Automatic,Front,4-5,Left wheel,Black,4,12980.0,3147.056331941687
45801541,0,TOYOTA,Camry,2009,Sedan,Yes,Hybrid,1.8,494800,4,Automatic,Front,4-5,Left wheel,Black,6,12544.0,-67.38682345459529
45801544,843,TOYOTA,Prius,2009,Hatchback,No,Hybrid,1.5,488300,4,Variator,Front,4-5,Left wheel,Golden,7,11290.0,-2593.077334549853
45801550,687,HYUNDAI,Elantra,2005,Sedan,Yes,Petrol,1.6,481800,4,Automatic,Front,4-5,Left wheel,White,4,15612.0,604.3408713823701
45801555,687,HYUNDAI,Elantra,2014,Sedan,Yes,Petrol,1.6,478400,4,Automatic,Front,4-5,Left wheel,Silver,4,11563.0,808.9993209754575
45801563,687,HYUNDAI,Elantra,2014,Sedan,Yes,Petrol,1.6,612300,4,Automatic,Front,4-5,Left wheel,Black,4,11704.0,-5308.098314904986
45801573,528,HYUNDAI,Elantra,2010,Sedan,Yes,Diesel,1.6,378400,4,Automatic,Front,4-5,Left wheel,White,4,14113.0,23094.71533821026
45801579,0,VOLKSWAGEN,Jetta,2007,Sedan,Yes,Petrol,1.8,330900,4,Tiptronic,Front,4-5,Left wheel,Red,6,17562.0,5649.096603732345
45801595,583,HYUNDAI,Elantra,2005,Sedan,Yes,Petrol,1.6,401600,4,Automatic,Front,4-5,Left wheel,Black,4,20266.0,10967.586081068643
45801598,583,HYUNDAI,Elantra,2005,Sedan,Yes,Petrol,1.6,355624,4,Automatic,Front,4-5,Left wheel,White,4,20149.0,8148.389891871995
45801602,531,HYUNDAI,Elantra,2004,Sedan,Yes,Petrol,1.6,259200,4,Automatic,Front,4-5,Left wheel,Silver,4,20266.0,18589.646573356236
45801610,583,HYUNDAI,Elantra,2005,Sedan,Yes,Petrol,1.6,377179,4,Automatic,Front,4-5,Left wheel,Silver,4,20005.0,11545.255332748147
45801611,531,HYUNDAI,Elantra,2004,Sedan,Yes,Petrol,1.6,307200,4,Automatic,Front,4-5,Left wheel,White,4,20005.0,11673.430925928204
45801621,531,HYUNDAI,Elantra,2002,Sedan,Yes,Petrol,1.6,394000,4,Automatic,Front,4-5,Left wheel,White,4,20005.0,8271.49049830188
45801626,583,HYUNDAI,Elantra,2005,Sedan,Yes,Petrol,1.6,321900,4,Automatic,Front,4-5,Left wheel,Black,4,20005.0,15000.253918926237
45801631,0,TOYOTA,Corolla,2007,Universal,No,Diesel,2.2 T,469600,4,Manual,Front,4-5,Left wheel,Black,9,15681.0,52330.035555889925
45801645,0,BMW,318,2012,Sedan,No,Petrol,1.6,552800,4,Automatic,Front,4-5,Left wheel,White,4,9408.0,-1920.1860103436666
45801652,0,JEEP,Liberty,2012,Jeep,Yes,Petrol,3.7,543200,6,Automatic,4x4,4-5,Left wheel,Blue,4,10976.0,39520.219830666916
45801654,531,HYUNDAI,Elantra,2004,Sedan,Yes,Petrol,1.6,365000,4,Automatic,Front,4-5,Left wheel,White,4,19416.0,8748.861276892205
45801656,583,HYUNDAI,Elantra,2004,Sedan,Yes,Petrol,1.6,279500,4,Automatic,Front,4-5,Left wheel,Silver,4,19416.0,16982.613172851074
45801659,583,HYUNDAI,Elantra,2006,Sedan,Yes,Petrol,1.6,334400,4,Automatic,Front,4-5,Left wheel,Silver,4,19089.0,13214.804132165958
45801662,0,NISSAN,Juke Turbo,2007,Jeep,No,Petrol,1.6 T,263500,4,Tiptronic,4x4,4-5,Left wheel,Blue,8,21012.0,36247.481981522746
45801667,583,HYUNDAI,Elantra,2003,Sedan,Yes,Petrol,1.6,486200,4,Automatic,Front,4-5,Left wheel,Black,4,19121.0,7676.961453232645
45801686,531,HYUNDAI,Elantra,2007,Sedan,Yes,Petrol,1.6,551678,4,Automatic,Front,4-5,Left wheel,Silver,4,18826.0,2305.8573858124037
45801723,687,HYUNDAI,Elantra,2006,Sedan,Yes,Petrol,1.6,364500,4,Automatic,Front,4-5,Left wheel,White,4,18531.0,6044.5099963332195
45801750,687,HYUNDAI,Elantra,2004,Sedan,Yes,Petrol,1.6,455800,4,Automatic,Front,4-5,Left wheel,Silver,4,17885.0,6902.385448411955
45801783,0,TOYOTA,RAV 4,1995,Jeep,No,CNG,2,0,4,Automatic,4x4,2-3,Right-hand drive,Blue,0,6272.0,104893.48451135392
45801810,0,MAZDA,Verisa,2015,Hatchback,No,Petrol,1.5,615500,4,Automatic,Front,4-5,Right-hand drive,Blue,6,9408.0,10251.75115988568
45801835,687,HYUNDAI,Elantra,2009,Sedan,Yes,Petrol,1.6,514400,4,Automatic,Front,4-5,Left wheel,Silver,4,15100.0,1462.4026892023066
45801839,687,HYUNDAI,Elantra,2012,Sedan,Yes,Petrol,1.6,185203,4,Automatic,Front,4-5,Left wheel,Silver,4,14834.0,16634.181608309867
45801855,687,HYUNDAI,Elantra,2017,Sedan,Yes,Petrol,1.6,418200,4,Automatic,Front,4-5,Left wheel,Silver,4,11864.0,2370.0436054509264
45801868,687,HYUNDAI,Elantra,2011,Sedan,Yes,Petrol,1.6,511200,4,Automatic,Front,4-5,Left wheel,Black,4,14069.0,1292.329448880926
45801881,687,HYUNDAI,Elantra,2011,Sedan,Yes,Petrol,1.6,454000,4,Automatic,Front,4-5,Left wheel,Grey,4,13476.0,4401.302225046778
45801882,0,OPEL,Astra,2017,Hatchback,No,Petrol,1.6,528300,4,Manual,Front,2-3,Left wheel,Blue,4,7370.0,102322.79414665922
45801911,730,HYUNDAI,Elantra,1999,Sedan,Yes,Petrol,1.6,230800,4,Automatic,Front,4-5,Left wheel,White,4,25299.0,15794.857023928063
45801936,629,HYUNDAI,Elantra,2003,Sedan,Yes,Diesel,1.6,358651,4,Automatic,Front,4-5,Left wheel,Silver,4,18776.0,30920.06381736804
45801945,528,HYUNDAI,Elantra,2010,Sedan,Yes,Diesel,1.6,468500,4,Automatic,Front,4-5,Left wheel,Silver,4,14426.0,23023.334644256433
45801961,880,HYUNDAI,Elantra,1992,Sedan,Yes,Petrol,1.6,43300,4,Automatic,Front,4-5,Left wheel,Grey,4,32929.0,32434.397700652145
45801969,0,BMW,M5,2009,Coupe,No,Petrol,2.5,187317,6,Manual,Rear,2-3,Left wheel,White,12,10976.0,13387.580379026213
45801977,891,FORD,Focus,2005,Hatchback,No,Petrol,2,371000,4,Automatic,Front,4-5,Left wheel,Grey,6,18189.0,16027.71102080363
45801978,730,HYUNDAI,Elantra,2007,Sedan,Yes,LPG,1.6,145931,4,Automatic,Front,4-5,Left wheel,Silver,4,18503.0,16834.655514064976
45801980,730,HYUNDAI,Elantra,2002,Sedan,Yes,LPG,1.6,350400,4,Automatic,Front,4-5,Left wheel,Silver,4,18503.0,8963.849120986553
45801983,730,HYUNDAI,Elantra,2004,Sedan,Yes,LPG,1.6,426500,4,Automatic,Front,4-5,Left wheel,Grey,4,18503.0,4996.10926075122
45801985,530,HYUNDAI,Elantra,2011,Sedan,Yes,Petrol,1.6,458200,4,Automatic,Front,4-5,Left wheel,White,4,11917.0,579.3624927667661
45801987,891,HYUNDAI,Genesis,2016,Coupe,Yes,Petrol,2,112032,4,Automatic,Front,4-5,Left wheel,White,4,49143.0,17358.07431906606
45801990,642,HYUNDAI,Genesis,1992,Coupe,Yes,Petrol,2,27000,4,Automatic,Front,4-5,Left wheel,Grey,4,36711.0,41677.26472150111
45802020,836,HYUNDAI,Genesis,2010,Coupe,Yes,Petrol,2,414300,4,Automatic,Front,4-5,Left wheel,Grey,4,15323.0,11007.415637799619
45802028,836,HYUNDAI,Genesis,2010,Coupe,Yes,Petrol,2,490400,4,Automatic,Front,4-5,Left wheel,Red,4,15285.0,-992.3858347131682
45802030,836,HYUNDAI,Genesis,2010,Coupe,Yes,Petrol,2,422000,4,Automatic,Front,4-5,Left wheel,Red,4,16452.0,2468.5235769488136
45802047,1141,HYUNDAI,Genesis,2005,Sedan,Yes,Petrol,3.8,448500,4,Automatic,Front,4-5,Left wheel,Silver,4,17249.0,30063.218400844213
45802061,0,RENAULT,Megane 1.9 CDI,2008,Sedan,No,Diesel,1.9 T,484500,4,Manual,Front,4-5,Left wheel,White,10,14583.0,-20215.813324157425
45802070,862,HYUNDAI,H1,2000,Universal,Yes,Diesel,2.5,367900,4,Automatic,Front,4-5,Left wheel,Yellow,4,19657.0,19231.851810006105
45802096,0,MERCEDES-BENZ,C 220,2017,Sedan,No,Diesel,2.2 T,482600,4,Manual,Rear,4-5,Left wheel,Beige,6,8467.0,-992.2763144866803
45802117,1024,HYUNDAI,H1,2008,Universal,Yes,Diesel,2.5,392400,4,Automatic,Front,4-5,Left wheel,Grey,4,16766.0,11865.629862763188
45802127,781,HYUNDAI,H1,2004,Universal,Yes,Diesel,2.5,417100,4,Automatic,Front,4-5,Left wheel,Silver,4,21395.0,14432.936680662124
45802131,1024,HYUNDAI,H1,2012,Minivan,Yes,Diesel,2.5,520600,4,Automatic,Front,4-5,Left wheel,Yellow,4,12522.0,8984.588386082225
45802148,0,RENAULT,Megane 1.5CDI,2010,Sedan,No,Diesel,1.5 T,299000,4,Manual,Front,4-5,Left wheel,White,10,14583.0,15104.88202149475
45802189,777,HYUNDAI,H1,1994,Minivan,Yes,Diesel,2.5,203800,4,Automatic,Front,4-5,Left wheel,Grey,4,34673.0,36318.229798834014
45802192,777,HYUNDAI,H1,1993,Minivan,Yes,Diesel,2.5,121000,4,Automatic,Front,4-5,Left wheel,Grey,4,34905.0,41002.73864571886
45802198,777,HYUNDAI,H1,1995,Minivan,Yes,Diesel,2.5,200000,4,Automatic,Front,4-5,Left wheel,Silver,4,32910.0,35142.76691072011
45802201,777,HYUNDAI,H1,1993,Minivan,Yes,Diesel,2.5,66900,4,Automatic,Front,4-5,Left wheel,Grey,4,33741.0,43740.09535874388
45802203,1091,HYUNDAI,H1,1994,Minivan,Yes,Diesel,2.5,48100,4,Automatic,Front,4-5,Left wheel,Black,4,36564.0,40479.93407050709
45802205,878,TOYOTA,Prius,2010,Hatchback,No,Hybrid,1.8,542600,4,Automatic,Front,4-5,Left wheel,Golden,6,13485.0,-4641.896195650952
45802215,1091,HYUNDAI,H1,1992,Minivan,Yes,Diesel,2.5,0,4,Automatic,Front,4-5,Left wheel,Black,4,40889.0,43903.67609365854
45802221,1091,HYUNDAI,H1,1990,Minivan,Yes,Diesel,2.5,0,4,Automatic,Front,4-5,Left wheel,Grey,4,42152.0,45108.4119302857
45802228,1091,HYUNDAI,H1,1991,Minivan,Yes,Diesel,2.5,137100,4,Automatic,Front,4-5,Left wheel,Silver,4,35403.0,36803.67804651139
45802232,1091,HYUNDAI,H1,1991,Minivan,Yes,Diesel,2.5,57900,4,Automatic,Front,4-5,Left wheel,Silver,4,36235.0,40811.04683896211
45802242,777,HYUNDAI,H1,1995,Minivan,Yes,Diesel,2.5,123039,4,Automatic,Front,4-5,Left wheel,Silver,4,31581.0,39036.84657783881
45802250,777,HYUNDAI,H1,1993,Minivan,Yes,Diesel,2.5,0,4,Automatic,Front,4-5,Left wheel,Yellow,4,35902.0,47485.19383199939
45802251,0,TOYOTA,Estima,2014,Minivan,No,CNG,3,587500,6,Automatic,4x4,4-5,Right-hand drive,White,4,8467.0,29027.491899616816
45802256,777,HYUNDAI,H1,1993,Minivan,Yes,Diesel,2.5,0,4,Automatic,Front,4-5,Left wheel,Silver,4,36968.0,46252.3589284835
45802261,777,HYUNDAI,H1,2005,Minivan,Yes,Diesel,2.5,199600,4,Automatic,Front,4-5,Left wheel,Black,4,23436.0,30871.123596083948
45802266,777,HYUNDAI,H1,1996,Minivan,Yes,Diesel,2.5,193800,4,Automatic,Front,4-5,Left wheel,Grey,4,27093.0,35834.23685196269
45802283,1249,HYUNDAI,H1,1988,Universal,Yes,Diesel,2.5,0,4,Automatic,Front,4-5,Left wheel,Grey,4,47217.0,39110.91049198997
45802291,1327,HYUNDAI,H1,1984,Universal,Yes,Diesel,2.5,0,4,Automatic,Front,4-5,Left wheel,Silver,4,45436.0,39348.271260827954
45802305,1091,HYUNDAI,H1,1985,Universal,Yes,Diesel,2.5,32817,4,Automatic,Front,4-5,Left wheel,Black,4,43655.0,40482.611762106164
45802316,1249,HYUNDAI,H1,1994,Universal,Yes,Diesel,2.5,61700,4,Automatic,Front,4-5,Left wheel,Silver,4,38016.0,32146.3380180514
45802325,1249,HYUNDAI,H1,1993,Universal,Yes,Diesel,2.5,90600,4,Automatic,Front,4-5,Left wheel,Silver,4,37125.0,31179.040121037928
45802346,639,FORD,Focus,2009,Sedan,No,Petrol,2,388300,4,Automatic,4x4,4-5,Left wheel,Silver,4,13799.0,12566.066650179298
45802352,1091,HYUNDAI,H1,1992,Minivan,Yes,Diesel,2.5,67400,4,Automatic,Front,4-5,Left wheel,Grey,4,39578.0,40708.12675442847
45802359,1024,HYUNDAI,H1,2002,Minivan,Yes,Diesel,2.5,335700,4,Automatic,Front,4-5,Left wheel,Silver,4,18660.0,22057.209749077978
45802362,1024,HYUNDAI,H1,2010,Minivan,Yes,Diesel,2.5,556300,4,Automatic,Front,4-5,Left wheel,Black,4,15063.0,7593.362219607348
45802371,862,HYUNDAI,H1,2003,Minivan,Yes,Diesel,2.5,228400,4,Automatic,Front,4-5,Left wheel,Yellow,4,22894.0,30030.81997386219
45802378,1024,HYUNDAI,H1,2013,Jeep,Yes,Diesel,2.5,486300,4,Automatic,Front,4-5,Left wheel,Silver,4,12701.0,110.59890846622875
45802391,1024,HYUNDAI,H1,2016,Minivan,Yes,Diesel,2.5,500100,4,Automatic,Front,4-5,Left wheel,Yellow,4,10036.0,8041.90153774644
45802400,1099,HYUNDAI,Grandeur,2017,Sedan,Yes,Petrol,2.7,582900,4,Automatic,Front,4-5,Left wheel,Silver,4,6269.0,6316.151339403259
45802404,753,HYUNDAI,Grandeur,2016,Sedan,Yes,Petrol,2.4,442600,4,Automatic,Front,4-5,Left wheel,Black,4,11917.0,17695.06236066428
45802407,919,HYUNDAI,Grandeur,2011,Sedan,Yes,Petrol,3,351000,4,Automatic,Front,4-5,Left wheel,Silver,4,15524.0,18622.656255023743
45802411,1051,HYUNDAI,Grandeur,1999,Sedan,Yes,Petrol,2.4,130800,4,Automatic,Front,4-5,Left wheel,Black,4,31797.0,38563.0967135577
45802429,919,HYUNDAI,Grandeur,2005,Sedan,Yes,LPG,3,397000,4,Automatic,Front,4-5,Left wheel,Silver,4,18500.0,15483.04289514954
45802435,1018,HYUNDAI,Grandeur,2013,Sedan,Yes,LPG,3,417591,4,Automatic,Front,4-5,Left wheel,Silver,4,13269.0,9377.256734444358
45802453,917,HYUNDAI,Grandeur,2001,Sedan,Yes,Petrol,3,394200,4,Automatic,Front,4-5,Left wheel,Black,4,22894.0,22066.978275497113
45802459,1018,HYUNDAI,Grandeur,2015,Sedan,Yes,LPG,3,596200,4,Automatic,Front,4-5,Left wheel,Silver,4,9722.0,-649.9915227216843
45802483,629,HYUNDAI,I30,2001,Hatchback,Yes,Diesel,1.6,394500,4,Automatic,Front,4-5,Left wheel,White,4,21395.0,21291.51789538989
45802485,528,HYUNDAI,I30,2002,Hatchback,Yes,Petrol,1.6,289700,4,Automatic,Front,4-5,Left wheel,Silver,4,25440.0,13752.7124442571
45802571,891,HYUNDAI,Santa FE,1996,Jeep,Yes,Diesel,2,8551,4,Automatic,Front,4-5,Left wheel,Black,4,35902.0,47695.57807729042
45802586,765,HYUNDAI,Santa FE,1987,Jeep,Yes,Diesel,2,21800,4,Automatic,Front,4-5,Left wheel,Grey,4,39559.0,53099.97160472274
45802587,765,HYUNDAI,Santa FE,1990,Jeep,Yes,Diesel,2,59800,4,Automatic,Front,4-5,Left wheel,Grey,4,39226.0,49692.283371285834
45802595,639,HYUNDAI,Santa FE,1989,Jeep,Yes,Diesel,2,76700,4,Automatic,Front,4-5,Left wheel,White,4,35570.0,45377.02987343402
45802617,0,VOLKSWAGEN,Jetta,2012,Sedan,Yes,Petrol,2.5,395200,5,Tiptronic,Front,4-5,Left wheel,Blue,0,15053.0,50234.69766693352
45802620,640,HYUNDAI,Santa FE,2000,Jeep,Yes,Diesel,2,340100,4,Automatic,Front,4-5,Left wheel,Silver,4,29489.0,31080.992066654115
45802625,639,HYUNDAI,Santa FE,1999,Jeep,Yes,Diesel,2,197600,4,Automatic,Front,4-5,Left wheel,Red,4,32302.0,31520.82065148777
45802642,640,HYUNDAI,Santa FE,1997,Jeep,Yes,Diesel,2,105391,4,Automatic,Front,4-5,Left wheel,White,4,30351.0,39954.27285761022
45802665,640,HYUNDAI,Santa FE,1997,Jeep,Yes,Diesel,2,74000,4,Automatic,Front,4-5,Left wheel,White,4,29777.0,41542.5975263453
45802666,765,HYUNDAI,Santa FE,1992,Jeep,Yes,Diesel,2,34800,4,Automatic,Front,4-5,Left wheel,Grey,4,37580.0,49967.26178662107
45802692,639,HYUNDAI,Santa FE,1999,Jeep,Yes,Diesel,2,93800,4,Automatic,Front,4-5,Left wheel,White,4,32954.0,39561.933245473316
45802722,642,HYUNDAI,Santa FE,1997,Jeep,Yes,Diesel,2,125200,4,Automatic,Front,4-5,Left wheel,Silver,4,29777.0,43417.179020547774
45802745,836,HYUNDAI,Santa FE,2011,Jeep,Yes,Diesel,2,516000,4,Automatic,Front,4-5,Left wheel,White,4,12676.0,10062.677040649132
45802747,640,HYUNDAI,Santa FE,2002,Jeep,Yes,Diesel,2,190700,4,Automatic,Front,4-5,Left wheel,Silver,4,26510.0,37650.37297922254
45802754,640,HYUNDAI,Santa FE,1998,Jeep,Yes,Diesel,2,178600,4,Automatic,Front,4-5,Left wheel,Black,4,28222.0,40900.544312170896
45802761,911,MERCEDES-BENZ,Viano,1990,Minivan,Yes,Diesel,2.2 T,0,4,Tiptronic,Rear,4-5,Left wheel,Silver,8,40142.0,35937.164510148665
45802764,639,HYUNDAI,Santa FE,1999,Jeep,Yes,Diesel,2,30962,4,Automatic,Front,4-5,Left wheel,Blue,4,30367.0,70592.67444987777
45802770,640,HYUNDAI,Santa FE,1999,Jeep,Yes,Diesel,2,29233,4,Automatic,Front,4-5,Left wheel,White,4,33214.0,42817.74840279633
45802780,707,HYUNDAI,Santa FE,2012,Jeep,Yes,Diesel,2,476100,4,Automatic,Front,4-5,Left wheel,Silver,4,13962.0,17512.639845195386
45802782,836,HYUNDAI,Santa FE,2013,Jeep,Yes,Diesel,2,604100,4,Automatic,Front,4-5,Left wheel,White,4,10964.0,4615.011384946756
45802784,765,HYUNDAI,Santa FE,1999,Jeep,Yes,Diesel,2,168723,4,Automatic,Front,4-5,Left wheel,White,4,29323.0,34365.84918396799
45802809,911,HYUNDAI,Santa FE,1999,Jeep,Yes,Diesel,2.2,38912,4,Automatic,Front,4-5,Left wheel,Silver,4,25512.0,41402.77304934766
45802820,639,HYUNDAI,Santa FE,1988,Jeep,Yes,Diesel,2,0,4,Automatic,Front,4-5,Left wheel,Silver,4,40983.0,54240.39765472183
45802821,642,HYUNDAI,Santa FE,1997,Jeep,Yes,Diesel,2,258660,4,Automatic,Front,4-5,Left wheel,White,4,32340.0,32176.85053217481
45802831,707,HYUNDAI,Santa FE,1997,Jeep,Yes,Diesel,2,242000,4,Automatic,Front,4-5,Left wheel,Silver,4,28780.0,36782.45681726724
45802838,836,HYUNDAI,Santa FE,1998,Jeep,Yes,Diesel,2,277600,4,Automatic,Front,4-5,Left wheel,Black,4,23138.0,33705.58596066175
45802839,836,HYUNDAI,Santa FE,1999,Jeep,Yes,Diesel,2,356800,4,Automatic,Front,4-5,Left wheel,Silver,4,22693.0,28545.24351662291
45802840,836,HYUNDAI,Santa FE,2005,Jeep,Yes,Diesel,2,427600,4,Automatic,Front,4-5,Left wheel,Silver,4,21953.0,21992.977121980715
45802860,765,HYUNDAI,Santa FE,2015,Jeep,Yes,Diesel,2,93555,4,Automatic,Front,4-5,Left wheel,White,4,49798.0,30249.415634185145
45802871,765,HYUNDAI,Santa FE,2015,Jeep,Yes,Diesel,2,119038,4,Automatic,Front,4-5,Left wheel,Grey,4,48108.0,34320.28048004651
45802873,765,HYUNDAI,Santa FE,1985,Jeep,Yes,Diesel,2,0,4,Automatic,Front,4-5,Left wheel,White,4,46621.0,49832.72784540331
45802875,696,HYUNDAI,Santa FE,1987,Jeep,Yes,Diesel,2.2,0,4,Automatic,Front,4-5,Left wheel,Grey,4,46919.0,52581.86882853963
45802891,639,HYUNDAI,Santa FE,1988,Jeep,Yes,Diesel,2,12173,4,Automatic,Front,4-5,Left wheel,White,4,41547.0,49136.9598068788
45802896,639,HYUNDAI,Santa FE,1995,Jeep,Yes,Diesel,2,106200,4,Automatic,Front,4-5,Left wheel,Black,4,35344.0,46059.95864185123
45802898,707,HYUNDAI,Santa FE,2006,Jeep,Yes,Diesel,2,217446,4,Automatic,Front,4-5,Left wheel,White,4,24327.0,29082.452703200845
45802899,836,HYUNDAI,Santa FE,2002,Jeep,Yes,Diesel,2,292200,4,Automatic,Front,4-5,Left wheel,White,4,23408.0,25841.41211231198
45802902,891,HYUNDAI,Santa FE,1988,Jeep,Yes,Diesel,2,0,4,Automatic,Front,4-5,Left wheel,White,4,43049.0,46942.643759424594
45802903,971,HYUNDAI,Santa FE,1988,Jeep,Yes,Diesel,2.2,0,4,Automatic,Front,4-5,Left wheel,Silver,4,43416.0,48147.3958266595
45802911,891,HYUNDAI,Santa FE,1993,Jeep,Yes,Diesel,2,68900,4,Automatic,Front,4-5,Left wheel,White,4,40076.0,40981.500664833125
45802912,891,HYUNDAI,Santa FE,1991,Jeep,Yes,Diesel,2,50600,4,Automatic,Front,4-5,Left wheel,White,4,39493.0,42897.41958173417
45802915,891,HYUNDAI,Santa FE,1992,Jeep,Yes,Diesel,2,20800,4,Automatic,Front,4-5,Left wheel,Grey,4,41720.0,49270.511754548745
45802928,891,HYUNDAI,Santa FE,1993,Jeep,Yes,Diesel,2,8900,4,Automatic,Front,4-5,Left wheel,Grey,4,36401.0,49377.642107728105
45802935,891,HYUNDAI,Santa FE,1991,Jeep,Yes,Diesel,2,4800,4,Automatic,Front,4-5,Left wheel,Blue,4,41221.0,73066.07051485364
45802944,911,HYUNDAI,Santa FE,2012,Jeep,Yes,Diesel,2.2,519100,4,Automatic,Front,4-5,Left wheel,Black,4,12083.0,11329.333684189023
45802954,707,HYUNDAI,Santa FE,2000,Jeep,Yes,Diesel,2,209400,4,Automatic,Front,4-5,Left wheel,Silver,4,24920.0,36946.99379528261
45802963,836,HYUNDAI,Santa FE,2000,Jeep,Yes,Diesel,2,306400,4,Automatic,Front,4-5,Left wheel,White,4,25810.0,26112.89307776547
45802973,765,HYUNDAI,Santa FE,2015,Jeep,Yes,Diesel,2,88829,4,Automatic,Front,4-5,Left wheel,White,4,48998.0,30488.542211371034
45802992,836,HYUNDAI,Santa FE,2005,Jeep,Yes,Diesel,2,342400,4,Automatic,Front,4-5,Left wheel,Black,4,19008.0,26961.92118339766
45802998,694,HYUNDAI,Santa FE,1986,Jeep,Yes,Diesel,2.2,0,4,Automatic,Front,4-5,Left wheel,Silver,4,39891.0,52226.41059484189
45802999,639,HYUNDAI,Santa FE,1992,Jeep,Yes,Diesel,2,168600,4,Automatic,Front,4-5,Left wheel,Grey,4,38063.0,44602.3605392036
45803000,639,HYUNDAI,Santa FE,1993,Jeep,Yes,Diesel,2,36800,4,Automatic,Front,4-5,Left wheel,Black,4,36068.0,50561.439999336006
45803010,1077,HYUNDAI,Santa FE,2019,Jeep,Yes,Diesel,2,21680,4,Automatic,Front,4-5,Left wheel,Black,4,75793.0,33572.346771943834
45803013,911,HYUNDAI,Santa FE,2006,Jeep,Yes,Diesel,2.2,135059,4,Automatic,Front,4-5,Left wheel,White,4,19309.0,28585.50263097728
45803021,1178,HYUNDAI,Santa FE,2018,Jeep,Yes,Diesel,2.2,5964,4,Automatic,Front,4-5,Left wheel,White,4,96071.0,26200.09684385071
45803023,1017,HYUNDAI,Santa FE,1993,Jeep,Yes,Diesel,2,0,4,Automatic,Front,4-5,Left wheel,White,4,42337.0,43062.58581843683
45803027,833,HYUNDAI,Santa FE,1996,Jeep,Yes,Diesel,2.2,88549,4,Automatic,Front,4-5,Left wheel,Grey,4,33908.0,42118.78333931818
45803040,891,HYUNDAI,Santa FE,1993,Jeep,Yes,Diesel,2,0,4,Automatic,Front,4-5,Left wheel,White,4,37730.0,44467.70912190195
45803041,891,HYUNDAI,Santa FE,1994,Jeep,Yes,Diesel,2,110800,4,Automatic,Front,4-5,Left wheel,White,4,38063.0,38366.45373223159
45803042,891,HYUNDAI,Santa FE,1992,Jeep,Yes,Diesel,2,0,4,Automatic,Front,4-5,Left wheel,Silver,4,40390.0,49450.203337773484
45803045,971,HYUNDAI,Santa FE,1988,Jeep,Yes,Diesel,2.2,66400,4,Automatic,Front,4-5,Left wheel,White,4,40769.0,40300.175308258054
45803075,891,HYUNDAI,Santa FE,1988,Jeep,Yes,Diesel,2,10848,4,Automatic,Front,4-5,Left wheel,Blue,4,41055.0,74245.01404412554
45803076,769,HYUNDAI,Santa FE,2009,Jeep,Yes,Diesel,2.2,486200,4,Automatic,Front,4-5,Left wheel,Silver,4,16546.0,15404.536589852802
45803092,639,HYUNDAI,Santa FE,1995,Jeep,Yes,Diesel,2,217372,4,Automatic,Front,4-5,Left wheel,Black,4,31747.0,40434.86768990264
45803106,707,HYUNDAI,Sonata,2011,Sedan,Yes,Petrol,2,315100,4,Automatic,Front,4-5,Left wheel,White,4,13523.0,18013.71972164836
45803108,765,HYUNDAI,Sonata,2017,Sedan,Yes,LPG,2,607200,4,Automatic,Front,4-5,Left wheel,Orange,4,8467.0,2595.782978234547
45803111,640,HYUNDAI,Sonata,2017,Sedan,Yes,LPG,2,551300,4,Automatic,Front,4-5,Left wheel,Silver,4,7683.0,4545.182388038878
45803125,707,HYUNDAI,Sonata,2010,Sedan,Yes,Petrol,2,531700,4,Automatic,Front,4-5,Left wheel,Silver,4,13297.0,12036.667467256946
45803132,1017,HYUNDAI,Sonata,2015,Sedan,Yes,LPG,2,642600,4,Automatic,Front,4-5,Left wheel,Orange,4,11604.0,-1015.6621884941596
45803134,1079,HYUNDAI,Sonata,2009,Sedan,Yes,LPG,2,461400,4,Automatic,Front,4-5,Left wheel,Orange,4,12231.0,10431.223552505639
45803155,639,HYUNDAI,Sonata,2013,Sedan,Yes,LPG,2,446700,4,Automatic,Front,4-5,Left wheel,Silver,4,10036.0,11828.842169427277
45803161,642,HYUNDAI,Sonata,2009,Sedan,Yes,LPG,2,467300,4,Automatic,Front,4-5,Left wheel,Silver,4,12143.0,12733.013891932525
45803171,836,HYUNDAI,Sonata,2019,Sedan,Yes,LPG,2,602500,4,Automatic,Front,4-5,Left wheel,Black,4,6272.0,-563.1743534974157
45803186,639,HYUNDAI,Sonata,2011,Sedan,Yes,LPG,2,582574,4,Automatic,Front,4-5,Left wheel,Silver,4,10036.0,5943.851033205903
45803187,765,HYUNDAI,Sonata,2009,Sedan,Yes,LPG,2,490800,4,Automatic,Front,4-5,Left wheel,Orange,4,12544.0,12445.296168993835
45803195,891,HYUNDAI,Sonata,2011,Sedan,Yes,LPG,2,354500,4,Automatic,Front,4-5,Left wheel,Silver,4,15681.0,14673.713390535833
45803201,891,HYUNDAI,Sonata,2008,Sedan,Yes,LPG,2,479400,4,Automatic,Front,4-5,Left wheel,Orange,4,13172.0,12111.978028310241
45803209,891,HYUNDAI,Sonata,2001,Sedan,Yes,LPG,2,356700,4,Automatic,Front,4-5,Left wheel,White,4,19914.0,15024.759577423798
45803213,1017,HYUNDAI,Sonata,2008,Sedan,Yes,LPG,2,286225,4,Automatic,Front,4-5,Left wheel,White,4,19914.0,13720.628231527551
45803220,891,HYUNDAI,Sonata,2003,Sedan,Yes,LPG,2,464200,4,Automatic,Front,4-5,Left wheel,White,4,18817.0,8595.490959934305
45803223,765,HYUNDAI,Sonata,2009,Sedan,Yes,LPG,2,420500,4,Automatic,Front,4-5,Left wheel,Silver,4,15053.0,13729.33655530108
45803241,639,HYUNDAI,Sonata,2014,Sedan,Yes,LPG,2,523800,4,Automatic,Front,4-5,Left wheel,Silver,4,11604.0,7432.742440180957
45803246,891,HYUNDAI,Sonata,2011,Sedan,Yes,LPG,2,416400,4,Automatic,Front,4-5,Left wheel,Silver,4,15681.0,11541.691569163362
45803248,765,HYUNDAI,Sonata,2010,Sedan,Yes,LPG,2,593500,4,Automatic,Front,4-5,Left wheel,White,4,10976.0,-6.627371352991759
45803250,765,HYUNDAI,Sonata,2013,Sedan,Yes,LPG,2,557600,4,Automatic,Front,4-5,Left wheel,White,4,10976.0,324.88330634783415
45803252,639,HYUNDAI,Sonata,2013,Sedan,Yes,LPG,2,555200,4,Automatic,Front,4-5,Left wheel,White,4,10349.0,1851.4420277660247
45803259,639,HYUNDAI,Sonata,2011,Sedan,Yes,LPG,2,536254,4,Automatic,Front,4-5,Left wheel,Silver,4,10036.0,8287.554599699828
45803260,639,HYUNDAI,Sonata,2012,Sedan,Yes,LPG,2,576100,4,Automatic,Front,4-5,Left wheel,Silver,4,10036.0,5776.436145629736
45803265,640,HYUNDAI,Sonata,2014,Sedan,Yes,LPG,2,500200,4,Automatic,Front,4-5,Left wheel,White,4,8624.0,4128.198322769249
45803266,1017,HYUNDAI,Sonata,2008,Sedan,Yes,LPG,2,414200,4,Automatic,Front,4-5,Left wheel,White,4,14113.0,7245.337559635125
45803267,765,HYUNDAI,Sonata,2017,Sedan,Yes,LPG,2,168061,4,Automatic,Front,4-5,Left wheel,Orange,4,6586.0,24815.37798010346
45803269,640,HYUNDAI,Sonata,2008,Sedan,Yes,Petrol,2,360400,4,Automatic,Front,4-5,Left wheel,White,4,14166.0,17953.75573102954
45803270,836,HYUNDAI,Sonata,2007,Sedan,Yes,Petrol,2,498800,4,Automatic,Front,4-5,Left wheel,Silver,4,13877.0,13747.726817329323
45803279,639,HYUNDAI,Sonata,2017,Sedan,Yes,LPG,2,493500,4,Automatic,Front,4-5,Left wheel,Silver,4,10036.0,7480.903809324658
45803282,639,HYUNDAI,Sonata,2012,Sedan,Yes,LPG,2,567626,4,Automatic,Front,4-5,Left wheel,Silver,4,10036.0,6205.204367185617
45803294,836,HYUNDAI,Sonata,2006,Sedan,Yes,Petrol,2,402600,4,Automatic,Front,4-5,Left wheel,Grey,4,16894.0,19982.998786820397
45803301,639,HYUNDAI,Sonata,2012,Sedan,Yes,LPG,2,524100,4,Automatic,Front,4-5,Left wheel,Orange,4,6429.0,10680.54226584678
45803314,707,HYUNDAI,Sonata,2009,Sedan,Yes,Petrol,2,470500,4,Automatic,Front,4-5,Left wheel,Grey,4,15257.0,16501.006258266018
45803325,891,HYUNDAI,Sonata,2015,Sedan,Yes,LPG,2,563300,4,Automatic,Front,4-5,Left wheel,Orange,4,10036.0,4401.889716503043
45803331,765,HYUNDAI,Sonata,2016,Sedan,Yes,LPG,2,450400,4,Automatic,Front,4-5,Left wheel,Orange,4,9252.0,11024.550545338523
45803339,765,HYUNDAI,Sonata,2011,Sedan,Yes,LPG,2,333700,4,Automatic,Front,4-5,Left wheel,Silver,4,15053.0,17131.276982927408
45803344,639,HYUNDAI,Sonata,2013,Sedan,Yes,LPG,2,558400,4,Automatic,Front,4-5,Left wheel,Orange,4,8467.0,8450.04082342986
45803357,891,HYUNDAI,Sonata,2012,Sedan,Yes,LPG,2,443700,4,Automatic,Front,4-5,Left wheel,Silver,4,11290.0,9665.376762442876
45803363,891,HYUNDAI,Sonata,1998,Sedan,Yes,LPG,2,268300,4,Automatic,Front,4-5,Left wheel,Red,4,25716.0,18193.560820358736
45803365,639,HYUNDAI,Sonata,2011,Sedan,Yes,LPG,2,579800,4,Automatic,Front,4-5,Left wheel,Silver,4,10036.0,6084.210137123302
45803366,891,HYUNDAI,Sonata,2009,Sedan,Yes,LPG,2,349400,4,Automatic,Front,4-5,Left wheel,Silver,4,15681.0,15921.737508695125
45803369,707,HYUNDAI,Sonata,2012,Sedan,Yes,Petrol,2,429800,4,Automatic,Front,4-5,Left wheel,White,4,13423.0,11715.131777804236
45803384,891,HYUNDAI,Sonata,2009,Sedan,Yes,LPG,2,522600,4,Automatic,Front,4-5,Left wheel,Orange,4,13172.0,9431.153577650774
45803385,1017,HYUNDAI,Sonata,2009,Jeep,Yes,LPG,2,473800,4,Automatic,Front,4-5,Left wheel,Orange,4,13799.0,9602.128087788675
45803387,891,HYUNDAI,Sonata,2014,Sedan,Yes,LPG,2,455937,4,Automatic,Front,4-5,Left wheel,Orange,4,10036.0,10329.239468046595
45803389,891,HYUNDAI,Sonata,2004,Sedan,Yes,LPG,2,427500,4,Automatic,Front,4-5,Left wheel,White,4,16308.0,9957.453965295193
45803402,640,HYUNDAI,Sonata,2016,Sedan,Yes,LPG,2,566100,4,Automatic,Front,4-5,Left wheel,Silver,4,7683.0,4291.317571499583
45803403,891,HYUNDAI,Sonata,2007,Sedan,Yes,LPG,2,468100,4,Automatic,Front,4-5,Left wheel,Silver,4,15681.0,10905.71798410948
45803413,765,HYUNDAI,Sonata,2015,Sedan,Yes,LPG,2,489500,4,Automatic,Front,4-5,Left wheel,Orange,4,9252.0,9541.152122024578
45803431,891,HYUNDAI,Sonata,2007,Sedan,Yes,LPG,2,409100,4,Automatic,Front,4-5,Left wheel,Silver,4,15681.0,13891.005342122007
45803433,891,HYUNDAI,Sonata,2008,Sedan,Yes,LPG,2,379500,4,Automatic,Front,4-5,Left wheel,Silver,4,15681.0,14893.721902705123
45803485,891,HYUNDAI,Sonata,2008,Sedan,Yes,LPG,2,495190,4,Automatic,Front,4-5,Left wheel,Orange,4,13172.0,11313.034174360779
45803488,891,HYUNDAI,Sonata,2011,Sedan,Yes,LPG,2,446500,4,Automatic,Front,4-5,Left wheel,Orange,4,13172.0,12291.694433569744
45803493,639,HYUNDAI,Sonata,2012,Sedan,Yes,LPG,2,486600,4,Automatic,Front,4-5,Left wheel,Silver,4,11604.0,10304.96527346232
45803495,836,HYUNDAI,Sonata,2014,Sedan,Yes,LPG,2,470400,4,Automatic,Front,4-5,Left wheel,Silver,4,7527.0,7937.781356440895
45803496,891,HYUNDAI,Sonata,2005,Sedan,Yes,LPG,2,395500,4,Automatic,Front,4-5,Left wheel,White,4,16308.0,11081.60594383136
45803504,765,HYUNDAI,Sonata,2015,Sedan,Yes,LPG,2,416100,4,Automatic,Front,4-5,Left wheel,Orange,4,12544.0,13255.051987755414
45803525,765,HYUNDAI,Sonata,2017,Sedan,Yes,LPG,2,552200,4,Automatic,Front,4-5,Left wheel,Silver,4,10976.0,3105.6725750910864
45803532,639,HYUNDAI,Sonata,2018,Sedan,Yes,LPG,2,616500,4,Automatic,Front,4-5,Left wheel,Orange,4,8781.0,3035.3571096270716
45803540,765,HYUNDAI,Sonata,2014,Sedan,Yes,LPG,2,531500,4,Automatic,Front,4-5,Left wheel,Orange,4,9722.0,7911.019235350672
45803559,765,HYUNDAI,Sonata,2012,Sedan,Yes,LPG,2,450600,4,Automatic,Front,4-5,Left wheel,Orange,4,12544.0,12994.378637193877
45803568,891,HYUNDAI,Sonata,2007,Sedan,Yes,LPG,2,394300,4,Automatic,Front,4-5,Left wheel,Silver,4,15994.0,14639.857086165832
45803581,1017,HYUNDAI,Sonata,2012,Sedan,Yes,LPG,2,508300,4,Automatic,Front,4-5,Left wheel,Orange,4,13799.0,7264.622190308968
45803584,0,OPEL,Astra,2018,Hatchback,No,CNG,1.6,561946,4,Manual,Front,4-5,Left wheel,Blue,4,5331.0,18301.121364862523
45803593,765,HYUNDAI,Sonata,2012,Sedan,Yes,LPG,2,422800,4,Automatic,Front,4-5,Left wheel,Orange,4,9722.0,14401.005561816732
45803598,1017,HYUNDAI,Sonata,2008,Sedan,Yes,LPG,2,332300,4,Automatic,Front,4-5,Left wheel,Silver,4,17405.0,15876.828485650021
45803619,1024,HYUNDAI,H1,2004,Minivan,Yes,Diesel,2.5,357200,4,Automatic,Front,4-5,Left wheel,Silver,4,21009.0,19979.376941572835
45803624,862,HYUNDAI,H1,2009,Minivan,Yes,Diesel,2.5,370900,4,Automatic,Front,4-5,Left wheel,Black,4,15677.0,19275.822288440315
45803625,781,HYUNDAI,H1,2005,Minivan,Yes,Diesel,2.5,66848,4,Automatic,Front,4-5,Left wheel,Grey,4,22423.0,37758.27624041301
45803633,777,HYUNDAI,H1,1992,Minivan,Yes,Diesel,2.5,40900,4,Automatic,Front,4-5,Left wheel,Silver,4,36636.0,44677.88394170477
45803638,836,HYUNDAI,Tucson,2004,Jeep,Yes,Diesel,2,408500,4,Automatic,Front,4-5,Left wheel,White,4,18029.0,-25290.79691250759
45803653,707,HYUNDAI,Tucson,2009,Jeep,Yes,Diesel,2,539245,4,Automatic,Front,4-5,Left wheel,White,4,14834.0,-32942.60031326249
45803703,930,HYUNDAI,Tucson,2018,Jeep,Yes,Diesel,1.7,17101,4,Automatic,Front,4-5,Left wheel,White,4,53188.0,228927.64178306406
45803712,707,HYUNDAI,Tucson,2007,Jeep,Yes,Diesel,2,339400,4,Automatic,Front,4-5,Left wheel,Grey,4,16151.0,-16480.595005506548
45803754,639,HYUNDAI,Tucson,1997,Jeep,Yes,Diesel,2,282000,4,Automatic,Front,4-5,Left wheel,Grey,4,30351.0,-7868.074804769625
45803766,663,HYUNDAI,Tucson,1997,Jeep,Yes,Diesel,1.7,285000,4,Automatic,Front,4-5,Left wheel,Blue,4,27174.0,256595.97089426534
45803776,770,HYUNDAI,Tucson,1990,Jeep,Yes,Diesel,1.7,111300,4,Automatic,Front,4-5,Left wheel,White,4,37000.0,239805.26975658
45803784,891,HYUNDAI,Tucson,1990,Jeep,Yes,Diesel,2,0,4,Automatic,Front,4-5,Left wheel,White,4,38445.0,1694.992696246638
45803838,1017,HYUNDAI,Tucson,1990,Jeep,Yes,Diesel,2,22145,4,Automatic,Front,4-5,Left wheel,White,4,44517.0,-830.6253282894504
45803931,642,HYUNDAI,Tucson,2008,Jeep,Yes,Diesel,2,483200,4,Automatic,Front,4-5,Left wheel,Grey,4,17092.0,-23526.72219579941
45803937,639,HYUNDAI,Tucson,2002,Jeep,Yes,Diesel,2,210700,4,Automatic,Front,4-5,Left wheel,White,4,23687.0,-12095.62156133906
45803938,836,HYUNDAI,Tucson,2011,Jeep,Yes,Diesel,2,438876,4,Automatic,Front,4-5,Left wheel,Silver,4,11563.0,-25805.16572323141
45803944,836,HYUNDAI,Tucson,2002,Jeep,Yes,Diesel,2,308900,4,Automatic,Front,4-5,Left wheel,Grey,4,19924.0,-13900.997218378172
45803962,640,HYUNDAI,Tucson,2002,Jeep,Yes,Diesel,2,333100,4,Automatic,Front,4-5,Left wheel,Grey,4,20636.0,-12939.723655125701
45803991,836,HYUNDAI,Tucson,2010,Jeep,Yes,Diesel,2,477900,4,Automatic,Front,4-5,Left wheel,Black,4,15053.0,-26626.731967559892
45803995,639,HYUNDAI,Tucson,2003,Jeep,Yes,Diesel,2,343500,4,Automatic,Front,4-5,Left wheel,Silver,4,21169.0,-14822.52766054545
45804020,456,LEXUS,ES 300,2015,Hatchback,Yes,Hybrid,2.5,0,6,Tiptronic,Rear,4-5,Left wheel,Black,8,18189.0,20573.698305092646
45804040,891,HYUNDAI,Tucson,1996,Jeep,Yes,Diesel,2,210300,4,Automatic,Front,4-5,Left wheel,White,4,29144.0,-11915.707366916635
45804076,877,HYUNDAI,Tucson,1990,Jeep,Yes,Diesel,1.7,2600,4,Automatic,Front,4-5,Left wheel,White,4,45210.0,244112.0425973166
45804085,891,HYUNDAI,Tucson,1985,Jeep,Yes,Diesel,2,0,4,Automatic,Front,4-5,Left wheel,Grey,4,44878.0,9530.183327837982
45804107,877,HYUNDAI,Tucson,1991,Jeep,Yes,Diesel,1.7,0,4,Automatic,Front,4-5,Left wheel,Black,4,45210.0,248894.10471837845
45804117,642,HYUNDAI,Tucson,1997,Jeep,Yes,Diesel,2,245200,4,Automatic,Front,4-5,Left wheel,Silver,4,28830.0,-6912.269085273721
45804140,707,HYUNDAI,Tucson,1998,Jeep,Yes,Diesel,2,213600,4,Automatic,Front,4-5,Left wheel,Black,4,27946.0,-5875.234815211465
45804145,707,HYUNDAI,Tucson,2000,Jeep,Yes,Diesel,2,62300,4,Automatic,Front,4-5,Left wheel,Black,4,27654.0,790.2824699031262
45804158,1017,HYUNDAI,Tucson,1987,Jeep,Yes,Diesel,2,13700,4,Automatic,Front,4-5,Left wheel,Grey,4,45210.0,6441.892325215131
45804170,707,HYUNDAI,Tucson,1998,Jeep,Yes,Diesel,2,177485,4,Automatic,Front,4-5,Left wheel,Silver,4,26475.0,-4705.871489555713
45804180,707,HYUNDAI,Tucson,2001,Jeep,Yes,Diesel,2,206300,4,Automatic,Front,4-5,Left wheel,Grey,4,26149.0,-6776.067553166402
45804182,917,JAGUAR,XF,1989,Sedan,Yes,Petrol,3,103500,4,Automatic,Front,4-5,Left wheel,White,4,41629.0,31348.354019544546
45804188,696,JAGUAR,XF,2013,Sedan,Yes,Diesel,2.2,74438,4,Automatic,Front,4-5,Left wheel,White,4,50297.0,42395.54949931933
45804199,642,HYUNDAI,Tucson,2000,Jeep,Yes,Diesel,2,221900,4,Automatic,Front,4-5,Left wheel,Silver,4,25889.0,-7218.294351826422
45804202,833,JAGUAR,XF,1987,Sedan,Yes,Diesel,2.2,0,4,Automatic,Front,4-5,Left wheel,Black,4,42786.0,62649.33151267113
45804221,694,JAGUAR,XF,1985,Sedan,Yes,Diesel,2.2,0,4,Automatic,Front,4-5,Left wheel,Black,4,47120.0,65189.40171039171
45804231,707,HYUNDAI,Tucson,2002,Jeep,Yes,Diesel,2,396000,4,Automatic,Front,4-5,Left wheel,Black,4,25299.0,-17084.274289661502
45804253,0,OPEL,Meriva,2012,Hatchback,No,Diesel,1.7 T,647500,4,Manual,Front,4-5,Left wheel,Black,0,7527.0,-415672.1028310871
45804262,765,JEEP,Cherokee,1984,Jeep,Yes,Diesel,2,0,4,Automatic,Front,4-5,Left wheel,Grey,4,47757.0,75493.82006144949
45804280,749,HYUNDAI,Tucson,2001,Jeep,Yes,Petrol,2.4,361900,4,Tiptronic,4x4,4-5,Left wheel,Red,8,24148.0,-41128.20443445975
45804292,584,MERCEDES-BENZ,C 250,2000,Sedan,Yes,Petrol,1.8,240400,4,Automatic,Rear,4-5,Left wheel,Grey,0,23521.0,19341.714640900518
45804295,831,JEEP,Compass,2000,Jeep,Yes,Petrol,2.4,268400,4,Automatic,Front,4-5,Left wheel,White,4,27174.0,22992.270584179467
45804325,836,HYUNDAI,Tucson,2001,Jeep,Yes,Diesel,2,206200,4,Automatic,Front,4-5,Left wheel,Silver,4,24123.0,-9082.33507000102
45804336,836,HYUNDAI,Tucson,2002,Jeep,Yes,Diesel,2,304300,4,Automatic,Front,4-5,Left wheel,Grey,4,23207.0,-13668.246000634834
45804357,333,FORD,Fusion,2004,Sedan,No,Hybrid,2,343900,4,Variator,Front,4-5,Left wheel,White,8,17876.0,18673.221356954105
45804362,770,HYUNDAI,Tucson,1988,Jeep,Yes,Diesel,1.7,0,4,Automatic,Front,4-5,Left wheel,Black,4,43880.0,251572.3051316124
45804385,831,JEEP,Compass,1997,Jeep,Yes,Petrol,2.4,132200,4,Automatic,Front,4-5,Left wheel,White,4,29087.0,31368.69133552874
45804390,1514,LEXUS,LS 460,1985,Sedan,Yes,Petrol,4.6,0,4,Automatic,Front,4-5,Left wheel,Black,4,41340.0,65814.96403303725
45804395,1024,FORD,Fusion,2011,Sedan,Yes,Hybrid,2.5,462900,4,Automatic,Front,4-5,Left wheel,Blue,0,12544.0,33684.73514157389
45804404,2108,LEXUS,LS 460,2007,Sedan,Yes,Petrol,4.6,367600,4,Automatic,Front,4-5,Left wheel,Silver,4,21608.0,29043.254004376082
45804405,0,HYUNDAI,Tucson,1999,Jeep,Yes,Petrol,2.4,345768,4,Tiptronic,4x4,4-5,Left wheel,Grey,8,25089.0,-22820.018001815508
45804411,1811,LEXUS,LS 460,2000,Sedan,Yes,Petrol,4.6,224000,4,Automatic,Front,4-5,Left wheel,Silver,4,26425.0,43086.12469593313
45804412,877,HYUNDAI,Tucson,1993,Jeep,Yes,Diesel,1.7,0,4,Automatic,Front,4-5,Left wheel,White,4,42551.0,242758.63685091882
45804418,2108,LEXUS,LS 460,1998,Sedan,Yes,Petrol,4.6,116600,4,Automatic,Front,4-5,Left wheel,Black,4,31245.0,46856.243870257065
45804419,831,JEEP,Compass,2004,Jeep,Yes,Petrol,2.4,125600,4,Automatic,Front,4-5,Left wheel,White,4,26180.0,28237.730242367936
45804423,642,HYUNDAI,Tucson,1998,Jeep,Yes,Diesel,2,304300,4,Automatic,Front,4-5,Left wheel,Grey,4,25299.0,-9524.854474170425
45804459,1399,LEXUS,RX 350,2010,Jeep,Yes,Petrol,3.5,82021,4,Automatic,Front,4-5,Left wheel,Grey,4,49864.0,40912.09313317232
45804467,836,HYUNDAI,Tucson,1999,Jeep,Yes,Diesel,2,382300,4,Automatic,Front,4-5,Left wheel,Blue,4,25889.0,6361.066078184589
45804468,986,JEEP,Compass,1999,Jeep,Yes,Petrol,2.4,187900,4,Automatic,Front,4-5,Left wheel,Silver,4,25926.0,30319.38641185251
45804481,707,HYUNDAI,Tucson,2004,Jeep,Yes,Diesel,2,66964,4,Automatic,Front,4-5,Left wheel,Silver,4,23207.0,-2083.6414597540206
45804483,0,DODGE,Neon,2022,Sedan,No,Petrol,2,569700,4,Automatic,Front,4-5,Left wheel,Beige,4,2822.0,11417.01964441363
45804486,934,TOYOTA,RAV 4,2000,Jeep,Yes,Petrol,2.5,176800,4,Automatic,4x4,4-5,Left wheel,Grey,0,28225.0,28941.815778732584
45804509,0,FORD,Transit,2016,Goods wagon,No,Diesel,2.5 T,523800,4,Manual,Rear,>5,Left wheel,Orange,1,11290.0,-7135.374534211169
45804512,707,HYUNDAI,Tucson,2002,Jeep,Yes,Diesel,2,334200,4,Automatic,Front,4-5,Left wheel,White,4,22649.0,-19102.80628982102
45804513,919,JEEP,Grand Cherokee,1997,Jeep,Yes,Diesel,3,109600,4,Automatic,Front,4-5,Left wheel,Silver,4,32973.0,53686.825997547385
45804520,836,HYUNDAI,Tucson,2001,Jeep,Yes,Diesel,2,375000,4,Automatic,Front,4-5,Left wheel,Grey,4,22063.0,-16750.544093663957
45804522,917,JEEP,Grand Cherokee,1991,Sedan,Yes,Diesel,3,0,4,Automatic,Front,4-5,Left wheel,Grey,4,39750.0,63990.439584074076
45804523,0,MERCEDES-BENZ,E 220,2009,Sedan,No,Diesel,2.2 T,467900,4,Tiptronic,Rear,4-5,Left wheel,Black,8,15053.0,11563.426467503763
45804528,836,HYUNDAI,Tucson,2008,Jeep,Yes,Diesel,2,231995,4,Automatic,Front,4-5,Left wheel,Grey,4,19707.0,-12979.672609372232
45804532,836,HYUNDAI,Tucson,2002,Jeep,Yes,Diesel,2,356300,4,Automatic,Front,4-5,Left wheel,White,4,22063.0,-21659.60271701966
45804539,836,HYUNDAI,Tucson,2002,Jeep,Yes,Diesel,2,268600,4,Automatic,Front,4-5,Left wheel,Silver,4,22063.0,-12734.642864284899
45804585,707,HYUNDAI,Tucson,2001,Jeep,Yes,Diesel,2,378511,4,Automatic,Front,4-5,Left wheel,Grey,4,21181.0,-15489.615370296815
45804627,891,HYUNDAI,Tucson,1992,Jeep,Yes,Diesel,2,13900,4,Automatic,Front,4-5,Left wheel,Black,4,38894.0,5147.199391376771
45804635,1051,HYUNDAI,Sonata sport,2000,Sedan,Yes,Petrol,2.4,318100,4,Automatic,Front,4-5,Left wheel,Black,8,24462.0,25539.178653123436
45804638,877,HYUNDAI,Tucson,1991,Jeep,Yes,Diesel,1.7,17800,4,Automatic,Front,4-5,Left wheel,White,4,38229.0,242847.9646894427
45804640,831,HYUNDAI,Tucson,2017,Jeep,Yes,Petrol,1.6,41551,4,Automatic,Front,4-5,Left wheel,Black,4,51689.0,-59997.0717930628
45804643,934,TOYOTA,RAV 4,2000,Jeep,Yes,Petrol,2.5,259100,4,Automatic,4x4,4-5,Left wheel,Silver,0,28225.0,23904.84419905747
45804648,934,TOYOTA,RAV 4,1996,Jeep,Yes,Petrol,2.5,95800,4,Automatic,Front,4-5,Left wheel,Silver,0,28225.0,36276.960357282915
45804685,770,HYUNDAI,Tucson,1987,Jeep,Yes,Diesel,1.7,0,4,Automatic,Front,4-5,Left wheel,Silver,4,38725.0,251409.30533503334
45804731,770,HYUNDAI,Tucson,1995,Jeep,Yes,Diesel,1.7,88600,4,Automatic,Front,4-5,Left wheel,Silver,4,37066.0,242966.41906889703
45804768,891,HYUNDAI,Tucson,1991,Jeep,Yes,Diesel,2,33400,4,Automatic,Front,4-5,Left wheel,Black,4,35071.0,4655.52354801275
45804769,770,HYUNDAI,Tucson,1991,Jeep,Yes,Diesel,1.7,127600,4,Automatic,Front,4-5,Left wheel,White,4,36733.0,238485.53394881106
45804781,639,HYUNDAI,Tucson,1988,Jeep,Yes,Diesel,2,0,4,Automatic,Front,4-5,Left wheel,Grey,4,40556.0,10855.469152254638
45804794,765,HYUNDAI,Tucson,1989,Jeep,Yes,Diesel,2,12600,4,Automatic,Front,4-5,Left wheel,White,4,39891.0,2957.5669829627677
45804812,0,INFINITI,FX35,2009,Jeep,Yes,Petrol,3.5,507016,4,Tiptronic,4x4,4-5,Left wheel,Silver,6,15053.0,19615.603940380213
45804840,891,HYUNDAI,Tucson,1987,Jeep,Yes,Diesel,2,0,4,Automatic,Front,4-5,Left wheel,White,4,47810.0,3179.9534787602115
45804857,642,FORD,Fusion,2001,Sedan,Yes,Hybrid,2,204751,4,Automatic,Front,4-5,Left wheel,White,0,25716.0,29926.928579812604
45804859,639,HYUNDAI,Tucson,1991,Jeep,Yes,Diesel,2,81000,4,Automatic,Front,4-5,Left wheel,Silver,4,35046.0,4399.314308123854
45804892,770,HYUNDAI,Tucson,1992,Jeep,Yes,Diesel,1.7,69100,4,Automatic,Front,4-5,Left wheel,White,4,35344.0,240950.53533391212
45804894,707,HYUNDAI,Tucson,1996,Jeep,Yes,Diesel,2,191200,4,Automatic,Front,4-5,Left wheel,Black,4,27591.0,-3751.8637259739407
45804900,642,HYUNDAI,Tucson,1998,Jeep,Yes,Diesel,2,189200,4,Automatic,Front,4-5,Left wheel,White,4,26927.0,-9061.27021557404
45804979,770,HYUNDAI,Tucson,1993,Jeep,Yes,Diesel,1.7,120420,4,Automatic,Front,4-5,Left wheel,White,4,38016.0,237858.85438584484
45804983,1327,TOYOTA,Camry,1994,Sedan,Yes,Petrol,2.5,0,4,Tiptronic,Front,4-5,Left wheel,Blue,12,40769.0,62879.49537351544
45804988,707,HYUNDAI,Tucson,2005,Jeep,Yes,Diesel,2,397400,4,Automatic,Front,4-5,Left wheel,Grey,4,19613.0,-18425.310417696244
45805009,836,HYUNDAI,Tucson,2008,Jeep,Yes,Diesel,2,363105,4,Automatic,Front,4-5,Left wheel,Silver,4,13962.0,-20486.337001667547
45805054,642,HYUNDAI,Tucson,1998,Jeep,Yes,Diesel,2,322500,4,Automatic,Front,4-5,Left wheel,White,4,23104.0,-15805.995721049781
45805098,707,HYUNDAI,Tucson,2007,Jeep,Yes,Diesel,2,452000,4,Automatic,Front,4-5,Left wheel,White,4,16788.0,-27538.19602520595
45805144,707,HYUNDAI,Tucson,2008,Jeep,Yes,Diesel,2,305900,4,Automatic,Front,4-5,Left wheel,Silver,4,18779.0,-16153.294596451437
45805165,877,HYUNDAI,Tucson,1995,Jeep,Yes,Diesel,1.7,77900,4,Automatic,Front,4-5,Left wheel,White,4,34240.0,237827.07172151702
45805172,877,HYUNDAI,Tucson,1996,Jeep,Yes,Diesel,1.7,218500,4,Automatic,Front,4-5,Left wheel,White,4,35570.0,230217.9932255962
45805261,0,MAZDA,323 F,2020,Hatchback,Yes,Petrol,1.5,630800,4,Manual,Front,4-5,Left wheel,Silver,2,4500.0,51035.16385408112
45805339,650,VOLKSWAGEN,Jetta,2007,Sedan,No,Petrol,1.4 T,388900,4,Tiptronic,Front,4-5,Left wheel,Grey,6,19444.0,165.64577790691328
45805467,0,MERCEDES-BENZ,C 180,2013,Sedan,No,Petrol,1.8,585400,4,Manual,Rear,4-5,Left wheel,Black,4,9408.0,479.1017570065087
45805473,0,MERCEDES-BENZ,B 170,2007,Sedan,Yes,Petrol,1.7,581800,4,Automatic,Front,4-5,Left wheel,Black,11,11917.0,13514.838971651141
45805497,0,OPEL,Corsa,2001,Hatchback,No,Petrol,1.4,0,4,Automatic,Front,4-5,Right-hand drive,Silver,2,5018.0,120439.75396571356
45805579,781,VOLKSWAGEN,Jetta,2011,Sedan,Yes,Petrol,2.5,420800,5,Tiptronic,Front,4-5,Left wheel,White,0,14113.0,12873.580968722927
45805601,0,OPEL,Zafira,2007,Universal,Yes,Diesel,1.9 T,0,4,Manual,Front,4-5,Left wheel,Beige,6,13485.0,54192.90364671455
45805602,584,VOLKSWAGEN,Jetta,2004,Sedan,Yes,Petrol,1.8 T,330100,4,Automatic,Front,4-5,Left wheel,Black,8,18189.0,14994.740386665702
45805616,0,HONDA,FIT,2009,Sedan,No,Hybrid,1.5,383800,4,Automatic,Front,4-5,Right-hand drive,White,4,14113.0,13449.342923082419
45805617,753,HYUNDAI,Sonata,2014,Sedan,Yes,Hybrid,2.4,579700,4,Automatic,Front,4-5,Left wheel,White,8,11917.0,2810.349460721078
45805624,862,VOLKSWAGEN,Jetta,2008,Sedan,Yes,Petrol,2.5,565600,4,Automatic,Front,4-5,Left wheel,Blue,12,14113.0,32618.50640653704
45805650,0,HONDA,Cr-v,2013,Jeep,No,Petrol,2,513900,4,Manual,4x4,4-5,Left wheel,Blue,2,9722.0,35581.95973872616
45805768,642,FORD,Focus,2014,Sedan,Yes,Petrol,2,67388,4,Automatic,Front,4-5,Left wheel,Carnelian red,10,9408.0,31075.21976106801
45805830,584,VOLKSWAGEN,Passat,2001,Sedan,Yes,Petrol,1.8 T,353400,4,Tiptronic,Front,4-5,Left wheel,Black,12,20385.0,17276.16275691553
45805852,0,HONDA,Step Wagon,2013,Minivan,No,Petrol,2.4,420700,4,Automatic,4x4,4-5,Right-hand drive,Black,2,11917.0,33072.38978723827
45805867,0,BMW,320,2017,Sedan,No,Petrol,2.2,585000,6,Tiptronic,Rear,4-5,Right-hand drive,Blue,6,5331.0,17296.168166370608
45805879,0,BMW,335 335i,2011,Sedan,Yes,Petrol,3.0 T,416600,6,Manual,Rear,4-5,Left wheel,Black,8,16465.0,16744.930707050487
45805884,0,MERCEDES-BENZ,C 180,2017,Sedan,No,Petrol,1.8,342094,4,Manual,Front,4-5,Left wheel,White,0,3400.0,19414.051303040695
45805901,0,FORD,Mondeo,2019,Goods wagon,No,Diesel,2.2 T,579700,4,Automatic,Front,4-5,Left wheel,Black,4,6899.0,73645.89018431684
45805920,1032,NISSAN,March,2015,Hatchback,No,Petrol,1.2,588500,4,Automatic,Front,4-5,Right-hand drive,Purple,2,6895.0,-6371.6759765430725
45805935,0,GAZ,21 3.0,2011,Sedan,Yes,Petrol,3.0 T,346500,6,Tiptronic,Front,4-5,Left wheel,White,7,16621.0,19043.832304422773
45805942,579,TOYOTA,Avalon,1992,Sedan,Yes,Hybrid,2.5,112247,4,Tiptronic,Rear,4-5,Left wheel,Black,12,37633.0,26905.46607974344
45805994,0,TOYOTA,Prius,2015,Hatchback,No,Hybrid,1.5,554200,4,Automatic,Front,4-5,Right-hand drive,Silver,8,10036.0,8954.535689709524
45806005,1272,OPEL,Combo,2013,Goods wagon,No,Diesel,1.7 T,444100,4,Manual,Front,4-5,Left wheel,Blue,4,7840.0,632787.8192977392
45806020,0,BMW,318,2015,Sedan,No,Petrol,2,75035,4,Tiptronic,Rear,4-5,Left wheel,Red,6,10349.0,40652.03854799755
45806026,0,MERCEDES-BENZ,C 200,2019,Goods wagon,No,CNG,2,376100,4,Manual,Rear,4-5,Left wheel,Silver,4,9252.0,35838.03247656559
45806053,585,HYUNDAI,Elantra,2014,Sedan,Yes,Petrol,1.8,421400,4,Automatic,Front,4-5,Left wheel,Black,4,13485.0,16848.00042575563
45806058,2278,TOYOTA,Prius,2022,Hatchback,Yes,Hybrid,1.5,670800,4,Automatic,Front,4-5,Right-hand drive,Silver,0,125.0,-20959.111195334794
45806092,0,OPEL,Astra,2018,Sedan,No,Petrol,1.6,649200,1,Manual,Front,4-5,Left wheel,Blue,1,3500.0,42633.510911105775
45806138,0,VOLKSWAGEN,Passat,1999,Sedan,No,Petrol,1.8 T,0,4,Tiptronic,Front,4-5,Left wheel,Black,4,3763.0,38778.45490825614
45806193,761,TOYOTA,Prius,2010,Sedan,Yes,Hybrid,1.8,447800,4,Variator,Front,4-5,Left wheel,Grey,11,13172.0,10721.40781524833
45806248,0,BMW,316,2019,Sedan,Yes,CNG,1.9,669100,4,Manual,Rear,4-5,Left wheel,Blue,6,7213.0,76.30166586295309
45806310,3811,OPEL,Astra,2018,Goods wagon,No,CNG,1.6,606400,4,Manual,Front,4-5,Right-hand drive,Silver,2,3136.0,-2835.402764042661
45806340,1368,RENAULT,Megane 19,2022,Coupe,No,Petrol,1.6,611200,4,Manual,Front,2-3,Left wheel,Red,2,2000.0,-30299.52739640919
45806363,919,BMW,535,1997,Sedan,Yes,Petrol,3.0 T,52600,6,Tiptronic,4x4,4-5,Left wheel,White,16,34497.0,37227.64960360047
45806364,0,OPEL,Astra,2019,Coupe,Yes,Petrol,2,689300,4,Manual,Front,2-3,Left wheel,Grey,4,5959.0,74713.42122701996
45806382,505,MITSUBISHI,Outlander,2005,Jeep,Yes,Hybrid,2,364300,4,Automatic,4x4,4-5,Left wheel,Black,12,21953.0,24509.520190762767
45806404,0,TOYOTA,Corolla,2010,Minivan,No,Diesel,2.2 T,423900,4,Manual,Front,4-5,Left wheel,Grey,6,14113.0,58780.11244368528
45806455,629,KIA,RIO,2022,Sedan,Yes,Petrol,1.6,733500,4,Automatic,Front,4-5,Left wheel,White,12,2352.0,-7759.932333927245
45806460,1493,HONDA,Odyssey,2022,Sedan,Yes,Petrol,3.5,702100,6,Automatic,Front,4-5,Left wheel,Grey,12,784.0,-21504.679786176734
45806488,640,MITSUBISHI,Outlander,2021,Jeep,Yes,Petrol,2,615600,4,Automatic,Front,4-5,Left wheel,Silver,12,2979.0,3665.1708198254073
45806500,779,TOYOTA,Camry,2016,Sedan,Yes,Hybrid,2.5,735000,4,Automatic,Front,4-5,Left wheel,Blue,12,7213.0,18865.762097317896
45806548,1493,TOYOTA,Highlander,2016,Jeep,Yes,Petrol,3.5,0,6,Automatic,Front,4-5,Left wheel,Silver,12,16935.0,32795.52984819166
45806569,502,TOYOTA,Prius,2022,Hatchback,Yes,Hybrid,1.5,528500,4,Automatic,Front,4-5,Left wheel,Black,12,1803.0,4962.336798700491
45806576,1079,TOYOTA,4Runner,2013,Jeep,Yes,Petrol,2,420100,4,Automatic,Front,4-5,Left wheel,Purple,12,10349.0,23156.049295725752
45806595,1058,LEXUS,RX 450,2004,Jeep,Yes,Hybrid,3.5,393400,6,Automatic,Front,4-5,Left wheel,Black,12,20698.0,24731.427674632323
45806681,0,BMW,328 DRIFT CAR,2014,Coupe,No,Petrol,3.1,526163,6,Manual,Rear,2-3,Left wheel,Red,0,8781.0,6706.235165740845
45806693,831,TOYOTA,Camry,2010,Sedan,Yes,Hybrid,2.4,441700,4,Tiptronic,Front,4-5,Left wheel,White,10,9408.0,12660.029670881126
45806696,761,TOYOTA,Prius,2013,Sedan,Yes,Hybrid,1.8,593500,4,Variator,Front,4-5,Left wheel,Carnelian red,8,9722.0,-178.8012811298322
45806713,1202,HYUNDAI,Santa FE,2015,Sedan,Yes,Petrol,2.4,644381,4,Automatic,Front,4-5,Left wheel,Grey,12,6586.0,-14437.361746879265
45806771,308,TOYOTA,Prius,2017,Hatchback,Yes,Hybrid,1.8,716500,4,Automatic,Front,4-5,Left wheel,Red,12,1882.0,-7642.3442064603405
45806835,456,TOYOTA,Camry,2020,Sedan,Yes,Hybrid,2.5,595800,4,Automatic,Front,4-5,Left wheel,Black,12,1882.0,4825.326703839259
45806840,751,HYUNDAI,Sonata,2004,Sedan,Yes,Petrol,2.4,407700,4,Tiptronic,Front,4-5,Left wheel,Silver,12,18503.0,22775.232956888394
45806860,891,LEXUS,RC F,2022,Coupe,Yes,Petrol,2,665600,4,Automatic,Rear,2-3,Left wheel,Black,12,1254.0,22394.363044731675
45806891,640,VOLKSWAGEN,Jetta,2022,Sedan,Yes,Diesel,2,706000,4,Automatic,Front,4-5,Left wheel,Silver,12,157.0,17478.75354384103
45806896,353,TOYOTA,Prius,2022,Hatchback,Yes,Hybrid,1.8,700900,4,Automatic,Front,4-5,Left wheel,White,12,1019.0,-7040.747611009647
45806898,0,MAZDA,Demio,2015,Hatchback,No,Petrol,1.3,591100,3,Automatic,Front,4-5,Right-hand drive,Blue,3,5015.0,26239.064240647098
45806948,917,PORSCHE,Cayenne,2017,Jeep,Yes,Diesel,3,638600,6,Automatic,4x4,4-5,Left wheel,Black,12,5018.0,13232.268986874296
45807034,640,FORD,C-MAX,2002,Hatchback,Yes,Hybrid,2,291100,4,Variator,Front,4-5,Left wheel,Black,12,23521.0,23959.77980364252
45807044,0,TOYOTA,Camry SE,2001,Sedan,Yes,Petrol,2.5,117600,4,Tiptronic,Front,4-5,Left wheel,Black,4,26657.0,42314.19782054482
45807077,1823,MERCEDES-BENZ,GLE 350,1995,Jeep,Yes,Petrol,3.5,211100,6,Automatic,Rear,4-5,Left wheel,White,12,29793.0,27009.832276332123
45807142,0,FORD,Transit,2018,Microbus,No,Diesel,2.5 T,419200,1,Manual,Rear,2-3,Right-hand drive,Blue,2,7840.0,76725.03555975942
45807147,0,TOYOTA,Prius,2004,Hatchback,No,Hybrid,1.8,223800,4,Automatic,Front,4-5,Left wheel,Silver,4,23521.0,30551.767112747904
45807159,0,FORD,Transit T330,2006,Microbus,No,Diesel,2.4 T,478100,4,Manual,Rear,2-3,Left wheel,White,4,18503.0,17326.890435682733
45807216,831,HYUNDAI,Sonata,2008,Sedan,No,Hybrid,2.4,335500,4,Automatic,Rear,4-5,Left wheel,White,4,18817.0,-364.7676090681307
45807300,0,MAZDA,Mazda 5,2005,Minivan,Yes,LPG,2.5,235200,4,Tiptronic,Front,4-5,Left wheel,White,8,18346.0,101744.05202354114
45807316,0,LEXUS,LX 470,2004,Jeep,Yes,Petrol,4.7,300900,8,Automatic,4x4,4-5,Left wheel,Black,2,19757.0,36576.02028320991
45807320,0,HONDA,FIT,2008,Hatchback,Yes,Hybrid,1.5,443400,4,Variator,Front,4-5,Right-hand drive,White,0,17249.0,14756.901272376923
45807376,836,KIA,Avella,2021,Sedan,Yes,Petrol,2,646051,4,Automatic,Front,4-5,Left wheel,Grey,12,392.0,10679.941334620456
45807422,0,BMW,750,2008,Sedan,Yes,Petrol,5,527166,8,Tiptronic,Rear,4-5,Left wheel,Black,12,15367.0,28050.1465255394
45807430,836,KIA,Avella,2019,Sedan,Yes,Petrol,2,113419,4,Automatic,Front,4-5,Left wheel,Grey,12,392.0,38620.07749595036
45807496,707,VOLKSWAGEN,Jetta,2022,Sedan,Yes,Petrol,2,609600,4,Automatic,Front,4-5,Left wheel,Black,12,392.0,4306.892755140236
45807519,0,TOYOTA,Prius C,2003,Hatchback,No,Hybrid,1.5,382200,4,Variator,Front,4-5,Left wheel,Red,6,20071.0,14583.693173026346
45807566,0,MERCEDES-BENZ,E 430,2016,Sedan,Yes,Petrol,4.3,578000,8,Automatic,Rear,4-5,Left wheel,Silver,8,5645.0,5696.826562395638
45807568,0,NISSAN,Murano,2011,Jeep,Yes,Petrol,3.5,535700,6,Automatic,4x4,4-5,Left wheel,Golden,12,10036.0,18012.729535444796
45807586,765,MERCEDES-BENZ,GLA 250,2020,Jeep,Yes,Petrol,2,693100,4,Automatic,4x4,4-5,Left wheel,White,0,5018.0,-6177.138912949817
45807587,2188,MERCEDES-BENZ,ML 350,2011,Jeep,Yes,Petrol,3.5,260335,6,Tiptronic,4x4,4-5,Left wheel,Silver,8,12544.0,2671.6137700392937
45807612,3273,FORD,Explorer,2001,Jeep,No,Petrol,4,0,6,Automatic,4x4,4-5,Left wheel,Red,2,2000.0,32448.924142195
45807628,0,LEXUS,IS 250,2000,Sedan,Yes,Petrol,2.5,227200,6,Tiptronic,Rear,4-5,Left wheel,Grey,10,26657.0,37525.6635937813
45807639,490,HONDA,Insight,2013,Sedan,No,Hybrid,1.3,454000,4,Tiptronic,Front,4-5,Left wheel,Blue,10,13799.0,34400.81752031841
45807756,0,FORD,Transit,2018,Microbus,No,Diesel,2.5,645140,4,Manual,Rear,2-3,Left wheel,White,0,5500.0,36867.11095856548
45807840,0,FORD,Transit,2022,Microbus,No,Diesel,2.3,685700,4,Manual,Rear,4-5,Left wheel,White,0,282.0,-18810.51868315354
45807987,640,FORD,Escape,2012,Jeep,Yes,Petrol,2,555000,4,Automatic,4x4,4-5,Left wheel,Silver,12,11917.0,11935.523249308866
45808029,0,TOYOTA,Ist,2013,Hatchback,No,Petrol,1.5,437800,4,Automatic,Front,4-5,Right-hand drive,White,4,10036.0,11678.00953719748
45808092,3301,JEEP,Cherokee,2022,Jeep,Yes,Petrol,4,743800,8,Manual,4x4,4-5,Left wheel,Black,11,3136.0,-43862.66475245417
45808177,0,MAZDA,Rx-8,2008,Coupe,Yes,Petrol,1.8,484400,4,Manual,Rear,4-5,Left wheel,Red,4,10976.0,2879.8313617621534
45808178,0,FORD,Maverick,2017,Jeep,No,CNG,2.4,543600,4,Manual,4x4,4-5,Left wheel,Carnelian red,2,7370.0,-19314.186438073295
45808181,0,MERCEDES-BENZ,C 230,2015,Sedan,No,CNG,2.4,442500,6,Tiptronic,Rear,4-5,Right-hand drive,White,4,9722.0,-15071.043033827533
45808183,0,MERCEDES-BENZ,Sprinter,1990,Microbus,Yes,Diesel,2.2 T,11600,4,Manual,Rear,>5,Left wheel,White,2,35000.0,22100.13784180404
45808194,0,VOLKSWAGEN,T3,2022,Hatchback,No,Petrol,1.6,611000,4,Manual,Front,4-5,Left wheel,Red,2,2600.0,-31533.41514657435
45808240,0,NISSAN,Juke,2001,Jeep,No,Petrol,1.6 T,227500,4,Tiptronic,Front,4-5,Left wheel,Carnelian red,6,24148.0,33940.66404742453
45808245,0,FORD,C-MAX,2005,Hatchback,Yes,Plug-in Hybrid,2,325700,4,Automatic,Front,4-5,Left wheel,Silver,10,21953.0,29510.055001470406
45808257,779,CHEVROLET,Malibu,2022,Sedan,Yes,Petrol,2.5,592200,4,Automatic,Front,4-5,Left wheel,Blue,12,1490.0,21362.16457113453
45808290,1080,CHRYSLER,300,2017,Sedan,Yes,Petrol,3.6,632784,6,Automatic,Rear,4-5,Left wheel,Silver,12,5488.0,11911.9177177245
45808317,934,CHEVROLET,Malibu,2022,Sedan,Yes,Petrol,2.5,680200,4,Automatic,Front,4-5,Left wheel,White,12,1333.0,-12670.250493033265
45808325,753,GMC,TERRAIN,2020,Jeep,Yes,Petrol,2.4,620900,4,Automatic,Front,4-5,Left wheel,Silver,12,2430.0,4252.933053279889
45808368,0,BMW,318,2012,Sedan,No,Petrol,2,464800,4,Manual,Rear,4-5,Left wheel,Blue,6,13485.0,49708.619477974
45808404,1203,CHEVROLET,Camaro,2022,Coupe,Yes,Petrol,3.6,699800,6,Automatic,Rear,2-3,Left wheel,Grey,12,1019.0,-8038.664274793322
45808405,1017,HYUNDAI,Elantra,2019,Sedan,Yes,Petrol,2,667800,4,Automatic,Front,4-5,Left wheel,Blue,12,3293.0,42027.20722754074
45808430,0,HONDA,FIT,2016,Hatchback,No,Petrol,1.3,652400,4,Automatic,Front,4-5,Right-hand drive,Red,4,6272.0,-9449.647755407845
45808449,639,VOLKSWAGEN,Scirocco,2020,Sedan,Yes,Petrol,2,586600,4,Automatic,Front,4-5,Left wheel,Black,12,6429.0,14760.857821410376
45808469,1694,AUDI,RS7,2022,Hatchback,Yes,Petrol,4,674100,8,Automatic,4x4,4-5,Left wheel,Grey,12,549.0,-2053.9288244702657
45808474,1575,AUDI,Q7,1992,Jeep,Yes,Petrol,3,71300,6,Automatic,4x4,4-5,Left wheel,Silver,12,37947.0,30078.239835965906
45808563,707,AUDI,A4,2022,Sedan,Yes,Petrol,2,697700,4,Automatic,4x4,4-5,Left wheel,White,12,1646.0,-13274.027109758292
45808573,707,FORD,Focus,2022,Sedan,Yes,Petrol,2,858700,4,Automatic,Front,4-5,Left wheel,Red,12,314.0,-19693.78168562986
45808592,831,CHEVROLET,Equinox,2021,Jeep,Yes,Petrol,2.4,652200,4,Automatic,Front,4-5,Left wheel,White,12,1568.0,2408.618238039471
45808594,0,VAZ,2105,2018,Sedan,No,Petrol,1.6,574700,4,Manual,Rear,4-5,Left wheel,White,0,4704.0,-52940.195038736754
45808607,1079,FORD,Focus,2022,Sedan,Yes,Petrol,2,569224,4,Automatic,Front,4-5,Left wheel,Black,12,1333.0,-1260.7832461529251
45808625,1694,NISSAN,Frontier,2021,Sedan,Yes,Petrol,4,682800,6,Automatic,Front,4-5,Left wheel,Brown,12,3136.0,1388.5299456292414
45808626,919,BMW,740,2021,Sedan,Yes,Petrol,3,618200,6,Automatic,Rear,4-5,Left wheel,Silver,12,5175.0,-3925.9796519196825
45808647,562,CHEVROLET,Cruze,2022,Sedan,Yes,Petrol,1.4,619500,4,Automatic,Front,4-5,Left wheel,Carnelian red,12,470.0,-20504.735994740855
45808687,0,SUZUKI,Grand Vitara,2011,Jeep,No,Petrol,2.7,436900,6,Automatic,4x4,4-5,Right-hand drive,White,6,11000.0,16180.90586741452
45808700,1399,HONDA,Accord,2020,Sedan,Yes,Petrol,3.5,593300,6,Automatic,Front,4-5,Left wheel,White,12,2666.0,-900.5481259373555
45808725,1055,LEXUS,RX 350,2021,Jeep,Yes,Petrol,3.5,527300,6,Automatic,4x4,4-5,Left wheel,Grey,12,4547.0,10978.60820799763
45808774,586,NISSAN,Versa,2016,Hatchback,No,Petrol,1.8,155346,4,Automatic,Front,4-5,Left wheel,Black,10,8467.0,27916.798603683637
45808780,0,MERCEDES-BENZ,Smart,2022,Coupe,No,Petrol,0.6,581600,4,Tiptronic,Rear,2-3,Left wheel,Blue,2,3136.0,22135.908068588444
45808822,0,SUBARU,Outback,2009,Universal,No,LPG,2.5,422000,4,Tiptronic,4x4,4-5,Left wheel,Beige,12,14113.0,9688.818802272017
45808849,0,VOLKSWAGEN,Touareg,2014,Jeep,Yes,LPG,3,482800,6,Tiptronic,4x4,4-5,Left wheel,White,12,12544.0,6254.4400461422065
45808855,1156,FORD,Explorer,2017,Jeep,Yes,Petrol,2.3,44643,4,Automatic,Front,4-5,Left wheel,Black,4,99440.0,73809.22487112117
45808890,831,CHEVROLET,Aveo,1999,Sedan,Yes,Petrol,1.6,83809,4,Automatic,Front,4-5,Left wheel,White,4,26306.0,32868.80290255671
45808894,583,CHEVROLET,Aveo,2016,Sedan,Yes,Petrol,1.6,561600,4,Automatic,Front,4-5,Left wheel,Black,4,10697.0,8189.8462573589695
45808900,528,CHEVROLET,Aveo,2006,Sedan,Yes,Petrol,1.6,465300,4,Automatic,Front,4-5,Left wheel,White,4,16766.0,13480.165139054568
45808915,831,CHEVROLET,Aveo,1998,Sedan,Yes,Petrol,1.6,215600,4,Automatic,Front,4-5,Left wheel,White,4,29489.0,26695.416843623454
45808922,1011,FORD,Explorer,2016,Jeep,Yes,Petrol,2.3,66508,4,Automatic,Front,4-5,Left wheel,Black,4,92070.0,74814.89151919246
45808924,530,CHEVROLET,Aveo,2008,Hatchback,Yes,Petrol,1.6,469500,4,Automatic,Front,4-5,Left wheel,Grey,4,15464.0,18151.6108984036
45808946,687,DAEWOO,Lacetti,2016,Sedan,Yes,Diesel,1.6,423000,4,Automatic,Front,4-5,Left wheel,White,4,7806.0,10318.25832817004
45808959,790,DAEWOO,Lacetti,2018,Sedan,Yes,Petrol,1.6,560600,4,Automatic,Front,4-5,Left wheel,Silver,4,7517.0,-12255.47280266902
45808967,1011,FORD,Explorer,2016,Jeep,Yes,Petrol,2.3,125072,4,Automatic,Front,4-5,Left wheel,White,4,79902.0,66706.17091632413
45808971,473,CHEVROLET,Aveo,2013,Hatchback,Yes,Petrol,1.4,499700,4,Automatic,Front,4-5,Left wheel,Orange,4,11290.0,8880.121330940681
45808981,687,DAEWOO,Lacetti,2020,Sedan,Yes,Petrol,1.6,436400,4,Automatic,Front,4-5,Left wheel,Grey,4,8386.0,-4939.782531184428
45809008,687,DAEWOO,Lacetti,2018,Sedan,Yes,Petrol,1.6,559200,4,Automatic,Front,4-5,Left wheel,White,4,7806.0,-15523.510222175246
45809016,1307,CHEVROLET,Camaro,2015,Cabriolet,Yes,Petrol,3.6,99162,4,Automatic,Front,4-5,Left wheel,Yellow,4,48277.0,-10893.742462472579
45809024,687,DAEWOO,Lacetti,2016,Sedan,Yes,Petrol,1.6,592900,4,Automatic,Front,4-5,Left wheel,Black,4,7527.0,-11093.1980151397
45809038,639,CHEVROLET,Captiva,2000,Jeep,Yes,Diesel,2,491500,4,Automatic,Front,4-5,Left wheel,White,4,24283.0,17853.898522836353
45809039,1058,FORD,F150,2012,Sedan,Yes,Petrol,3.5,42187,4,Automatic,Front,4-5,Left wheel,Black,4,104216.0,75301.82006819922
45809048,790,DAEWOO,Lacetti,2017,Sedan,Yes,Petrol,1.6,637700,4,Automatic,Front,4-5,Left wheel,Blue,4,5645.0,7702.152408575415
45809059,790,DAEWOO,Lacetti,2022,Sedan,Yes,Petrol,1.6,558700,4,Automatic,Front,4-5,Left wheel,Silver,4,5968.0,-14139.28414014099
45809061,308,TOYOTA,Aqua,2014,Hatchback,Yes,Hybrid,1.5,408600,4,Automatic,Front,4-5,Left wheel,White,4,9396.0,11799.626749898081
45809069,1493,FORD,F150,2016,Sedan,Yes,Petrol,3.5,30573,4,Automatic,Front,4-5,Left wheel,White,4,132971.0,63913.00364381206
45809071,761,DAEWOO,Lacetti,2018,Sedan,Yes,Petrol,1.8,488300,4,Automatic,Front,4-5,Left wheel,Grey,4,8006.0,3958.361698950166
45809073,765,CHEVROLET,Captiva,2003,Jeep,Yes,Diesel,2,379200,4,Automatic,Front,4-5,Left wheel,Silver,4,23678.0,25133.487323611203
45809100,640,CHEVROLET,Captiva,2003,Jeep,Yes,Diesel,2,260200,4,Automatic,Front,4-5,Left wheel,Grey,4,24571.0,33421.38036736719
45809101,836,DAEWOO,Lacetti,2014,Sedan,Yes,Diesel,2,639900,4,Automatic,Front,4-5,Left wheel,Grey,4,7997.0,38111.43001074967
45809109,966,DAEWOO,Lacetti,2018,Sedan,Yes,Petrol,2,527300,4,Automatic,Front,4-5,Left wheel,Silver,4,4679.0,21546.013501695987
45809111,866,FORD,Mustang,2015,Cabriolet,Yes,Petrol,2.3,70313,4,Automatic,Front,4-5,Left wheel,Black,4,86142.0,8377.06004830017
45809136,503,TOYOTA,Aqua,1996,Hatchback,Yes,Petrol,1.5,23032,4,Automatic,Front,4-5,Left wheel,Yellow,4,30906.0,43588.86017716439
45809143,765,CHEVROLET,Captiva,2000,Jeep,Yes,Diesel,2,280300,4,Automatic,Front,4-5,Left wheel,Black,4,27174.0,32280.586011690448
45809145,732,HONDA,FIT,1998,Hatchback,Yes,Petrol,1.3,295700,4,Automatic,Front,4-5,Left wheel,Silver,4,22900.0,19977.701862455015
45809151,501,TOYOTA,Aqua,2006,Hatchback,Yes,Petrol,1.5,370200,4,Automatic,Front,4-5,Left wheel,Silver,4,17663.0,19862.421551467214
45809155,503,TOYOTA,Aqua,2002,Hatchback,Yes,Hybrid,1.5,209300,4,Automatic,Front,4-5,Left wheel,White,4,25274.0,25649.073790440987
45809156,769,CHEVROLET,Captiva,2003,Jeep,Yes,Diesel,2.2,287800,4,Automatic,Front,4-5,Left wheel,Grey,4,22549.0,28195.68099953856
45809162,446,HONDA,FIT,2012,Hatchback,Yes,Petrol,1.3,391971,4,Automatic,Front,4-5,Left wheel,Blue,4,12184.0,34729.91402556164
45809171,1058,FORD,Taurus,2002,Sedan,Yes,Petrol,3.5,315700,4,Automatic,Front,4-5,Left wheel,Black,4,24029.0,26685.687838217425
45809173,784,TOYOTA,Aqua,1994,Hatchback,Yes,Petrol,1.5,138000,4,Automatic,Front,4-5,Left wheel,Black,4,35808.0,35053.176545891205
45809176,527,HONDA,FIT,2007,Hatchback,Yes,Petrol,1.3,336000,4,Automatic,Front,4-5,Left wheel,Silver,4,13203.0,15769.829766312558
45809177,1104,JAGUAR,F-type,2022,Jeep,Yes,Petrol,3,662400,6,Automatic,Rear,2-3,Left wheel,Red,12,78.0,62545.01195491168
45809194,271,TOYOTA,Aqua,2004,Universal,Yes,Hybrid,1.5,180407,4,Automatic,Front,4-5,Left wheel,Black,4,19030.0,36080.85446704439
45809202,833,CHEVROLET,Captiva,1990,Jeep,Yes,Diesel,2.2,0,4,Automatic,Front,4-5,Left wheel,Brown,4,39085.0,49109.72983668645
45809210,308,HONDA,FIT,2014,Hatchback,Yes,Hybrid,1.5,404800,4,Automatic,Front,4-5,Left wheel,Silver,4,9656.0,14856.394120552904
45809211,765,FORD,Taurus,1991,Sedan,Yes,Petrol,2,6516,4,Automatic,Front,4-5,Left wheel,Black,4,40092.0,48151.92840276181
45809219,271,TOYOTA,Aqua,1992,Hatchback,Yes,Hybrid,1.5,88900,4,Automatic,Front,4-5,Left wheel,White,4,36539.0,39278.16436140019
45809220,640,FORD,Taurus,1988,Sedan,Yes,Petrol,2,56800,4,Automatic,Front,4-5,Left wheel,White,4,39797.0,43341.092305560494
45809238,503,TOYOTA,Aqua,2001,Hatchback,Yes,Petrol,1.5,353600,4,Automatic,Front,4-5,Left wheel,Black,4,22197.0,23812.967676082575
45809239,527,HONDA,FIT,2013,Hatchback,Yes,Petrol,1.3,448400,4,Automatic,Front,4-5,Left wheel,Silver,4,13310.0,7112.682793817468
45809251,501,TOYOTA,Aqua,2014,Hatchback,Yes,Petrol,1.5,518600,4,Automatic,Front,4-5,Left wheel,White,4,12272.0,3906.2621663003065
45809252,691,HONDA,FIT,2008,Hatchback,Yes,Petrol,1.3,429800,4,Automatic,Front,4-5,Left wheel,Black,4,19930.0,9357.837995605267
45809261,87,TOYOTA,Aqua,2010,Hatchback,Yes,Petrol,0,442800,4,Automatic,Front,4-5,Left wheel,Grey,4,17663.0,31387.71186826111
45809274,271,TOYOTA,Aqua,1997,Hatchback,Yes,Hybrid,1.5,382100,4,Automatic,Front,4-5,Left wheel,White,4,26795.0,21967.869497279677
45809278,784,HONDA,FIT,2002,Hatchback,Yes,Petrol,1.5,398400,4,Automatic,Front,4-5,Left wheel,Silver,4,23659.0,15636.538891060822
45809292,707,HYUNDAI,Sonata,2021,Sedan,Yes,Petrol,2,655700,4,Automatic,Front,4-5,Left wheel,Silver,12,3607.0,-168.87909127507737
45809295,501,HONDA,FIT,2013,Hatchback,Yes,Petrol,1.5,544300,4,Automatic,Front,4-5,Left wheel,Silver,4,13946.0,5965.372785453403
45809308,639,CHEVROLET,Captiva,2002,Jeep,Yes,Diesel,2,320800,4,Automatic,Front,4-5,Left wheel,Grey,4,25456.0,30861.274763806876
45809320,642,CHEVROLET,Captiva,2001,Jeep,Yes,Diesel,2,192800,4,Automatic,Front,4-5,Left wheel,Silver,4,25299.0,36926.61329302328
45809325,769,CHEVROLET,Captiva,2004,Jeep,Yes,Diesel,2.2,337500,4,Automatic,Front,4-5,Left wheel,Grey,4,18189.0,25185.96895858954
45809328,271,HONDA,FIT,2007,Hatchback,Yes,Hybrid,1.5,369700,4,Automatic,Front,4-5,Left wheel,Blue,4,17663.0,43873.66225936946
45809345,502,HONDA,FIT,2008,Hatchback,Yes,Hybrid,1.5,240600,4,Automatic,Front,4-5,Left wheel,Silver,4,16719.0,23971.078380755036
45809353,447,HONDA,FIT,2010,Universal,Yes,Petrol,1.3,500300,4,Automatic,Front,4-5,Left wheel,White,4,13065.0,4603.355874050929
45809367,345,TOYOTA,Aqua,1991,Universal,Yes,Hybrid,1.5,94400,4,Automatic,Front,4-5,Left wheel,Black,4,38822.0,46042.243374743826
45809385,502,HONDA,FIT,2000,Hatchback,Yes,Petrol,1.5,215400,4,Automatic,Front,4-5,Left wheel,Orange,4,26858.0,31303.76853731285
45809387,694,CHEVROLET,Captiva,1995,Jeep,Yes,Diesel,2.2,180800,4,Automatic,Front,4-5,Left wheel,White,4,29087.0,33045.69906130886
45809389,502,HONDA,FIT,2016,Hatchback,Yes,Petrol,1.5,143354,4,Automatic,Front,4-5,Left wheel,White,4,12027.0,20268.855061741542
45809410,501,HONDA,FIT,2001,Hatchback,Yes,Petrol,1.5,265400,4,Automatic,Front,4-5,Left wheel,Silver,4,23204.0,26017.023443468588
45809414,769,CHEVROLET,Captiva,2007,Jeep,Yes,Diesel,2.2,292200,4,Automatic,Front,4-5,Left wheel,Silver,4,15800.0,25120.35298423812
45809436,308,HONDA,FIT,2012,Hatchback,Yes,Hybrid,1.5,570800,4,Automatic,Front,4-5,Left wheel,Silver,4,12758.0,7447.084900475862
45809450,345,HONDA,FIT,1996,Universal,Yes,Hybrid,1.5,127300,4,Automatic,Front,4-5,Left wheel,Yellow,4,34560.0,40854.46706607586
45809458,382,HONDA,FIT,1986,Universal,Yes,Hybrid,1.5,0,4,Automatic,Front,4-5,Left wheel,Blue,4,41259.0,73963.77391044037
45809460,751,CHEVROLET,Equinox,2020,Jeep,Yes,Petrol,2.4,307623,4,Automatic,Front,4-5,Left wheel,Grey,12,3136.0,26590.94127792761
45809505,271,TOYOTA,Aqua,2002,Universal,Yes,Hybrid,1.5,347800,4,Automatic,Front,4-5,Left wheel,Red,4,20250.0,20666.537326497113
45809512,502,TOYOTA,Aqua,2017,Universal,Yes,Hybrid,1.5,539086,4,Automatic,Front,4-5,Left wheel,Silver,4,10202.0,8263.505680723154
45809562,584,CHEVROLET,Cruze,2006,Sedan,Yes,Petrol,1.8,493200,4,Automatic,Front,4-5,Left wheel,Grey,4,16766.0,14936.178696280125
45809564,501,HONDA,FIT,2000,Hatchback,Yes,Petrol,1.5,173200,4,Automatic,Front,4-5,Left wheel,Black,4,28592.0,31835.14106808644
45809573,584,OPEL,Vectra,2021,Sedan,No,LPG,1.8,652000,6,Manual,Rear,4-5,Left wheel,Black,0,240.0,-34579.21064178792
45809575,585,CHEVROLET,Cruze,2011,Sedan,Yes,Petrol,1.8,410800,4,Automatic,Front,4-5,Left wheel,Black,4,13877.0,16404.612987944445
45809592,501,TOYOTA,Aqua,2001,Hatchback,Yes,Petrol,1.5,273600,4,Automatic,Front,4-5,Left wheel,Blue,4,24176.0,50588.88284708187
45809594,690,HONDA,Civic,1988,Sedan,Yes,Petrol,1.5,32700,4,Automatic,Front,4-5,Left wheel,Black,4,44611.0,37172.90440995423
45809621,831,HYUNDAI,Accent,2021,Sedan,Yes,Petrol,1.6,724700,4,Automatic,Front,4-5,Left wheel,Blue,12,1254.0,3495.604585229712
45809624,502,TOYOTA,Aqua,1997,Hatchback,Yes,Petrol,1.5,240900,4,Automatic,Front,4-5,Left wheel,White,4,29445.0,26360.977980611857
45809625,586,CHEVROLET,Cruze,2011,Sedan,Yes,Petrol,1.8,414700,4,Automatic,Front,4-5,Left wheel,White,4,13877.0,11050.634649070404
45809657,1017,HONDA,Civic,2017,Coupe,Yes,Petrol,2,26488,4,Automatic,Front,4-5,Left wheel,White,4,53185.0,3370.6052695397684
45809661,749,HONDA,Civic,1988,Coupe,Yes,Petrol,2.4,0,4,Automatic,Front,4-5,Left wheel,Black,4,41538.0,27450.445244071147
45809662,645,CHEVROLET,Cruze,2013,Sedan,Yes,Petrol,1.8,530500,4,Automatic,Front,4-5,Left wheel,Grey,4,10117.0,8903.70330916163
45809666,501,HONDA,FIT,1997,Hatchback,Yes,Petrol,1.5,264800,4,Automatic,Front,4-5,Left wheel,White,4,27435.0,23539.822719607935
45809689,751,HONDA,Civic,1990,Coupe,Yes,Petrol,2.4,153800,4,Automatic,Front,4-5,Left wheel,Blue,4,35567.0,41361.9458388027
45809707,473,CHEVROLET,Cruze,1999,Sedan,Yes,Petrol,1.4,401500,4,Automatic,Front,4-5,Left wheel,White,4,17923.0,254.6801094475486
45809717,1823,FORD,Taurus,2017,Jeep,Yes,Petrol,3.5,600100,6,Automatic,4x4,4-5,Left wheel,White,12,5331.0,-15493.473000449252
45809723,784,TOYOTA,Aqua,1988,Hatchback,Yes,Petrol,1.5,0,4,Automatic,Front,4-5,Left wheel,Black,4,42933.0,45005.63464321889
45809727,645,CHEVROLET,Cruze,2012,Sedan,Yes,Petrol,1.8,559400,4,Automatic,Front,4-5,Left wheel,Grey,4,9832.0,7936.40541214816
45809746,501,TOYOTA,Aqua,2007,Hatchback,Yes,Petrol,1.5,26636,4,Automatic,Front,4-5,Left wheel,White,4,14586.0,32263.609807938315
45809797,707,CHEVROLET,Cruze,2016,Sedan,Yes,Diesel,2,581900,4,Automatic,Front,4-5,Left wheel,Grey,4,9261.0,44806.76486721578
45809799,502,TOYOTA,Aqua,2005,Sedan,Yes,Petrol,1.5,350000,4,Automatic,Front,4-5,Left wheel,Blue,4,19883.0,44196.11008043526
45809801,697,HONDA,Civic,1999,Sedan,Yes,Petrol,1.8,114500,4,Automatic,Front,4-5,Left wheel,Silver,4,30891.0,27056.981642832165
45809811,642,CHEVROLET,Cruze,2011,Sedan,Yes,Diesel,2,427185,4,Automatic,Front,4-5,Left wheel,Grey,4,13987.0,55834.848321223115
45809825,503,TOYOTA,Aqua,2000,Hatchback,Yes,Petrol,1.5,124875,4,Automatic,Front,4-5,Left wheel,Black,4,22715.0,35881.00292496701
45809832,645,TOYOTA,Corolla,2022,Sedan,Yes,Petrol,1.8,677100,4,Automatic,Front,4-5,Left wheel,Black,12,627.0,-746.6665237605921
45809838,1533,CHEVROLET,Impala,2020,Sedan,Yes,Petrol,3.6,744000,6,Automatic,Front,4-5,Left wheel,Silver,12,1333.0,-3869.9485143632846
45809854,585,CHEVROLET,Cruze,2009,Sedan,Yes,Petrol,1.8,397500,4,Automatic,Front,4-5,Left wheel,Black,4,16618.0,18067.541450776658
45809860,503,TOYOTA,Aqua,2007,Hatchback,Yes,Petrol,1.5,500400,4,Automatic,Front,4-5,Left wheel,Yellow,4,14069.0,13990.094559026084
45809890,501,TOYOTA,Aqua,2000,Hatchback,Yes,Petrol,1.5,396400,4,Automatic,Front,4-5,Left wheel,Silver,4,24239.0,21506.67313717354
45809896,503,TOYOTA,Aqua,2010,Hatchback,Yes,Petrol,1.5,313500,4,Automatic,Front,4-5,Left wheel,Blue,4,12607.0,44092.83313157222
45809914,502,TOYOTA,Aqua,2008,Hatchback,Yes,Petrol,1.5,326700,4,Automatic,Front,4-5,Left wheel,Black,4,15530.0,21720.299598691086
45809923,831,HONDA,Civic,1992,Coupe,Yes,Petrol,1.5,71100,4,Automatic,Front,4-5,Left wheel,Black,4,34889.0,-2216.0256745358274
45809925,418,NISSAN,March,2019,Hatchback,Yes,Petrol,1.2,606286,4,Automatic,Front,4-5,Left wheel,Silver,4,5849.0,-2692.62495557082
45809930,697,HONDA,Civic,1987,Sedan,Yes,Petrol,1.8,0,4,Automatic,Front,4-5,Left wheel,Red,4,46866.0,31513.768115180337
45809940,419,NISSAN,March,2018,Hatchback,Yes,Petrol,1.2,671800,4,Automatic,Front,4-5,Left wheel,Black,4,4265.0,-4865.686397805832
45809946,419,NISSAN,March,2019,Hatchback,Yes,Petrol,1.2,553700,4,Automatic,Front,4-5,Left wheel,Black,4,5209.0,614.9611997960455
45809947,586,CHEVROLET,Cruze,2011,Sedan,Yes,Petrol,1.8,495700,4,Automatic,Front,4-5,Left wheel,White,4,14834.0,6952.189293154897
45809967,494,NISSAN,March,2019,Hatchback,Yes,Petrol,1.2,641700,4,Automatic,Front,4-5,Left wheel,Black,4,5987.0,-4674.053710545086
45809987,584,CHEVROLET,Cruze,2018,Jeep,Yes,Petrol,1.8,594700,4,Automatic,Front,4-5,Left wheel,Brown,4,5331.0,3598.3419978867933
45810000,697,HONDA,Civic,1998,Sedan,Yes,Petrol,1.8,52689,4,Automatic,Front,4-5,Left wheel,Silver,4,30891.0,30679.487161626734
45810013,1077,HONDA,Civic,1995,Sedan,Yes,Petrol,2,159500,4,Automatic,Front,4-5,Left wheel,Grey,4,34635.0,46114.92987841534
45810027,503,TOYOTA,Aqua,2001,Hatchback,Yes,Petrol,1.5,263700,4,Automatic,Front,4-5,Left wheel,Blue,4,21558.0,51067.50040163877
45810030,1017,HONDA,Civic,1988,Sedan,Yes,Petrol,2,0,4,Automatic,Front,4-5,Left wheel,Grey,4,47531.0,58319.34019072699
45810072,502,TOYOTA,Aqua,2009,Hatchback,Yes,Petrol,1.5,386600,4,Automatic,Front,4-5,Left wheel,White,4,15530.0,13048.99301899108
45810075,1091,CHEVROLET,Impala,1986,Sedan,Yes,Petrol,2.5,0,4,Automatic,Front,4-5,Left wheel,Black,4,42557.0,54503.49208929467
45810088,503,TOYOTA,Aqua,2008,Hatchback,Yes,Petrol,1.5,365400,4,Automatic,Front,4-5,Left wheel,Red,4,16960.0,11816.476931981775
45810091,1091,CHEVROLET,Impala,1992,Sedan,Yes,Petrol,2.5,7700,4,Automatic,Front,4-5,Left wheel,Silver,4,37611.0,50485.97850091786
45810103,1091,CHEVROLET,Impala,1991,Sedan,Yes,Petrol,2.5,83300,4,Automatic,Front,4-5,Left wheel,Black,4,38251.0,47813.73648698485
45810111,595,TOYOTA,Aqua,2015,Hatchback,Yes,Petrol,1.5,28000,4,Automatic,Front,4-5,Left wheel,Black,4,53317.0,32331.92601300871
45810119,687,CHEVROLET,Lacetti,2009,Sedan,Yes,Petrol,1.6,460300,4,Automatic,Front,4-5,Left wheel,Grey,4,12570.0,4801.890491205251
45810141,761,CHEVROLET,Lacetti,2012,Sedan,Yes,Petrol,1.8,648800,4,Automatic,Front,4-5,Left wheel,Silver,4,11676.0,3440.6521729543147
45810147,790,CHEVROLET,Lacetti,2013,Sedan,Yes,Petrol,1.6,608400,4,Automatic,Front,4-5,Left wheel,Silver,4,10669.0,-6693.015715755624
45810154,790,CHEVROLET,Lacetti,2012,Sedan,Yes,Petrol,1.6,464100,4,Automatic,Front,4-5,Left wheel,Grey,4,10381.0,1976.0244218778607
45810166,645,CHEVROLET,Lacetti,2011,Sedan,Yes,Petrol,1.8,443400,4,Automatic,Front,4-5,Left wheel,Grey,4,12717.0,16494.841240277132
45810175,1399,LEXUS,RX 450,2010,Jeep,Yes,Hybrid,3.5,457200,6,Automatic,4x4,4-5,Left wheel,Silver,12,13172.0,11943.106636128843
45810181,1327,TOYOTA,Camry,2022,Sedan,Yes,Petrol,2.5,720000,4,Automatic,Front,4-5,Left wheel,Brown,12,470.0,-11491.842560649442
45810197,891,CHEVROLET,Malibu,2001,Sedan,Yes,Petrol,2,157300,4,Automatic,Front,4-5,Left wheel,Black,4,28909.0,32115.522977509812
45810207,1051,CHEVROLET,Malibu,2001,Sedan,Yes,Petrol,2.4,301100,4,Automatic,Front,4-5,Left wheel,White,4,24283.0,18160.547818131687
45810224,753,CHEVROLET,Malibu,2008,Sedan,Yes,Petrol,2.4,337300,4,Automatic,Front,4-5,Left wheel,Grey,4,17346.0,21547.4725626277
45810229,738,CHEVROLET,Cruze,2004,Hatchback,No,Petrol,1.4 T,316900,4,Tiptronic,Front,4-5,Left wheel,Silver,8,21012.0,21320.67143608639
45810269,0,OPEL,Crossland X,2022,Jeep,No,CNG,2.4,737700,8,Manual,Front,4-5,Left wheel,Red,10,400.0,32802.922191476886
45810291,765,CHEVROLET,Malibu,2003,Sedan,Yes,Petrol,2,292300,4,Automatic,Front,4-5,Left wheel,Silver,4,22825.0,25041.943442023126
45810296,917,PORSCHE,Cayenne,2019,Jeep,Yes,Diesel,3,634600,6,Automatic,4x4,4-5,Left wheel,Black,12,627.0,12444.687495120339
45810300,1080,PORSCHE,Cayenne,2019,Jeep,Yes,Petrol,3.6,549300,6,Automatic,4x4,4-5,Left wheel,Black,12,862.0,3936.2445524335817
45810332,1307,CHRYSLER,200,2015,Sedan,Yes,Petrol,3.6,673800,6,Automatic,Rear,4-5,Left wheel,Black,12,3293.0,-12896.973670994921
45810334,639,CHEVROLET,Malibu,2003,Sedan,Yes,Petrol,2,294100,4,Automatic,Front,4-5,Left wheel,Black,4,19933.0,27013.97690610707
45810342,642,CHEVROLET,Malibu,2006,Sedan,Yes,Petrol,2,360200,4,Automatic,Front,4-5,Left wheel,White,4,19676.0,17005.5329916034
45810353,1578,BMW,650,1999,Coupe,Yes,Petrol,4.4,166200,8,Automatic,Rear,2-3,Left wheel,White,12,30734.0,35024.82022356687
45810369,1091,GMC,Acadia,2017,Sedan,Yes,Petrol,2.5,471900,4,Automatic,Rear,4-5,Left wheel,Black,12,8781.0,-1045.4930195512788
45810387,0,SUZUKI,SX4,2018,Hatchback,No,Petrol,1.6,631700,4,Automatic,Front,4-5,Left wheel,Silver,0,6272.0,-24358.630417203894
45810390,900,HYUNDAI,Sonata sport,2006,Sedan,Yes,Petrol,2.4,315800,4,Tiptronic,Front,4-5,Left wheel,Black,12,20385.0,26347.164624849283
45810435,891,CHEVROLET,Orlando,2001,Jeep,Yes,LPG,2,220300,4,Automatic,Front,4-5,Left wheel,White,4,26096.0,13936.353413483419
45810457,730,CHEVROLET,Orlando,1998,Jeep,Yes,Diesel,1.6,215900,4,Automatic,Front,4-5,Left wheel,Grey,4,27093.0,10462.712799602414
45810459,642,CHEVROLET,Orlando,2012,Jeep,Yes,Diesel,2,448032,4,Automatic,Front,4-5,Left wheel,Grey,4,13962.0,26848.09755194997
45810460,642,CHEVROLET,Orlando,2007,Jeep,Yes,Diesel,2,312900,4,Automatic,Front,4-5,Left wheel,Grey,4,13564.0,36160.45339731919
45810466,642,CHEVROLET,Orlando,2009,Jeep,Yes,Diesel,2,466900,4,Automatic,Front,4-5,Left wheel,Golden,4,15125.0,20325.44226837182
45810476,765,CHEVROLET,Orlando,1990,Jeep,Yes,Diesel,2,254000,4,Automatic,Front,4-5,Left wheel,Blue,4,34127.0,68674.79310689132
45810485,765,CHEVROLET,Orlando,1995,Jeep,Yes,Diesel,2,191900,4,Automatic,Front,4-5,Left wheel,Brown,4,30082.0,47481.799196491724
45810486,639,CHEVROLET,Orlando,1994,Jeep,Yes,Diesel,2,173100,4,Automatic,Front,4-5,Left wheel,Grey,4,29504.0,49702.35186739243
45810487,639,CHEVROLET,Orlando,1997,Jeep,Yes,Diesel,2,223971,4,Automatic,Front,4-5,Left wheel,White,4,29216.0,40283.15961302277
45810495,0,BMW,X5,2006,Jeep,Yes,LPG,4.4,368400,8,Tiptronic,4x4,4-5,Left wheel,Black,8,17249.0,20953.974501867524
45810496,831,CHEVROLET,Orlando,1993,Jeep,Yes,Diesel,1.6,33300,4,Automatic,Front,4-5,Left wheel,Grey,4,36197.0,21050.52982249768
45810505,694,FORD,Transit,2008,Microbus,No,Diesel,2.2 T,355200,4,Manual,Front,2-3,Left wheel,White,0,15681.0,53904.9453288433
45810514,0,HONDA,Odyssey,2001,Minivan,Yes,LPG,3.5,167009,6,Tiptronic,Front,4-5,Left wheel,Blue,10,23207.0,61654.30708707703
45810521,640,CHEVROLET,Orlando,2001,Jeep,Yes,Diesel,2,297200,4,Automatic,Front,4-5,Left wheel,Silver,4,24415.0,39074.31982692031
45810531,642,CHEVROLET,Orlando,2005,Jeep,Yes,Diesel,2,352600,4,Automatic,Front,4-5,Left wheel,Grey,4,22649.0,35141.68304702149
45810540,639,CHEVROLET,Orlando,2005,Jeep,Yes,Diesel,2,268400,4,Automatic,Front,4-5,Left wheel,White,4,21739.0,34075.24161622155
45810561,642,CHEVROLET,Orlando,2004,Jeep,Yes,Diesel,2,402800,4,Automatic,Front,4-5,Left wheel,Grey,4,19416.0,33096.6458156747
45810582,642,CHEVROLET,Orlando,2010,Jeep,Yes,Diesel,2,403500,4,Automatic,Front,4-5,Left wheel,Grey,4,14834.0,30091.3055870779
45810587,1017,CHEVROLET,Orlando,2005,Jeep,Yes,LPG,2,327200,4,Automatic,Front,4-5,Left wheel,Silver,4,21796.0,9629.853780374997
45810590,765,CHEVROLET,Orlando,2006,Jeep,Yes,LPG,2,477500,4,Automatic,Front,4-5,Left wheel,Grey,4,16778.0,5212.969116192546
45810598,0,TOYOTA,Camry,1992,Sedan,Yes,Petrol,2.5,51500,4,Automatic,Front,4-5,Left wheel,Black,12,35438.0,51135.42709988939
45810599,642,CHEVROLET,Orlando,2004,Jeep,Yes,LPG,2,453100,4,Automatic,Front,4-5,Left wheel,White,4,14426.0,3448.948379704876
45810615,363,CHEVROLET,Spark,2012,Hatchback,Yes,LPG,1,599700,4,Automatic,Front,4-5,Left wheel,Grey,4,8963.0,2666.3906341432194
45810657,489,CHEVROLET,Spark,2010,Hatchback,Yes,Petrol,1,510200,4,Automatic,Front,4-5,Left wheel,Beige,4,11917.0,10146.167390344912
45810764,1661,FORD,C-MAX,2006,Hatchback,Yes,Hybrid,2,399300,4,Tiptronic,Front,4-5,Right-hand drive,Silver,10,17876.0,9135.320187368246
45810803,1325,NISSAN,Altima,2002,Sedan,Yes,Petrol,2.5,367500,4,Automatic,Front,4-5,Left wheel,Grey,12,21326.0,21180.309047016246
45810812,879,FORD,Fiesta,2018,Sedan,Yes,Petrol,1.6,645400,4,Automatic,Front,4-5,Left wheel,Grey,12,3763.0,-8946.631837468725
45810819,1325,TOYOTA,Camry,2022,Sedan,Yes,Petrol,2.5,655400,4,Automatic,Front,4-5,Left wheel,Black,12,549.0,-9046.465998566302
45810836,1872,CHEVROLET,Impala,2022,Sedan,Yes,Petrol,3.6,574300,6,Automatic,Front,4-5,Left wheel,Silver,12,3293.0,-53.87715093144652
45810851,753,HYUNDAI,Sonata,2022,Sedan,Yes,Hybrid,2.4,651100,4,Automatic,Front,4-5,Left wheel,Silver,12,549.0,-518.005902588673
45810867,0,OPEL,Corsa,2021,Sedan,No,Petrol,1.2,596600,4,Manual,Front,4-5,Left wheel,Silver,2,4800.0,68834.53310124294
45810886,1307,CHEVROLET,Camaro,2022,Sedan,Yes,Petrol,3.6,740300,6,Automatic,Rear,4-5,Left wheel,Carnelian red,12,392.0,-37070.88092827828
45810912,579,LEXUS,ES 350,2010,Sedan,Yes,Hybrid,2.5,487700,4,Automatic,Front,4-5,Left wheel,White,12,14269.0,15667.099233557017
45810919,738,CHEVROLET,Cruze,2015,Sedan,Yes,Petrol,1.4,684600,4,Automatic,Front,4-5,Left wheel,Black,12,3920.0,-20285.68296880411
45810940,738,CHEVROLET,Cruze,2022,Sedan,Yes,Petrol,1.4,585100,4,Automatic,Front,4-5,Left wheel,Black,12,1882.0,-18716.08142536551
45810970,586,LEXUS,CT 200h,2021,Hatchback,Yes,Hybrid,1.8,660400,4,Automatic,Front,4-5,Left wheel,White,12,1019.0,-5932.386950017237
45811002,528,HYUNDAI,Veloster,2008,Sedan,Yes,Petrol,1.6,295500,4,Automatic,Front,4-5,Left wheel,Carnelian red,8,17562.0,-17659.067707299182
45811007,645,TOYOTA,Prius,2019,Hatchback,Yes,Hybrid,1.8,455000,4,Automatic,Front,4-5,Left wheel,Grey,12,5018.0,8990.222199759937
45811107,780,CHEVROLET,Cruze,2022,Sedan,Yes,Petrol,1.4,571118,4,Automatic,Front,4-5,Left wheel,White,12,470.0,-23622.487366546324
45811195,0,NISSAN,X-Terra,2002,Jeep,Yes,LPG,4,242700,6,Tiptronic,4x4,4-5,Left wheel,Blue,4,22894.0,52175.01275995441
45811206,0,HYUNDAI,Veloster,2005,Hatchback,No,Petrol,1.6,409800,4,Tiptronic,Front,2-3,Left wheel,Orange,12,15681.0,43193.133575033105
45811208,0,MERCEDES-BENZ,Sprinter 315CDI,1997,Microbus,No,Diesel,2.1 T,256900,6,Manual,Front,2-3,Left wheel,White,0,31361.0,179268.91388510965
45811209,1714,MERCEDES-BENZ,GLE 350,2017,Jeep,Yes,Petrol,3.5,33000,6,Tiptronic,4x4,4-5,Left wheel,White,12,79971.0,39944.869305207176
45811228,934,TOYOTA,RAV 4,2022,Jeep,Yes,Petrol,2.5,670800,4,Automatic,4x4,4-5,Left wheel,Silver,12,706.0,-8545.892836683703
45811252,1091,TOYOTA,RAV 4,2022,Jeep,Yes,Petrol,2.5,596000,4,Automatic,4x4,4-5,Left wheel,Red,12,392.0,-13788.521942903179
45811271,0,MERCEDES-BENZ,E 320,2014,Sedan,Yes,Petrol,3.2,588900,6,Tiptronic,Rear,4-5,Left wheel,Black,8,7840.0,8311.728938933613
45811276,1327,TOYOTA,RAV 4,2022,Jeep,Yes,Petrol,2.5,779400,4,Automatic,4x4,4-5,Left wheel,Black,12,470.0,-17765.505269116897
45811318,0,OPEL,Vectra,2018,Sedan,No,Petrol,1.6,618500,4,Manual,Front,4-5,Left wheel,Beige,2,4547.0,-16101.64155223831
45811366,1405,MERCEDES-BENZ,ML 350,2014,Jeep,Yes,Diesel,3,424811,6,Automatic,4x4,4-5,Left wheel,Blue,12,10663.0,34143.92138364987
45811418,1053,TOYOTA,Camry,2022,Sedan,Yes,Petrol,3.5,730500,6,Automatic,Front,4-5,Left wheel,Red,12,2430.0,-16214.20512089078
45811448,0,CHEVROLET,Cruze,2007,Sedan,No,Petrol,1.4 T,438600,4,Manual,Front,4-5,Left wheel,Carnelian red,8,15681.0,16671.842210504405
45811554,0,NISSAN,Tiida,2017,Sedan,Yes,Petrol,1.5,654900,4,Automatic,Front,4-5,Right-hand drive,Black,5,8154.0,2448.3328145561754
45811559,0,SUBARU,Impreza G4,2012,Sedan,Yes,Petrol,2,0,4,Variator,4x4,4-5,Right-hand drive,Black,2,16621.0,48487.484253564566
45811561,0,FORD,Transit,2013,Microbus,No,Diesel,2.5 T,618300,4,Manual,Rear,4-5,Left wheel,White,2,7840.0,-21996.85897745732
45811571,0,MAZDA,Premacy,2016,Minivan,No,Petrol,1.8,517700,4,Automatic,Front,4-5,Right-hand drive,Grey,2,6272.0,8643.74017013336
45811589,0,MERCEDES-BENZ,E 220,2007,Sedan,Yes,Diesel,2.2 T,306900,4,Automatic,Rear,4-5,Left wheel,White,8,18189.0,17701.530151537176
45811602,1360,MERCEDES-BENZ,GL 450,2022,Jeep,Yes,Petrol,4.6,654100,8,Automatic,4x4,4-5,Left wheel,Silver,12,862.0,-11604.580557648249
45811641,0,VOLKSWAGEN,Caddy cadi,2016,Goods wagon,No,LPG,1.4,585400,4,Manual,Front,2-3,Left wheel,Blue,4,9095.0,95497.20601402667
45811644,0,MITSUBISHI,Airtrek,2016,Jeep,No,LPG,0.2 T,624500,4,Tiptronic,4x4,4-5,Left wheel,Black,2,8154.0,-3740.776438148867
45811781,934,MAZDA,Mazda 6,2020,Sedan,Yes,Petrol,2.5,197635,4,Automatic,Front,4-5,Left wheel,White,12,4704.0,13614.05495195552
45811947,0,FORD,Transit,2012,Goods wagon,No,Diesel,2.4 T,491700,4,Manual,Rear,4-5,Left wheel,White,2,14426.0,4759.226569945411
45811950,0,JEEP,Grand Cherokee LAREDO,2007,Jeep,Yes,CNG,3.7,233200,6,Tiptronic,4x4,>5,Left wheel,Silver,8,18189.0,8420.291420315636
45812003,0,OPEL,Zafira,2009,Minivan,No,Petrol,1.6,562400,4,Manual,Front,4-5,Left wheel,Silver,2,14113.0,22607.343832573246
45812039,0,TOYOTA,Camry,2011,Sedan,Yes,Hybrid,2.4,396600,4,Manual,Front,4-5,Left wheel,Beige,0,17876.0,25919.624442994656
45812049,749,CHEVROLET,Captiva,2022,Jeep,Yes,Petrol,2.4,674095,4,Automatic,Front,4-5,Left wheel,White,12,314.0,-21697.521171399858
45812120,0,MERCEDES-BENZ,C 300,2005,Sedan,Yes,Petrol,3,332200,6,Automatic,Rear,4-5,Left wheel,Black,10,21639.0,28847.859728680152
45812275,0,HONDA,Accord,2016,Sedan,Yes,LPG,2.4,573600,4,Tiptronic,Rear,4-5,Left wheel,Black,10,9408.0,8416.33025588683
45812335,751,CHEVROLET,Captiva,2022,Jeep,Yes,Petrol,2.4,701300,4,Automatic,Front,4-5,Left wheel,Grey,12,470.0,-17736.089782419273
45812339,749,CHEVROLET,Captiva,2022,Jeep,Yes,Petrol,2.4,553500,4,Automatic,Front,4-5,Left wheel,White,12,314.0,-15595.644409713088
45812564,0,TOYOTA,Prius,2003,Hatchback,Yes,Hybrid,1.8,366900,4,Variator,Front,4-5,Left wheel,Silver,0,21326.0,27098.405732885854
45812580,1279,HONDA,CRX,2017,Jeep,No,Petrol,1.5,605000,4,Manual,Rear,4-5,Left wheel,Pink,11,150.0,-34491.139994924124
45812599,781,VOLKSWAGEN,Golf,2022,Hatchback,Yes,Petrol,2.5,287976,5,Automatic,Front,4-5,Left wheel,Grey,12,470.0,21964.333678558374
45812605,645,HYUNDAI,Elantra,2022,Sedan,Yes,Petrol,1.8,574700,4,Automatic,Front,4-5,Left wheel,Grey,12,314.0,4190.546235528413
45812631,0,LEXUS,IS 200,2015,Sedan,Yes,Petrol,2.0 T,71000,4,Tiptronic,Rear,4-5,Left wheel,Black,12,54882.0,39136.887907615754
45812662,781,CHEVROLET,Cruze,2022,Sedan,Yes,Petrol,1.4,776700,4,Automatic,Front,4-5,Left wheel,Black,12,941.0,-28890.201832022256
45812722,753,HONDA,Accord,2022,Sedan,Yes,Petrol,2.4,768000,4,Automatic,Front,4-5,Left wheel,Black,12,392.0,2158.677078039873
45812728,1275,KIA,Optima,2010,Jeep,Yes,Petrol,2.4,363200,4,Automatic,Front,4-5,Left wheel,Red,12,15994.0,-1230.3507158017383
45812739,978,NISSAN,Sentra,2022,Sedan,Yes,Petrol,1.8,715600,4,Automatic,Front,4-5,Left wheel,Grey,12,470.0,-4978.949882967208
45812740,779,CADILLAC,ATS,2021,Sedan,Yes,Petrol,2.5,621700,4,Automatic,Rear,4-5,Left wheel,White,12,6272.0,-11751.559674428267
45812747,1079,HYUNDAI,Elantra,2020,Sedan,Yes,Petrol,2,560000,4,Automatic,Front,4-5,Left wheel,Red,12,1254.0,15654.995468913163
45812751,1080,CHEVROLET,Traverse,2022,Jeep,Yes,Petrol,3.6,646000,6,Automatic,Front,4-5,Left wheel,Red,12,627.0,-17426.365353192145
45812759,1442,OPEL,Combo,2016,Goods wagon,Yes,Diesel,1.7,491400,4,Manual,Front,4-5,Left wheel,Black,2,6272.0,1308413.3711738372
45812768,1325,TOYOTA,Camry,2022,Sedan,Yes,Petrol,2.5,740000,4,Automatic,Front,4-5,Left wheel,Blue,12,392.0,9378.699879986745
45812771,779,TOYOTA,Camry,2021,Sedan,Yes,Hybrid,2.5,535100,4,Automatic,Front,4-5,Left wheel,White,12,941.0,-1345.872560380525
45812793,777,TOYOTA,Camry,2019,Sedan,Yes,Petrol,2.5,707500,4,Automatic,Front,4-5,Left wheel,Black,12,1098.0,-4086.4945546019517
45812796,1051,HYUNDAI,Sonata,2002,Sedan,No,Petrol,2.4,464300,6,Tiptronic,Front,4-5,Left wheel,Black,8,21169.0,10910.320598702485
45812803,934,TOYOTA,Camry,2015,Sedan,Yes,Petrol,2.5,551400,4,Automatic,Front,4-5,Left wheel,Black,12,6429.0,4040.986888239364
45812808,1249,TOYOTA,Camry,2022,Sedan,Yes,Petrol,2.5,210101,4,Automatic,Front,4-5,Left wheel,Black,12,470.0,14332.347933694384
45812809,0,TOYOTA,Prius,2008,Sedan,No,Petrol,1.8,368000,4,Automatic,Front,4-5,Left wheel,White,4,18503.0,16076.805722924
45812810,0,TOYOTA,Prius,2015,Hatchback,No,Hybrid,1.5,505800,4,Variator,Front,4-5,Left wheel,Silver,4,12544.0,9315.108761267335
45812814,0,VOLKSWAGEN,Jetta,2003,Sedan,Yes,Petrol,2.0 T,243700,4,Manual,Front,4-5,Left wheel,White,8,22894.0,25557.45898440872
45812895,900,HONDA,Cr-v,1994,Jeep,No,Petrol,2.4,78900,4,Variator,4x4,4-5,Left wheel,White,8,40769.0,28802.132133986386
45812906,1017,HYUNDAI,Elantra,2001,Sedan,No,Petrol,2,354900,4,Tiptronic,Rear,4-5,Left wheel,Grey,8,25089.0,28867.735848120687
45812915,0,OPEL,Astra,2016,Universal,No,Petrol,1.6,517478,4,Manual,Front,4-5,Left wheel,Black,4,8467.0,25395.436652278928
45812916,0,HONDA,FIT,2009,Hatchback,No,Hybrid,1.3,559128,4,Variator,Front,4-5,Right-hand drive,White,4,12000.0,379.72503528705056
45812917,891,FORD,Fusion Titanium,2001,Sedan,Yes,Petrol,2.0 T,305400,4,Tiptronic,Front,4-5,Left wheel,Silver,12,25716.0,40853.16178880847
45812926,1211,MERCEDES-BENZ,Vito,1992,Minivan,Yes,Diesel,3.0 T,283400,6,Automatic,Rear,4-5,Left wheel,Black,2,31988.0,16006.54922278081
45812933,0,FORD,Transit,2009,Goods wagon,No,Diesel,2.0 T,101839,4,Manual,Front,4-5,Left wheel,White,0,15681.0,33153.90006879206
45812945,0,BMW,X5,2014,Jeep,Yes,Petrol,3,599200,6,Tiptronic,4x4,4-5,Left wheel,Black,8,8781.0,4195.904643709389
45812992,333,SUBARU,XV,2018,Jeep,Yes,Hybrid,2,550934,4,Automatic,4x4,4-5,Left wheel,White,12,3920.0,3002.708020918939
45813025,0,CHEVROLET,Volt,1995,Hatchback,No,Plug-in Hybrid,1.4,162000,4,Automatic,Front,4-5,Left wheel,White,12,27911.0,25714.830527436472
45813036,586,LEXUS,CT 200h,2022,Hatchback,Yes,Hybrid,1.8,747800,4,Automatic,Front,4-5,Left wheel,Grey,12,220.0,-5489.391020576673
45813047,642,VOLKSWAGEN,Tiguan,2016,Jeep,Yes,Petrol,2,645400,4,Automatic,Front,4-5,Left wheel,Black,12,4234.0,6801.711759441938
45813051,891,HYUNDAI,Elantra,2022,Hatchback,Yes,Petrol,2,765600,4,Automatic,Front,4-5,Left wheel,Silver,12,627.0,14171.104527630372
45813058,642,VOLKSWAGEN,Jetta,2020,Sedan,Yes,Diesel,2,636000,4,Automatic,Front,4-5,Left wheel,Black,12,941.0,22646.276935398262
45813079,753,HYUNDAI,Sonata,2022,Sedan,Yes,Petrol,2.4,649300,4,Automatic,Front,4-5,Left wheel,Blue,12,251.0,22761.53919647154
45813081,0,NISSAN,Presage,2004,Minivan,No,LPG,2.5,0,4,Automatic,4x4,4-5,Right-hand drive,Beige,4,10000.0,5533.107357639818
45813082,583,HYUNDAI,Veloster,2006,Hatchback,Yes,Petrol,1.6,335100,4,Tiptronic,Front,4-5,Left wheel,Black,12,17876.0,-14761.740096537593
45813093,0,MERCEDES-BENZ,C 180,2018,Sedan,No,CNG,1.8,607500,4,Manual,Rear,4-5,Left wheel,White,2,5959.0,-32470.904098337327
45813101,0,MERCEDES-BENZ,S 500,2015,Sedan,Yes,Petrol,5,152981,8,Tiptronic,Rear,4-5,Left wheel,Black,6,9408.0,33490.693423082084
45813111,259,CHEVROLET,Volt,2022,Hatchback,Yes,Hybrid,1.4,742100,4,Automatic,Front,4-5,Left wheel,Red,12,188.0,-19176.816177649715
45813123,382,CHEVROLET,Volt,2019,Hatchback,Yes,Plug-in Hybrid,1.5,720512,4,Automatic,Front,4-5,Left wheel,Blue,12,1019.0,31994.930170180873
45813132,1205,HYUNDAI,Santa FE,2022,Jeep,Yes,Petrol,3.3,585700,6,Automatic,Front,4-5,Left wheel,White,12,220.0,-22636.643273036738
45813147,777,TOYOTA,Camry,2018,Sedan,Yes,Petrol,2.5,620700,4,Automatic,Front,4-5,Left wheel,Black,12,8154.0,800.4066555379541
45813194,503,TOYOTA,Prius C,2010,Sedan,Yes,Hybrid,1.5,490500,4,Automatic,Front,4-5,Left wheel,Red,8,15053.0,5059.50231556654
45813220,308,TOYOTA,Prius,2016,Hatchback,Yes,Hybrid,1.8,541800,4,Automatic,Front,4-5,Left wheel,Grey,12,4234.0,9841.415947794858
45813232,0,BMW,318,2015,Coupe,No,Petrol,2,537200,4,Tiptronic,Rear,2-3,Right-hand drive,Black,6,9408.0,49811.9561313672
45813233,584,VOLKSWAGEN,Jetta,2022,Sedan,Yes,Petrol,1.8,777500,4,Automatic,Front,4-5,Left wheel,Grey,12,627.0,-25321.936085535854
45813239,1327,TOYOTA,Camry,2022,Sedan,Yes,Petrol,2.5,627000,4,Automatic,Front,4-5,Left wheel,Blue,12,470.0,15073.980597443444
45813240,1327,TOYOTA,Camry,2021,Jeep,Yes,Petrol,2.5,773700,4,Automatic,Front,4-5,Left wheel,Silver,12,549.0,-16110.612501023024
45813247,1091,TOYOTA,Camry,2021,Sedan,Yes,Petrol,2.5,539900,4,Automatic,Front,4-5,Left wheel,Black,12,2352.0,-97.88487563596573
45813251,1249,TOYOTA,Camry,2022,Sedan,Yes,Petrol,2.5,592800,4,Automatic,Front,4-5,Left wheel,Grey,12,549.0,-4816.728841027165
45813261,1714,LEXUS,IS 300,1987,Sedan,Yes,Petrol,3.5,0,6,Automatic,4x4,4-5,Left wheel,Grey,12,45787.0,52273.81672573233
45813289,397,TOYOTA,Prius,2012,Hatchback,Yes,Hybrid,1.8,622000,4,Automatic,Front,4-5,Left wheel,White,12,8781.0,1410.6330502544079
45813292,761,TOYOTA,Prius,2022,Hatchback,Yes,Hybrid,1.8,647500,4,Automatic,Front,4-5,Left wheel,Silver,12,251.0,-4401.225351074325
45813365,1172,MERCEDES-BENZ,E 350,2000,Sedan,Yes,Petrol,3.5,250600,6,Automatic,Rear,4-5,Left wheel,Black,12,28225.0,8814.86443545606
45813376,609,TOYOTA,RAV 4,2022,Jeep,Yes,Hybrid,2.5,588800,4,Automatic,4x4,4-5,Left wheel,White,12,706.0,-5084.748147275022
45813378,765,BMW,320,2017,Sedan,Yes,Petrol,2,717300,4,Automatic,Rear,4-5,Left wheel,White,12,5488.0,-19441.134194945727
45813415,1451,BMW,X6,2015,Jeep,Yes,Petrol,4.4,631144,8,Automatic,4x4,4-5,Left wheel,Red,12,8154.0,-6842.318615366425
45813492,0,OPEL,Vectra,1995,Sedan,No,Petrol,1.8,0,4,Automatic,Front,4-5,Left wheel,Green,4,4704.0,36253.3562251448
45813506,765,BMW,528,2018,Sedan,Yes,Petrol,2,605300,4,Automatic,4x4,4-5,Left wheel,Grey,12,1725.0,13403.073098288067
45813571,0,BMW,328,2016,Sedan,Yes,Petrol,2.8,500555,6,Tiptronic,Rear,4-5,Left wheel,Silver,8,7213.0,8716.71635507474
45813589,1104,BMW,M4,2018,Coupe,Yes,Petrol,3,535733,6,Automatic,Rear,2-3,Left wheel,White,12,4861.0,-23673.3869294756
45813643,603,TOYOTA,Highlander,2017,Jeep,Yes,Hybrid,3.5,602800,6,Automatic,4x4,4-5,Left wheel,Blue,12,5018.0,33134.62449744878
45813655,353,LEXUS,CT 200h,2021,Hatchback,Yes,Hybrid,1.8,704100,4,Automatic,Front,4-5,Left wheel,White,12,470.0,-5545.160584393554
45813662,779,TOYOTA,Avalon LIMITED,2000,Sedan,Yes,Hybrid,2.5,15194,4,Automatic,Front,4-5,Left wheel,Silver,10,27284.0,35148.51236112435
45813719,1292,JAGUAR,Daimler,2012,Sedan,Yes,Petrol,3,396800,6,Automatic,4x4,4-5,Left wheel,Silver,12,14426.0,13015.464953452902
45813725,0,BMW,535 i xDrive,2001,Sedan,Yes,Petrol,3,162400,6,Tiptronic,4x4,4-5,Left wheel,Grey,12,28225.0,42273.472445790336
45813760,1482,FERRARI,456,2011,Coupe,Yes,Petrol,4.5,19442,8,Automatic,Rear,2-3,Left wheel,Yellow,12,101923.0,50189.179362512754
45813777,2819,BENTLEY,Mulsanne,2016,Sedan,Yes,Petrol,6.8,6189,8,Automatic,Rear,4-5,Left wheel,Black,12,175622.0,43355.36176298862
45813800,707,DODGE,Caliber,2022,Hatchback,Yes,Petrol,2,705900,4,Automatic,Front,4-5,Left wheel,White,12,706.0,-10499.582226454353
45813848,431,FORD,Fusion,2013,Sedan,Yes,Hybrid,2,563600,4,Automatic,Front,4-5,Left wheel,White,12,5645.0,7453.244461407001
45813854,530,FORD,Fusion,2019,Sedan,Yes,Petrol,1.6,614800,4,Automatic,Front,4-5,Left wheel,Silver,12,2509.0,-28978.38186374493
45813881,1586,FORD,Mustang,2020,Coupe,Yes,Petrol,4,655700,6,Automatic,Rear,2-3,Left wheel,Red,12,2195.0,-14211.20953211296
45813891,1811,LEXUS,LS 460,2016,Sedan,Yes,Petrol,4.6,631600,8,Automatic,4x4,4-5,Left wheel,Black,12,3450.0,6227.423883515472
45813903,0,MERCEDES-BENZ,E 200,2014,Sedan,Yes,Diesel,2.1 T,238000,4,Automatic,Rear,4-5,Left wheel,Black,10,50178.0,80197.79190396261
45813916,1018,MERCEDES-BENZ,C 300,2021,Sedan,Yes,Petrol,3,138510,6,Automatic,Rear,4-5,Left wheel,Grey,12,627.0,19469.03915595848
45813927,1493,MERCEDES-BENZ,E 350,2020,Sedan,Yes,Petrol,3.5,778800,6,Automatic,Rear,4-5,Left wheel,Black,12,470.0,-31390.504574629813
45813928,0,VOLKSWAGEN,Jetta,2013,Sedan,No,Petrol,1.6,493500,4,Manual,Front,4-5,Left wheel,Blue,6,11917.0,6017.2589648706
45813933,1079,MERCEDES-BENZ,CLA 250,2021,Hatchback,Yes,Petrol,2,524800,4,Automatic,Front,4-5,Left wheel,Red,12,470.0,4274.309657394997
45813940,919,MERCEDES-BENZ,ML 350,2022,Jeep,Yes,Diesel,3,595900,6,Automatic,4x4,4-5,Left wheel,White,12,3136.0,-904.2478561069765
45813956,1399,LEXUS,RX 350,2022,Jeep,Yes,Petrol,3.5,572900,6,Automatic,Front,4-5,Left wheel,Blue,0,3450.0,29690.43192619054
45813959,1053,MERCEDES-BENZ,E 350,2022,Coupe,Yes,Petrol,3.5,695200,6,Automatic,Rear,2-3,Left wheel,Black,12,549.0,353.95727087566775
45813961,1493,LEXUS,RX 350,2022,Jeep,Yes,Petrol,3.5,617600,6,Automatic,4x4,4-5,Left wheel,Grey,12,251.0,1030.1374346307239
45813971,1399,LEXUS,RX 450,2010,Jeep,Yes,Hybrid,3.5,352900,6,Automatic,4x4,4-5,Left wheel,Silver,0,14269.0,17950.27815061696
45813977,0,TOYOTA,Camry HYBRID,2007,Sedan,No,Hybrid,2.4,415800,4,Variator,Front,4-5,Left wheel,Grey,10,19444.0,21840.06477312857
45814017,586,TOYOTA,Prius,2009,Hatchback,Yes,Hybrid,1.8,418700,4,Automatic,Front,4-5,Left wheel,Red,7,15210.0,8589.549406915567
45814022,586,TOYOTA,Prius,2006,Hatchback,No,Hybrid,1.8,609700,4,Automatic,Front,4-5,Left wheel,Blue,7,16308.0,26682.35489919544
45814242,650,CHEVROLET,Cruze,2013,Sedan,No,Petrol,1.4,521900,4,Automatic,Front,4-5,Left wheel,Black,8,12231.0,-14206.98931904963
45814298,0,MERCEDES-BENZ,E 220,2011,Sedan,Yes,Diesel,2.2 T,610553,4,Manual,Rear,4-5,Right-hand drive,Blue,8,9722.0,28094.556409076507
45814307,1091,TOYOTA,Camry,2002,Sedan,No,Petrol,2.5,279500,4,Automatic,Front,4-5,Left wheel,Black,12,23521.0,18114.40050868811
45814309,0,TOYOTA,Corolla,2006,Sedan,No,Petrol,1.6,483500,4,Tiptronic,Front,4-5,Left wheel,Red,10,13485.0,2842.1411374338422
45814311,0,MERCEDES-BENZ,C 180 komp,2017,Sedan,Yes,Petrol,1.8,470000,4,Tiptronic,Rear,4-5,Left wheel,Beige,0,14113.0,-16795.60690068225
45814313,761,TOYOTA,Prius,2009,Hatchback,Yes,Hybrid,1.8,415600,4,Tiptronic,Front,4-5,Left wheel,Blue,10,15994.0,39473.56269115893
45814321,0,TOYOTA,Camry,2006,Sedan,No,Hybrid,2.4,399800,4,Automatic,Front,4-5,Left wheel,White,0,24462.0,20046.23204248085
45814381,790,FORD,Focus,2016,Goods wagon,No,Diesel,1.6 T,523600,6,Manual,Front,4-5,Left wheel,Blue,0,9408.0,58761.404119101426
45814448,919,BMW,X3,1993,Jeep,Yes,Petrol,3.0 T,0,6,Tiptronic,4x4,4-5,Left wheel,White,12,39829.0,46679.21070020232
45814466,1598,MERCEDES-BENZ,GL 320 bluetec,2000,Jeep,Yes,Diesel,3,65383,6,Automatic,4x4,4-5,Left wheel,Golden,12,25089.0,29246.725029427285
45814561,0,NISSAN,Tiida,2005,Hatchback,Yes,Petrol,1.5,0,4,Automatic,Front,4-5,Left wheel,Silver,4,10036.0,40451.270001812154
45814660,0,MERCEDES-BENZ,E 320,2004,Sedan,Yes,LPG,3.2,193700,6,Tiptronic,Rear,4-5,Left wheel,Black,12,24000.0,29232.677408576325
45814736,0,AUDI,A4,2008,Sedan,Yes,Petrol,2.0 T,274700,4,Tiptronic,4x4,4-5,Left wheel,Blue,4,17249.0,44978.075529162685
45814755,0,OPEL,Astra,2011,Goods wagon,No,Petrol,1.8,508100,4,Automatic,Front,4-5,Left wheel,Black,8,10976.0,84202.24944536739
45814760,0,TOYOTA,Aqua,2011,Hatchback,Yes,Hybrid,1.5,502500,4,Variator,Front,4-5,Right-hand drive,White,4,11604.0,11661.342438036703
45814768,0,VOLKSWAGEN,T3 0000,1985,Microbus,No,Petrol,1.7,0,4,Manual,Rear,4-5,Left wheel,Brown,0,1300.0,320376.8007852476
45814770,0,MITSUBISHI,Montero,2011,Jeep,Yes,CNG,3.5,572032,6,Tiptronic,4x4,4-5,Left wheel,White,8,10036.0,16108.501652523786
45814793,1055,MERCEDES-BENZ,ML 350,2022,Jeep,Yes,Petrol,3.5,614500,6,Automatic,4x4,4-5,Left wheel,White,12,706.0,-15010.006008248114
45814804,1053,MERCEDES-BENZ,ML 350,2019,Jeep,Yes,Petrol,3.5,672100,6,Automatic,Rear,4-5,Left wheel,White,12,3763.0,-27794.000131220047
45814805,1053,MERCEDES-BENZ,GLK 350,2018,Jeep,Yes,Petrol,3.5,559657,6,Automatic,4x4,4-5,Left wheel,Black,12,5175.0,10452.957503048303
45814808,1211,MERCEDES-BENZ,C 300,2017,Sedan,Yes,Petrol,3,757100,6,Automatic,4x4,4-5,Left wheel,White,12,6429.0,-5986.225749668029
45814841,0,BMW,428,2014,Coupe,Yes,Petrol,2.0 T,70000,4,Tiptronic,Rear,2-3,Left wheel,Black,10,50178.0,39852.449542591195
45814846,862,TOYOTA,Camry,2022,Sedan,Yes,Petrol,2.5,588300,4,Automatic,Front,4-5,Left wheel,Red,12,314.0,-8422.588333307085
45814850,0,MERCEDES-BENZ,ML 320,1993,Jeep,Yes,Diesel,3.0 T,176000,6,Tiptronic,4x4,4-5,Left wheel,Black,8,39201.0,53330.736560307596
45814855,779,TOYOTA,Camry,2018,Sedan,Yes,Petrol,2.5,681900,4,Automatic,Front,4-5,Left wheel,Grey,12,3920.0,-2103.7380651462154
45814886,1249,TOYOTA,RAV 4,2022,Jeep,Yes,Petrol,2.5,592200,4,Automatic,Front,4-5,Left wheel,Blue,12,251.0,17411.560146416155
45814898,761,TOYOTA,Prius,2016,Hatchback,Yes,Hybrid,1.8,601600,4,Automatic,Front,4-5,Left wheel,White,12,5331.0,-3596.358706062005
45814926,779,TOYOTA,Camry,2007,Sedan,Yes,Petrol,2.5,302200,4,Tiptronic,Front,4-5,Left wheel,White,8,22580.0,19657.09863857163
45814932,0,NISSAN,March,2019,Hatchback,Yes,Petrol,1.2,518100,4,Automatic,Front,4-5,Right-hand drive,Sky blue,6,5645.0,4733.821087712404
45814936,1018,BMW,X5,2022,Jeep,Yes,Petrol,3,607200,6,Automatic,4x4,4-5,Left wheel,White,0,188.0,-18401.124436141763
45814952,333,SUBARU,XV,2014,Jeep,Yes,Hybrid,2,412400,4,Automatic,4x4,4-5,Left wheel,White,12,12074.0,11992.211643732076
45814973,0,MERCEDES-BENZ,C 200,1996,Sedan,No,CNG,2,0,4,Manual,Rear,4-5,Left wheel,Black,4,6586.0,20532.79851231245
45814981,1024,TOYOTA,Camry,2021,Sedan,Yes,Petrol,2.5,619500,4,Automatic,Front,4-5,Left wheel,Blue,12,470.0,19327.440197717395
45815038,777,TOYOTA,Camry,2014,Sedan,Yes,Petrol,2.5,540707,4,Automatic,Front,4-5,Left wheel,Black,12,8938.0,6827.847444022103
45815051,751,TOYOTA,Camry,2004,Sedan,Yes,Petrol,2.4,258700,4,Automatic,Front,4-5,Left wheel,Blue,4,24462.0,51601.53691436426
45815085,779,TOYOTA,Camry,2008,Sedan,Yes,Hybrid,2.5,450200,4,Automatic,Front,4-5,Left wheel,Blue,12,14583.0,37235.99378111634
45815101,779,TOYOTA,Camry,2019,Sedan,Yes,Petrol,2.5,713000,4,Automatic,Front,4-5,Left wheel,White,12,2352.0,-9532.581611027752
45815107,986,TOYOTA,Camry,2019,Sedan,Yes,Hybrid,2.4,214224,4,Automatic,Front,4-5,Left wheel,Black,12,2352.0,20789.458303558404
45815112,0,OPEL,Zafira,2013,Minivan,No,CNG,1.6,538900,4,Manual,Front,4-5,Left wheel,Silver,10,8781.0,-3003.0670105505633
45815156,0,GAZ,24 10,2021,Sedan,No,Petrol,2.4,684087,4,Manual,Rear,4-5,Left wheel,White,0,750.0,-23910.889771844144
45815189,934,TOYOTA,Camry,2020,Sedan,Yes,Petrol,2.5,725500,4,Automatic,Front,4-5,Left wheel,Silver,12,1568.0,-7901.062084044512
45815192,0,MERCEDES-BENZ,C 230,2014,Sedan,No,CNG,2.3,542000,4,Manual,Rear,4-5,Left wheel,Black,12,8781.0,-12359.482408752134
45815207,1017,MERCEDES-BENZ,C 300,2020,Coupe,Yes,Petrol,2,570400,4,Automatic,4x4,2-3,Left wheel,Black,12,1646.0,39482.75122604126
45815229,784,TOYOTA,Yaris,2018,Sedan,Yes,Petrol,1.5,542400,4,Automatic,Front,4-5,Left wheel,White,12,3058.0,-10884.529208651657
45815230,2070,TOYOTA,4Runner,2022,Jeep,Yes,Petrol,4,615400,6,Automatic,4x4,4-5,Left wheel,Silver,12,470.0,-17479.92089500944
45815232,978,TOYOTA,Corolla,2019,Sedan,Yes,Petrol,1.8,664300,4,Automatic,Front,4-5,Left wheel,Black,12,3293.0,-2327.590337988564
45815240,1058,MERCEDES-BENZ,GLK 350,2021,Jeep,Yes,Petrol,3.5,703000,6,Automatic,Rear,4-5,Left wheel,Black,12,282.0,-9717.452691344035
45815268,1018,MERCEDES-BENZ,C 300,2022,Sedan,Yes,Petrol,3,749600,6,Automatic,Rear,4-5,Left wheel,White,12,549.0,-17306.1910810025
45815269,891,MERCEDES-BENZ,C 300,2019,Sedan,Yes,Petrol,2,632100,4,Automatic,Rear,4-5,Left wheel,Black,12,2666.0,3286.4953160844743
45815280,0,MITSUBISHI,Colt,2017,Sedan,No,Petrol,1.5,618400,4,Tiptronic,Front,4-5,Right-hand drive,Black,5,5018.0,24046.24176582762
45815284,0,FORD,Transit,2009,Microbus,No,Diesel,2.5 T,592500,4,Manual,Rear,4-5,Left wheel,White,2,10976.0,-18711.480524443934
45815301,0,MERCEDES-BENZ,270,2007,Sedan,No,Diesel,2.7 T,532100,6,Tiptronic,Front,4-5,Left wheel,Silver,6,13799.0,-27566.218694649957
45815303,0,NISSAN,Note,2014,Hatchback,No,Petrol,1.6,79513,4,Manual,Front,4-5,Right-hand drive,White,4,8154.0,22178.580348119016
45815325,0,FORD,Fusion,1997,Sedan,Yes,Petrol,1.6 T,348500,4,Tiptronic,Front,4-5,Left wheel,White,8,24775.0,5772.301088773822
45815340,0,KIA,Optima,2003,Sedan,No,Petrol,2.4,281800,4,Automatic,Front,4-5,Left wheel,Black,8,21953.0,25274.420246812868
45815345,474,FIAT,500,2015,Sedan,Yes,Petrol,1.4,608200,4,Tiptronic,Front,4-5,Left wheel,Red,8,10036.0,-4831.003628370745
45815348,1273,LEXUS,RX 350,2022,Jeep,Yes,Petrol,3.5,648000,6,Automatic,4x4,4-5,Left wheel,Black,12,3293.0,1730.583387213068
45815350,765,LEXUS,NX 200,2021,Jeep,Yes,Petrol,2,597400,4,Automatic,4x4,4-5,Left wheel,Grey,12,784.0,11942.574385059543
45815352,1172,LEXUS,RX 350,2020,Jeep,Yes,Petrol,3.5,651900,6,Automatic,4x4,4-5,Left wheel,White,12,549.0,-1495.9403271801602
45815359,1493,LEXUS,RX 350,2022,Jeep,Yes,Petrol,3.5,686300,6,Automatic,Front,4-5,Left wheel,Black,12,47.0,-531.2131675750061
45815360,1399,LEXUS,RX 350,2022,Jeep,Yes,Petrol,3.5,634100,6,Automatic,4x4,4-5,Left wheel,Black,12,470.0,1028.7735460593685
45815361,0,TOYOTA,Aqua,2005,Hatchback,No,Hybrid,1.5,425400,4,Variator,Front,4-5,Right-hand drive,White,6,14113.0,14042.535944868854
45815363,0,TOYOTA,Ist,2014,Hatchback,No,Petrol,1.5,472900,4,Automatic,4x4,4-5,Right-hand drive,Red,4,8781.0,4488.498636295037
45815368,0,HONDA,Stream,2004,Minivan,No,Petrol,1.7,0,4,Automatic,Front,4-5,Right-hand drive,Silver,4,6899.0,181993.76574924367
45815372,0,MERCEDES-BENZ,E 200,2015,Sedan,No,CNG,2,379700,4,Manual,Rear,4-5,Left wheel,Black,4,7840.0,-23084.200992082973
45815373,0,INFINITI,EX37,1994,Hatchback,Yes,Petrol,3.3,268905,6,Automatic,4x4,4-5,Left wheel,Black,2,31361.0,31360.99999999966
45815375,0,LEXUS,RX 300,2017,Jeep,Yes,Petrol,3.0 T,595572,6,Automatic,4x4,4-5,Left wheel,Silver,8,11917.0,23846.843556113687
45815376,0,NISSAN,Murano,2002,Jeep,Yes,CNG,3.5,312600,6,Automatic,4x4,4-5,Left wheel,Silver,8,20385.0,15846.500901836109
45815378,0,NISSAN,Quest,1995,Minivan,Yes,CNG,3.5,37807,6,Automatic,Front,>5,Left wheel,White,12,34497.0,20993.177643180417
45815382,1399,LEXUS,RX 350,2022,Jeep,Yes,Petrol,3.5,607000,6,Automatic,4x4,4-5,Left wheel,White,12,706.0,-2745.5122053380255
45815383,777,LEXUS,IS 250,2021,Sedan,Yes,Petrol,2.5,566500,6,Automatic,Rear,4-5,Left wheel,White,12,627.0,-6404.686768509051
45815386,1363,LEXUS,GX 460,2021,Jeep,Yes,Petrol,4.6,166513,8,Automatic,4x4,4-5,Left wheel,Black,12,627.0,33163.631941576605
45815400,649,RENAULT,Megane,2012,Universal,No,Diesel,1.5 T,532800,4,Manual,Front,4-5,Left wheel,Silver,4,10663.0,-9059.061010121499
45815412,781,TOYOTA,Camry,2018,Sedan,Yes,Hybrid,2.5,561900,4,Automatic,Front,4-5,Left wheel,Blue,12,5018.0,26612.014217673262
45815429,586,LEXUS,CT 200h,2022,Hatchback,Yes,Hybrid,1.8,798800,4,Automatic,Front,4-5,Left wheel,Silver,12,314.0,-8942.642357780744
45815460,1273,LEXUS,RX 350,2017,Jeep,Yes,Petrol,3.5,700800,6,Automatic,4x4,4-5,Left wheel,Black,12,3293.0,1533.9388297685582
45815484,1399,LEXUS,RX 350,2022,Jeep,Yes,Petrol,3.5,644000,6,Automatic,4x4,4-5,Left wheel,Grey,12,941.0,742.6144286211384
45815485,891,LEXUS,RC F,2020,Coupe,Yes,Petrol,2,591100,4,Automatic,Rear,2-3,Left wheel,White,12,3293.0,22008.40065291617
45815486,1399,LEXUS,RX 350,2020,Jeep,Yes,Petrol,3.5,699000,6,Automatic,4x4,4-5,Left wheel,Silver,12,549.0,-1923.0554168289636
45815499,1055,LEXUS,ES 350,2022,Sedan,Yes,Petrol,3.5,643700,6,Automatic,Front,4-5,Left wheel,White,12,1568.0,-2116.1519783685544
45815514,1356,LEXUS,LS 460,2022,Sedan,Yes,Petrol,4.6,538600,8,Automatic,Rear,4-5,Left wheel,Silver,12,627.0,1002.3859945978402
45815521,574,HONDA,Civic,2014,Sedan,Yes,Hybrid,1.3,567300,4,Automatic,Front,4-5,Left wheel,White,6,8781.0,-9959.833531754608
45815525,0,HONDA,FIT,2014,Hatchback,No,Petrol,1.5,447500,4,Tiptronic,4x4,4-5,Right-hand drive,White,2,7840.0,8325.015918203419
45815526,779,TOYOTA,Camry XLE,2001,Sedan,Yes,Hybrid,2.5,225400,4,Automatic,Front,4-5,Left wheel,Black,0,24148.0,23229.333274350654
45815529,645,TOYOTA,Prius,2006,Hatchback,No,Hybrid,1.8,412300,4,Variator,Front,4-5,Left wheel,Grey,4,15367.0,12384.67459835194
45815550,0,VOLKSWAGEN,Golf,2018,Hatchback,No,CNG,1.8,503000,4,Manual,Front,4-5,Left wheel,Silver,4,4391.0,-27748.644972020833
45815551,642,VOLKSWAGEN,Passat,2010,Sedan,Yes,Diesel,2.0 T,392400,4,Tiptronic,Front,4-5,Left wheel,Grey,12,11290.0,33831.59068997509
45815564,0,MERCEDES-BENZ,E 240,2014,Sedan,No,Petrol,2.4,225611,6,Manual,Rear,4-5,Left wheel,Black,4,9408.0,14720.004620895037
45815569,1347,FORD,Escape,2008,Jeep,No,Hybrid,2.5,532900,4,Variator,4x4,4-5,Left wheel,Blue,8,11917.0,23422.48074470931
45815671,0,SUBARU,Forester,2015,Hatchback,No,CNG,2,613200,4,Automatic,4x4,4-5,Right-hand drive,Silver,6,7213.0,-12113.970209235275
45815728,0,BMW,745 i,2014,Sedan,Yes,Petrol,4.4,392600,8,Tiptronic,Rear,4-5,Right-hand drive,Silver,12,10976.0,17855.966509603906
45815732,0,AUDI,A4 B6,2012,Sedan,Yes,Petrol,1.8 T,603300,4,Manual,4x4,4-5,Left wheel,Black,8,9408.0,9121.134296744634
45815755,0,MERCEDES-BENZ,Sprinter,1993,Microbus,No,Diesel,2.2 T,11013,4,Manual,Rear,4-5,Left wheel,White,2,37633.0,26561.86217177586
45815760,0,MERCEDES-BENZ,E 320,2021,Sedan,Yes,CNG,3.2,632738,6,Automatic,Rear,4-5,Left wheel,Black,6,7840.0,-23803.53592278887
45815776,0,TOYOTA,Prius,2022,Sedan,Yes,Hybrid,1.6,661585,4,Automatic,Front,4-5,Left wheel,White,12,30.0,-13010.329647560378
45815882,1111,HONDA,FIT,2015,Hatchback,No,Hybrid,1.3,557600,4,Automatic,Front,4-5,Right-hand drive,Silver,4,8154.0,-9095.760182430877
45815885,900,HYUNDAI,Sonata,2021,Sedan,Yes,Petrol,2.4,519648,4,Automatic,Front,4-5,Left wheel,Black,12,3293.0,5471.594912055742
45815887,1275,HYUNDAI,Sonata,2010,Sedan,Yes,Petrol,2.4,489900,4,Automatic,Front,4-5,Left wheel,Blue,12,10976.0,30945.492887885543
45815904,749,HYUNDAI,Sonata,2021,Sedan,Yes,Petrol,2.4,558500,4,Automatic,Front,4-5,Left wheel,Black,12,2195.0,5189.675497467288
45815909,1277,HYUNDAI,Sonata,2016,Sedan,Yes,Petrol,2.4,476900,4,Automatic,Front,4-5,Left wheel,White,12,2901.0,759.78458508923
45815957,640,HYUNDAI,Sonata,2017,Sedan,Yes,Petrol,2,529500,4,Automatic,Front,4-5,Left wheel,Silver,12,4391.0,8943.716420172499
45815967,1107,OPEL,Astra H,2009,Sedan,Yes,Diesel,1.7 T,335900,4,Manual,Front,4-5,Left wheel,Grey,12,10036.0,-313569.7858431367
45815969,751,HYUNDAI,Sonata,2019,Sedan,Yes,Petrol,2.4,585900,4,Automatic,Front,4-5,Left wheel,Grey,12,4077.0,4985.720101297662
45815973,642,HYUNDAI,Elantra,2020,Sedan,Yes,Petrol,2,538500,4,Automatic,Front,4-5,Left wheel,Blue,12,1254.0,52256.46803590309
45816005,753,HYUNDAI,Sonata,2020,Sedan,Yes,Hybrid,2.4,254565,4,Automatic,Front,4-5,Left wheel,White,12,4234.0,16048.37460489237
45816057,0,MERCEDES-BENZ,C 32 AMG,2010,Sedan,Yes,Petrol,3.2 T,498500,6,Tiptronic,Rear,4-5,Left wheel,Silver,8,15681.0,-9502.055786587516
45816060,697,HYUNDAI,Elantra,2021,Sedan,Yes,Petrol,1.8,578100,4,Automatic,Front,4-5,Left wheel,Black,12,4077.0,3718.845515662406
45816071,1079,HYUNDAI,Elantra,2017,Sedan,Yes,Petrol,2,668000,4,Automatic,Front,4-5,Left wheel,Grey,12,3293.0,19824.64920512418
45816074,639,HYUNDAI,Santa FE,2020,Jeep,Yes,Petrol,2,633800,4,Automatic,Front,4-5,Left wheel,White,12,2587.0,-16602.6230931335
45816082,585,HYUNDAI,Elantra,2015,Sedan,Yes,Petrol,1.8,649000,4,Automatic,Front,4-5,Left wheel,White,12,4234.0,-795.1330784884522
45816085,585,HYUNDAI,Elantra,2021,Hatchback,Yes,Petrol,1.8,657500,4,Automatic,Front,4-5,Left wheel,Blue,12,1254.0,24192.099104622732
45816090,753,HYUNDAI,Sonata,2021,Sedan,Yes,Petrol,2.4,628100,4,Automatic,Front,4-5,Left wheel,Blue,12,314.0,24329.205649228028
45816092,1621,HYUNDAI,Santa FE,2022,Jeep,Yes,Petrol,3.3,464200,6,Automatic,4x4,4-5,Left wheel,Silver,12,2901.0,-18770.105424999798
45816128,584,TOYOTA,Corolla,2001,Sedan,Yes,Petrol,1.8,268101,6,Tiptronic,Front,4-5,Left wheel,Black,10,23521.0,30186.85146161705
45816130,810,HYUNDAI,Elantra,2020,Sedan,Yes,Petrol,1.8,571200,4,Automatic,Front,4-5,Left wheel,Black,12,862.0,3302.8090055632347
45816144,0,MERCEDES-BENZ,ML 350,1995,Jeep,Yes,Diesel,3.0 T,89200,6,Tiptronic,4x4,4-5,Left wheel,Grey,12,36065.0,62907.037561358906
45816156,751,HYUNDAI,Sonata,2022,Sedan,Yes,Petrol,2.4,577700,4,Automatic,Front,4-5,Left wheel,Grey,12,549.0,3915.663663457006
45816162,639,HYUNDAI,Elantra,2017,Hatchback,Yes,Petrol,2,545929,4,Automatic,Front,4-5,Left wheel,Red,12,5331.0,23294.68092335219
45816164,749,HYUNDAI,Sonata,2022,Sedan,Yes,Petrol,2.4,786300,4,Automatic,Front,4-5,Left wheel,Silver,12,251.0,-7489.5432414979805
45816184,584,HYUNDAI,Elantra,2014,Sedan,No,Petrol,1.8,339700,4,Tiptronic,Front,4-5,Left wheel,Silver,0,12544.0,18430.96182048638
45816249,1301,BMW,X6,2007,Jeep,Yes,Petrol,4.4,304400,8,Automatic,4x4,4-5,Left wheel,Black,12,17876.0,23257.490006949964
45816274,1304,BMW,X6,2021,Jeep,Yes,Petrol,4.4,695000,8,Automatic,4x4,4-5,Left wheel,Black,12,627.0,-3469.396566721807
45816284,917,BMW,X5,2013,Jeep,Yes,Petrol,3,568000,6,Automatic,4x4,4-5,Left wheel,Black,12,13485.0,-6420.764561640259
45816285,1018,BMW,X5,2016,Jeep,Yes,Diesel,3,479200,6,Automatic,4x4,4-5,Left wheel,Black,12,10192.0,13421.390849387604
45816286,919,BMW,X5,2013,Jeep,Yes,Petrol,3,457600,6,Automatic,4x4,4-5,Left wheel,Black,12,11133.0,-857.0388802992602
45816307,917,BMW,X5,2021,Jeep,Yes,Petrol,3,557700,6,Automatic,4x4,4-5,Left wheel,Black,12,282.0,-9859.499646294636
45816312,917,BMW,X5,2017,Jeep,Yes,Petrol,3,638593,6,Automatic,4x4,4-5,Left wheel,Black,12,4391.0,-11972.583296474942
45816317,0,CADILLAC,DTS,2002,Sedan,Yes,Petrol,4.6,439300,8,Automatic,Front,4-5,Left wheel,White,10,21639.0,16595.794574706848
45816319,0,SUZUKI,Jimny,2011,Jeep,No,Petrol,1.3,489200,4,Manual,4x4,2-3,Left wheel,Green,4,12544.0,25046.513767794924
45816322,562,CHEVROLET,Cruze,2005,Sedan,Yes,Petrol,1.4 T,384000,4,Tiptronic,Rear,4-5,Left wheel,Silver,12,21953.0,9475.922285923132
45816333,893,HYUNDAI,I30,2014,Hatchback,No,Diesel,1.6,514700,4,Manual,Front,4-5,Left wheel,Black,8,11917.0,5238.324564672195
45816344,640,FORD,C-MAX,2004,Hatchback,Yes,Hybrid,2,462800,4,Tiptronic,Front,4-5,Left wheel,White,12,20385.0,12676.731754789915
45816345,0,OPEL,Vectra B,2016,Hatchback,No,Petrol,1.8,583700,4,Manual,Front,4-5,Left wheel,Green,2,4704.0,-8685.458919274446
45816374,1018,BMW,X5,2018,Jeep,Yes,Petrol,3,547200,6,Automatic,4x4,4-5,Left wheel,Grey,12,6272.0,-8754.825925840381
45816384,730,HYUNDAI,Tucson,2016,Jeep,Yes,Petrol,1.6,27000,4,Tiptronic,4x4,4-5,Left wheel,White,12,49237.0,-63180.14650903824
45816412,749,HYUNDAI,Sonata,2022,Sedan,Yes,Petrol,2.4,751800,4,Automatic,Front,4-5,Left wheel,Silver,12,157.0,-5743.909108422886
45816414,1202,HYUNDAI,Sonata,2022,Sedan,Yes,Petrol,2.4,777400,4,Automatic,Front,4-5,Left wheel,White,12,94.0,-16578.48035074699
45816461,0,HUMMER,H3,2003,Jeep,Yes,Petrol,3.5,135779,5,Automatic,4x4,4-5,Left wheel,Black,6,24618.0,47162.74157198374
45816476,0,MERCEDES-BENZ,S 350,2015,Sedan,Yes,Diesel,3.5 T,71500,6,Automatic,Rear,4-5,Left wheel,Black,16,130148.0,63193.60354073565
45816483,0,HYUNDAI,Elantra,2001,Sedan,Yes,Petrol,2,296100,4,Automatic,Front,4-5,Left wheel,Blue,6,29166.0,81450.5299773755
45816494,878,FORD,Transit Connect,2012,Goods wagon,No,Diesel,1.8 T,650800,4,Manual,Front,4-5,Left wheel,White,4,12544.0,-17691.886182076763
45816497,584,TOYOTA,Prius personna,2004,Hatchback,Yes,Petrol,1.8,382500,4,Variator,Front,4-5,Left wheel,White,7,22580.0,4759.445927122939
45816499,0,FORD,Transit,1991,Microbus,No,Diesel,2.5,0,4,Manual,Rear,2-3,Left wheel,White,1,4391.0,82813.79442189996
45816531,810,HYUNDAI,Elantra,2015,Sedan,Yes,Petrol,1.8,547628,4,Automatic,Front,4-5,Left wheel,Brown,12,7370.0,7816.0054887340575
45816547,1017,TOYOTA,CHR,1988,Jeep,No,Petrol,2,600,4,Automatic,Front,4-5,Left wheel,Black,12,45473.0,47631.983173028304
45816549,1079,HYUNDAI,Elantra,2017,Sedan,Yes,Petrol,2,575200,4,Automatic,Front,4-5,Left wheel,White,12,5645.0,19159.896038573468
45816573,891,HYUNDAI,Santa FE,2020,Jeep,Yes,Petrol,2,648400,4,Automatic,Front,4-5,Left wheel,Orange,12,188.0,-13391.089139676893
45816576,585,HYUNDAI,Elantra,2022,Sedan,Yes,Petrol,1.8,702600,4,Automatic,Front,4-5,Left wheel,Silver,12,706.0,-2484.591950271293
45816590,697,HYUNDAI,Elantra,2022,Sedan,Yes,Petrol,1.8,738200,4,Automatic,Front,4-5,Left wheel,Black,12,125.0,-4876.895751126947
45816609,0,LEXUS,CT 200h F SPORT,1996,Hatchback,Yes,Hybrid,1.8,80000,4,Tiptronic,Front,4-5,Left wheel,Black,10,31361.0,42342.29716656763
45816627,0,TOYOTA,Passo,2016,Hatchback,No,Petrol,1,499400,3,Automatic,Front,4-5,Right-hand drive,Yellow,4,6586.0,22023.157960930286
45816635,761,TOYOTA,Prius,2012,Hatchback,No,Hybrid,1.8,463200,4,Automatic,Front,4-5,Left wheel,White,12,13172.0,1018.1556864139784
45816638,528,FORD,Fiesta 1.6,2009,Hatchback,No,Petrol,1.6,390501,3,Automatic,Front,4-5,Left wheel,Grey,0,13799.0,-14871.55570315347
45816647,0,DODGE,Caliber,2009,Hatchback,No,Petrol,2,465400,4,Automatic,Front,>5,Left wheel,Golden,6,15053.0,7.209473614049784
